id,talep_metni,talep_turu,birim,modul,surec_talep_tipi,oncelik,cozum_onerisi,zorunlu_alanlar,netlestirme_sorusu
T-3001,"Rica etsem acil Dün akşam kapattığımda sorun yoktu ama bu sabah Kadıköy ofis'da bilgisayarım hiç tepki vermiyor, ekran simsiyah kalıyor. Bunun yanında Klavyem de arada tuş basmıyor, onu da kontrol ettirmek isterim",Hizmet Talebi (Service Request),Bilgi Teknolojileri,Donanım,Bilgisayar Arıza/Onarım,Yüksek,"{'cozum_basligi': 'Bilgisayar donanım arızası ilk müdahale', 'adimlar': ['Adım 1: Cihaz kapatılıp yeniden başlatılır, güç kablosu ve bağlantılar kontrol edilir.', 'Adım 2: Uzaktan tanı aracıyla donanım sağlık testi çalıştırılır.', 'Adım 3: Sorun devam ederse yerinde teknik destek için ticket açılır ve teknisyen yönlendirilir.'], 'self_service_uygun_mu': True}","['cihaz_seri_no', 'ofis_lokasyon', 'ariza_tanimi']","Cihazınız hiç açılmıyor mu yoksa açılıp kapanıyor mu, ayrıca cihazın seri numarasını paylaşabilir misiniz?"
T-3002,"Rica etsem acil Sibel Özdemir - çocuğumun sağlık sigortası kapsamına dahil edilmesini rica ederim, doğum belgesi ekte. Gerçekten çok sıkıntı oluyor, bir an önce ilgilenirseniz sevinirim.",Hizmet Talebi (Service Request),İnsan Kaynakları,Bordro & Özlük,ÖSS (Özel Sağlık Sigortası) Aile Kapsamı Ekleme,Yüksek,"{'cozum_basligi': 'Özel sağlık sigortasına aile bireyi ekleme süreci', 'adimlar': ['Adım 1: Eklenecek aile bireyinin kimlik bilgileri ve yakınlık derecesi (eş/çocuk) alınır.', 'Adım 2: Talep sigorta şirketine İK tarafından iletilir ve poliçe güncellemesi başlatılır.', 'Adım 3: Poliçe onayı sonrası yeni sağlık kartı çalışana/aile bireyine ulaştırılır.'], 'self_service_uygun_mu': False}","['ad_soyad', 'eklenecek_kisi_bilgisi', 'yakinlik_derecesi']","Eklemek istediğiniz kişi eşiniz mi çocuğunuz mu, kimlik bilgilerini paylaşabilir misiniz?"
T-3003,"Doğum iznime ne zaman başlamam gerekiyor, tahmini tarihim 5 Şubat.",Hizmet Talebi (Service Request),İnsan Kaynakları,İzin Yönetimi,Doğum/Analık İzni Talebi,Düşük,"{'cozum_basligi': 'Doğum/analık izni tanımlama süreci', 'adimlar': ['Adım 1: Doktor raporu ve tahmini/gerçek doğum tarihi talep edilir.', 'Adım 2: Yasal doğum öncesi 8 hafta - doğum sonrası 8 hafta izin süresi hesaplanır.', ""Adım 3: İzin süresi SGK'ya bildirilir ve bordro/İK sisteminde işlenir.""], 'self_service_uygun_mu': False}","['ad_soyad', 'tahmini_dogum_tarihi', 'doktor_raporu']","Tahmini doğum tarihiniz nedir, doktor raporunuzu paylaşabilir misiniz?"
T-3004,Yazici acilmiyor fisi taktmi yine olmadi,Hizmet Talebi (Service Request),İdari İşler,Ofis Ekipmanı,Yazıcı/Fotokopi Arıza Bildirimi,Orta,"{'cozum_basligi': 'Yazıcı/fotokopi arıza giderme', 'adimlar': ['Adım 1: Kağıt sıkışması, kapak açık kalması gibi görünür arızalar kontrol edilir.', 'Adım 2: Cihaz yeniden başlatılır ve sürücü/bağlantı ayarları kontrol edilir.', 'Adım 3: Sorun devam ederse teknik servis çağrısı için ticket açılır.'], 'self_service_uygun_mu': True}","['yazici_lokasyon', 'hata_kodu']","Yazıcı hiç çalışmıyor mu, kağıt mı sıkıştı yoksa çıktı kalitesi mi kötü?"
T-3005,Yeni bilgisayarımda şifremi değiştirmem gerekiyor ama sistem kabul etmiyor.,Hizmet Talebi (Service Request),Bilgi Teknolojileri,Güvenlik ve Erişim,Şifre Sıfırlama,Düşük,"{'cozum_basligi': 'Şifre sıfırlama işlemi', 'adimlar': ['Adım 1: Kimlik doğrulama (çalışan sicil no / kayıtlı e-posta) yapılır.', 'Adım 2: Self servis şifre sıfırlama portalı üzerinden geçici şifre oluşturulur.', 'Adım 3: Portal üzerinden çözülemiyorsa IT güvenlik ekibi manuel sıfırlama için ticket açar.'], 'self_service_uygun_mu': True}","['kullanici_adi', 'sicil_no', 'sistem_adi']",Şifrenizi mi unuttunuz yoksa hesabınız mı kilitlendi?
T-3006,"Çok acil, SAP şifremi unuttum, sıfırlama linki de gelmiyor mailime.",Hizmet Talebi (Service Request),Bilgi Teknolojileri,Güvenlik ve Erişim,Şifre Sıfırlama,Yüksek,"{'cozum_basligi': 'Şifre sıfırlama işlemi', 'adimlar': ['Adım 1: Kimlik doğrulama (çalışan sicil no / kayıtlı e-posta) yapılır.', 'Adım 2: Self servis şifre sıfırlama portalı üzerinden geçici şifre oluşturulur.', 'Adım 3: Portal üzerinden çözülemiyorsa IT güvenlik ekibi manuel sıfırlama için ticket açar.'], 'self_service_uygun_mu': True}","['kullanici_adi', 'sicil_no', 'sistem_adi']",Şifrenizi mi unuttunuz yoksa hesabınız mı kilitlendi?
T-3007,"Çok acil, Otel faturamı kaybettim, otel tekrar gönderebilir mi yoksa beyan mı yapmam lazım? Teşekkür ederim şimdiden.",Hizmet Talebi (Service Request),Finans,Masraf & Ödeme,Harcama Fişi Kayıp Beyanı,Düşük,"{'cozum_basligi': 'Kayıp harcama fişi beyan ve alternatif belge süreci', 'adimlar': ['Adım 1: Kayıp fiş beyan formu doldurulur, harcama tutarı ve tarihi beyan edilir.', 'Adım 2: Mümkünse kredi kartı ekstresi/dekont gibi alternatif kanıt belgesi talep edilir.', 'Adım 3: Finans ekibi beyanı değerlendirip onaylarsa masraf formu istisnai olarak işleme alınır.'], 'self_service_uygun_mu': False}","['ad_soyad', 'harcama_tutari', 'harcama_tarihi', 'kayip_beyani_gerekcesi']",Fişi kaybettiğinize göre elinizde kredi kartı ekstresi gibi tutarı doğrulayacak başka bir belge var mı?
T-3008,"Uğur - klavyemde bazı tuşlar basmıyor, özellikle boşluk tuşu.",Arıza (Incident),Bilgi Teknolojileri,Donanım,Monitör/Çevre Birimi Arızası,Orta,"{'cozum_basligi': 'Monitör/çevre birimi arıza tespiti', 'adimlar': ['Adım 1: Kablo bağlantıları (HDMI/VGA/güç) ve monitör güç düğmesi kontrol edilir.', 'Adım 2: Farklı bir kablo veya port ile test yapılır.', 'Adım 3: Arıza devam ediyorsa cihaz değişimi için IT saha ekibine ticket açılır.'], 'self_service_uygun_mu': True}","['cihaz_turu', 'kullanici_adi', 'ofis_lokasyon']","Sorun hangi çevre biriminde: monitör, klavye, mouse yoksa yazıcı mı?"
T-3009,"Eşim doğum yapacak yakında, babalık iznimi ayarlamak istiyorum.",Hizmet Talebi (Service Request),İnsan Kaynakları,İzin Yönetimi,Babalık İzni Talebi,Orta,"{'cozum_basligi': 'Babalık izni tanımlama süreci', 'adimlar': ['Adım 1: Doğum tarihi ve doğum belgesi/raporu talep edilir.', 'Adım 2: Yasal 5 günlük babalık izni sisteme tanımlanır.', 'Adım 3: İzin yöneticiye bilgi amaçlı bildirilir ve takvime işlenir.'], 'self_service_uygun_mu': False}","['ad_soyad', 'dogum_tarihi', 'izin_baslangic_tarihi']","Bebeğinizin doğum tarihi nedir, izninizi doğumdan itibaren mi başlatmak istersiniz?"
T-3010,Koltugum yukseklik ayari bozuldu surekli asagi iniyor,Arıza (Incident),İdari İşler,Bina/Tesis Bakım,Ofis Mobilya Arızası (Ergonomik Masa/Koltuk),Orta,"{'cozum_basligi': 'Ergonomik mobilya arıza/bakım süreci', 'adimlar': ['Adım 1: Arızanın türü (mekanizma, yükseklik ayarı, tekerlek vb.) tespit edilir.', 'Adım 2: Bina bakım ekibi basit onarımı yerinde dener.', 'Adım 3: Onarılamıyorsa parça değişimi veya mobilya değişimi için satınalma sürecine yönlendirilir.'], 'self_service_uygun_mu': False}","['mobilya_turu', 'ofis_lokasyon', 'ariza_tanimi']","Koltuğunuzda mı yoksa masanızda mı sorun var, tam olarak ne arızalandı?"
T-3011,"Röportaj için basın mensubu geliyor 2 Nisan, güvenlik onayı gerekiyor.",Hizmet Talebi (Service Request),İdari İşler,Güvenlik & Ulaşım,Ziyaretçi Giriş Talebi,Orta,"{'cozum_basligi': 'Ziyaretçi giriş kaydı oluşturma', 'adimlar': ['Adım 1: Ziyaretçi bilgileri (ad soyad, TC/kimlik, ziyaret amacı) alınır.', 'Adım 2: Güvenlik birimine ziyaret tarihi ve saati bildirilir.', 'Adım 3: Ziyaretçi giriş gününde resepsiyonda kayıt yapılıp kartı teslim edilir.'], 'self_service_uygun_mu': False}","['ziyaretci_ad_soyad', 'ziyaret_tarihi_saati', 'ziyaret_edilen_kisi']","Ziyaretçinin adı, ziyaret tarihi/saati ve kimi ziyaret edeceği bilgisini alabilir miyim?"
T-3012,"Çok acil, Ugur Yildiz - Mavi Lojistik Ltd. ile yil sonu mtabakati yapmamiz gerekiyor, bakiyeler tutmuyor.",Hizmet Talebi (Service Request),Finans,Masraf & Ödeme,Tedarikçi IBAN/Vade Mutabakatı,Orta,"{'cozum_basligi': 'Tedarikçi IBAN/vade mutabakat süreci', 'adimlar': ['Adım 1: Tedarikçinin sistemde kayıtlı IBAN ve vade koşulları kontrol edilir.', 'Adım 2: Tedarikçiden güncel IBAN/vade bilgisini teyit eden resmi yazı istenir.', 'Adım 3: Bilgiler güncellendikten sonra mutabakat formu karşılıklı imzalanarak kapatılır.'], 'self_service_uygun_mu': False}","['tedarikci_adi', 'vade_gun_sayisi']",Tedarikçinin IBAN bilgisi mi değişti yoksa vade koşullarında bir anlaşmazlık mı var?
T-3013,"Nihan Aktaş - soyadım resmi olarak değişti, bordro ve mail imzamda da güncellenmesi lazım.",Hizmet Talebi (Service Request),İnsan Kaynakları,Bordro & Özlük,Soyadı Değişikliği,Düşük,"{'cozum_basligi': 'Soyadı değişikliği kayıt güncelleme süreci', 'adimlar': ['Adım 1: Nüfus cüzdanı/kimlik belgesinin güncel hali çalışandan talep edilir.', 'Adım 2: İK sistemi, bordro sistemi ve e-posta imzası gibi tüm kayıtlarda soyadı güncellenir.', 'Adım 3: Güncelleme tamamlandığında çalışana ve ilgili birimlere (IT, muhasebe) bilgi verilir.'], 'self_service_uygun_mu': False}","['ad_soyad', 'eski_soyad', 'yeni_kimlik_belgesi']","Yeni kimlik belgenizi paylaşabilir misiniz, hangi sistemlerde güncelleme yapmamızı istersiniz?"
T-3014,"Çok acil, CRM uzerinden musteri kaydi cekerken sistem timeout hatasi veriyor. Teşekkür ederim şimdiden.",Arıza (Incident),Bilgi Teknolojileri,Sunucu/Sistem,Veritabanı Erişim Hatası,Yüksek,"{'cozum_basligi': 'Veritabanı erişim hatası çözümü', 'adimlar': ['Adım 1: Kullanıcının veritabanı bağlantı ayarları ve yetkileri kontrol edilir.', 'Adım 2: Veritabanı servisinin çalışır durumda olup olmadığı sistem ekibince doğrulanır.', 'Adım 3: Yetki/bağlantı sorunu devam ediyorsa veritabanı yöneticisine (DBA) ticket yönlendirilir.'], 'self_service_uygun_mu': False}","['uygulama_adi', 'hata_kodu', 'erisim_zamani']",Bu hata sadece sizde mi oluşuyor yoksa tüm ekipte mi?
T-3015,"Fatura odemesi ne zaman yapilacak vadesi gecti sanirim Gerçekten çok sıkıntı oluyor, bir an önce ilgilenirseniz sevinirim.",Hizmet Talebi (Service Request),Finans,Masraf & Ödeme,Fatura Ödeme Takibi,Yüksek,"{'cozum_basligi': 'Fatura ödeme durumu takibi', 'adimlar': ['Adım 1: Fatura numarası ile muhasebe/ERP sisteminde ödeme kaydı sorgulanır.', 'Adım 2: Ödeme planlanan tarih ve onay durumu kontrol edilir.', 'Adım 3: Gecikme varsa ödeme sorumlusuna hatırlatma yapılır ve tedarikçiye bilgi verilir.'], 'self_service_uygun_mu': True}","['fatura_no', 'vade_tarihi']","Faturanın vade tarihi geçti mi, ne kadar süredir bekliyor?"
T-3016,"Derya Yılmaz - seyahat masraf formum reddedildi ama sebep yazmıyor, öğrenebilir miyim?",Hizmet Talebi (Service Request),Finans,Masraf & Ödeme,Masraf/Harcama Formu Onayı,Orta,"{'cozum_basligi': 'Masraf/harcama formu onay süreci takibi', 'adimlar': ['Adım 1: Formun onay akışındaki mevcut adımı (yönetici/finans) sistemden kontrol edilir.', 'Adım 2: Bekleyen onaycıya hatırlatma bildirimi gönderilir.', 'Adım 3: Onay gecikmesi devam ederse finans ekibi manuel müdahale için ticket açar.'], 'self_service_uygun_mu': True}","['ad_soyad', 'harcama_tarihi', 'tutar']",Formun numarasını veya harcama tutarını paylaşabilir misiniz?
T-3017,"Tedarikçimiz ödeme yapılmadığını söylüyor ama sistemde 'ödendi' göörünüyor, tutarsızlık var.",Bilgi Talebi (Information),Finans,Masraf & Ödeme,Fatura Ödeme Takibi,Yüksek,"{'cozum_basligi': 'Fatura ödeme durumu takibi', 'adimlar': ['Adım 1: Fatura numarası ile muhasebe/ERP sisteminde ödeme kaydı sorgulanır.', 'Adım 2: Ödeme planlanan tarih ve onay durumu kontrol edilir.', 'Adım 3: Gecikme varsa ödeme sorumlusuna hatırlatma yapılır ve tedarikçiye bilgi verilir.'], 'self_service_uygun_mu': True}","['fatura_no', 'vade_tarihi']",Fatura numarasını ve tedarikçi firma adını paylaşabilir misiniz?
T-3018,"Çok acil, Murat Çelik - bireysel emeklilik katki payimi degistirmek istiyorum, formu nereden alabilriim? İşlerim çok aksıyor, acil çözüm bekliyorum.",Hizmet Talebi (Service Request),İnsan Kaynakları,Bordro & Özlük,BES (Bireysel Emeklilik) Kesintisi Talebi,Orta,"{'cozum_basligi': 'BES kesinti oranı/katılım işlemi düzenleme', 'adimlar': ['Adım 1: Çalışanın mevcut BES katılım durumu ve kesinti oranı sistemden kontrol edilir.', 'Adım 2: Talep edilen değişiklik (katılım, çıkış, oran güncelleme) BES şirketine iletilir.', 'Adım 3: Onay sonrası bordro kesinti kalemi güncellenir ve çalışana bilgi verilir.'], 'self_service_uygun_mu': False}","['ad_soyad', 'talep_turu', 'yeni_kesinti_orani']",BES'ten çıkmak mı istiyorsunuz yoksa kesinti oranınızı mı değiştirmek istiyorsunuz?
T-3019,Kalite'a yeni katılan arkadaşımız için tüm erişimlerin tanımlanması lazım.,Hizmet Talebi (Service Request),Bilgi Teknolojileri,Güvenlik ve Erişim,Yeni Kullanıcı Hesabı,Yüksek,"{'cozum_basligi': 'Yeni kullanıcı hesabı açma süreci', 'adimlar': [""Adım 1: İK'dan işe giriş onayı ve pozisyon bilgisi teyit edilir."", 'Adım 2: Aktif Dizin üzerinde hesap oluşturulur ve gerekli grup üyelikleri tanımlanır.', 'Adım 3: E-posta ve sistem erişim bilgileri ilk giriş kılavuzuyla birlikte iletilir.'], 'self_service_uygun_mu': False}","['ad_soyad', 'yonetici_adi', 'gerekli_sistemler']",Bu hesap hangi pozisyon için açılacak ve yöneticisi kim olacak?
T-3020,Toner bitti acil 5. kat açık ofis,Hizmet Talebi (Service Request),İdari İşler,Ofis Ekipmanı,Toner/Kartuş Talebi,Düşük,"{'cozum_basligi': 'Toner/kartuş temin süreci', 'adimlar': ['Adım 1: Depo stok durumu kontrol edilir.', 'Adım 2: Uygun toner/kartuş belirtilen yazıcı lokasyonuna teslim edilir.', 'Adım 3: Stokta bulunmuyorsa satınalma süreci tetiklenir ve tahmini teslim süresi bildirilir.'], 'self_service_uygun_mu': False}","['yazici_lokasyon', 'yazici_marka_model', 'toner_kartus_kodu']","Yazıcının marka ve modeli nedir, doğru toner kodunu belirleyebilmemiz için gerekli?"
T-3021,"Volkan Aktaş - soyadım resmi olarak değişti, bordro ve mail imzamda da güncellenmesi lazım.",Hizmet Talebi (Service Request),İnsan Kaynakları,Bordro & Özlük,Soyadı Değişikliği,Orta,"{'cozum_basligi': 'Soyadı değişikliği kayıt güncelleme süreci', 'adimlar': ['Adım 1: Nüfus cüzdanı/kimlik belgesinin güncel hali çalışandan talep edilir.', 'Adım 2: İK sistemi, bordro sistemi ve e-posta imzası gibi tüm kayıtlarda soyadı güncellenir.', 'Adım 3: Güncelleme tamamlandığında çalışana ve ilgili birimlere (IT, muhasebe) bilgi verilir.'], 'self_service_uygun_mu': False}","['ad_soyad', 'eski_soyad', 'yeni_kimlik_belgesi']","Yeni kimlik belgenizi paylaşabilir misiniz, hangi sistemlerde güncelleme yapmamızı istersiniz?"
T-3022,"İkinci bir monitör talep ediyorum, ekran paylaşımlı çalışıyorum çoğunlukla.",Hizmet Talebi (Service Request),Bilgi Teknolojileri,Donanım,Yeni Ekipman Kurulumu,Orta,"{'cozum_basligi': 'Yeni donanım ekipmanı kurulum süreci', 'adimlar': ['Adım 1: Talep, envanter ve bütçe onayı için yöneticiye/IT sorumlusuna iletilir.', 'Adım 2: Uygun ekipman depo stoğundan veya satın alma sürecinden temin edilir.', 'Adım 3: Kurulum IT saha ekibi tarafından belirlenen tarihte yerinde gerçekleştirilir.'], 'self_service_uygun_mu': False}","['ekipman_turu', 'departman', 'teslim_tarihi']",Yeni işe başlayan biri için mi yoksa mevcut ekipmanın değişimi için mi bu talep?
T-3023,"Çok acil, Ofisimizdeki koltuklar çok eskidi, ekip olarak değişim talep ediyoruz.",Hizmet Talebi (Service Request),İdari İşler,Satınalma/Malzeme,Ofis Mobilya Değişimi,Orta,"{'cozum_basligi': 'Ofis mobilyası değişim süreci', 'adimlar': ['Adım 1: Mevcut mobilyanın durumu değerlendirilir ve değişim gerekçesi kaydedilir.', 'Adım 2: Bütçe/onay süreci tamamlandıktan sonra satınalma talebi açılır.', 'Adım 3: Yeni mobilya teslim alınıp kurulumu yapılır, eski mobilya değişim için alınır.'], 'self_service_uygun_mu': False}","['mobilya_turu', 'ofis_lokasyon', 'degisim_gerekcesi']",Hangi mobilyanın değişmesini istiyorsunuz ve mevcut olanın sorunu nedir?
T-3024,"Hukuk için dosya, zımba teli ve post-it talep ediyoruz.",Hizmet Talebi (Service Request),İdari İşler,Satınalma/Malzeme,Kırtasiye Malzeme Talebi,Orta,"{'cozum_basligi': 'Kırtasiye malzeme temini', 'adimlar': ['Adım 1: Talep departman yöneticisi onayına iletilir.', 'Adım 2: Depo stoğundan malzemeler hazırlanır.', 'Adım 3: Malzemeler belirtilen teslimat lokasyonuna gönderilir.'], 'self_service_uygun_mu': False}","['malzeme_listesi_miktar', 'departman', 'teslimat_lokasyonu']","Hangi malzemelerden ne miktarda ihtiyacınız var, liste hâlinde belirtebilir misiniz?"
T-3025,"Lütfen acil 3. kat lambaları yanmıyor, ofis çok karanlık kaldı. Teşekkür ederim şimdiden.",Arıza (Incident),İdari İşler,Bina/Tesis Bakım,Elektrik/Aydınlatma Arızası,Yüksek,"{'cozum_basligi': 'Elektrik/aydınlatma arıza giderme', 'adimlar': ['Adım 1: Sigorta atmış mı, ampul/armatür arızalı mı kontrol edilir.', 'Adım 2: Bina teknik ekibi lokasyona yönlendirilir.', 'Adım 3: Kalıcı çözüm için gerekiyorsa dış elektrik servisi çağrılır.'], 'self_service_uygun_mu': False}","['ofis_lokasyon', 'ariza_tanimi', 'aciliyet_durumu']",Sorun tüm katta mı yoksa belirli bir bölgede/masada mı yaşanıyor?
T-3026,"Evlilik sonrası soyadım değişti, kayıtların güncellenmesi gerekiyor.",Hizmet Talebi (Service Request),İnsan Kaynakları,Bordro & Özlük,Soyadı Değişikliği,Orta,"{'cozum_basligi': 'Soyadı değişikliği kayıt güncelleme süreci', 'adimlar': ['Adım 1: Nüfus cüzdanı/kimlik belgesinin güncel hali çalışandan talep edilir.', 'Adım 2: İK sistemi, bordro sistemi ve e-posta imzası gibi tüm kayıtlarda soyadı güncellenir.', 'Adım 3: Güncelleme tamamlandığında çalışana ve ilgili birimlere (IT, muhasebe) bilgi verilir.'], 'self_service_uygun_mu': False}","['ad_soyad', 'eski_soyad', 'yeni_kimlik_belgesi']","Yeni kimlik belgenizi paylaşabilir misiniz, hangi sistemlerde güncelleme yapmamızı istersiniz?"
T-3027,"Volkan Aktaş - 5 günlük sağlık raporum var, işe döndüğümde bir evrak getirmem gerekiyor mu?",Bilgi Talebi (Information),İnsan Kaynakları,İzin Yönetimi,Sağlık Raporu/İstirahat Bildirimi,Orta,"{'cozum_basligi': 'Sağlık raporu/istirahat bildirimi işleme süreci', 'adimlar': [""Adım 1: Rapor e-Nabız/hastane sisteminden veya elden İK'ya iletilir."", 'Adım 2: Rapor süresi SGK sistemine ve bordroya işlenir.', 'Adım 3: Yöneticiye çalışanın izinli/raporlu olduğu bilgisi iletilir.'], 'self_service_uygun_mu': True}","['ad_soyad', 'rapor_baslangic_bitis_tarihi', 'rapor_belgesi']",Raporunuz kaç gün ve e-Nabız üzerinden mi yoksa elden mi ileteceksiniz?
T-3028,"İrem Kurt - proje icni 5.000 TL avansa ihtiyacim var, acil onay rica ederim.",Hizmet Talebi (Service Request),Finans,Masraf & Ödeme,Avans Talebi,Orta,"{'cozum_basligi': 'Avans talebi işleme süreci', 'adimlar': ['Adım 1: Avans talebi tutarı ve gerekçesi (seyahat/proje) kaydedilir.', 'Adım 2: Yönetici ve finans onayına gönderilir.', 'Adım 3: Onay sonrası avans, belirtilen banka hesabına aktarılır.'], 'self_service_uygun_mu': False}","['ad_soyad', 'tutar', 'gerekce', 'seyahat_tarihi']",Avans hangi seyahat/proje için ve ne kadar tutar için gerekiyor?
T-3029,"Yeni adresim için uygun bir servis hattı var mı acaba, bilgi alabilir miyim?",Hizmet Talebi (Service Request),İdari İşler,Güvenlik & Ulaşım,Servis Güzergah Talebi,Yüksek,"{'cozum_basligi': 'Personel servis güzergahı düzenleme', 'adimlar': ['Adım 1: Talep edilen adres mevcut güzergahlara uygunluk açısından incelenir.', 'Adım 2: Ulaşım/idari işler ekibi güzergah planlamasını günceller.', 'Adım 3: Yeni güzergah bilgisi çalışana ve servis şoförüne iletilir.'], 'self_service_uygun_mu': False}","['ev_adresi', 'mevcut_hat_no', 'talep_turu']",Mevcut servis güzergahınızda mı değişiklik istiyorsunuz yoksa yeni bir durak mı ekleniyor?
T-3030,"Rica etsem acil ÖSS ye es ekleme yapmak istiyorum evlendik yeni Bu konuda epeydir mağdurum, lütfen hızlı dönüş yapar mısınız?",Hizmet Talebi (Service Request),İnsan Kaynakları,Bordro & Özlük,ÖSS (Özel Sağlık Sigortası) Aile Kapsamı Ekleme,Düşük,"{'cozum_basligi': 'Özel sağlık sigortasına aile bireyi ekleme süreci', 'adimlar': ['Adım 1: Eklenecek aile bireyinin kimlik bilgileri ve yakınlık derecesi (eş/çocuk) alınır.', 'Adım 2: Talep sigorta şirketine İK tarafından iletilir ve poliçe güncellemesi başlatılır.', 'Adım 3: Poliçe onayı sonrası yeni sağlık kartı çalışana/aile bireyine ulaştırılır.'], 'self_service_uygun_mu': False}","['ad_soyad', 'eklenecek_kisi_tc', 'poliçe_baslangic_tarihi']","Eklemek istediğiniz kişi eşiniz mi çocuğunuz mu, kimlik bilgilerini paylaşabilir misiniz?"
T-3031,"CRM sistemine yeni giriş yetkisi verilmesi gerekiyor, yöneticim Gizem Yıldız onaylayabilir.",Hizmet Talebi (Service Request),Bilgi Teknolojileri,Güvenlik ve Erişim,Sistem/Klasör Yetki Talebi,Düşük,"{'cozum_basligi': 'Sistem/klasör yetki tanımlama süreci', 'adimlar': ['Adım 1: Talep, ilgili departman yöneticisinin onayına gönderilir.', 'Adım 2: Onay sonrası erişim, en az yetki prensibiyle tanımlanır.', 'Adım 3: Yetki tanımlandıktan sonra kullanıcıya bilgilendirme yapılır ve ticket kapatılır.'], 'self_service_uygun_mu': False}","['kullanici_adi', 'klasor_sistem_adi', 'yonetici_onayi']",Okuma yetkisi mi yoksa yazma/düzenleme yetkisi mi gerekiyor?
T-3032,Serkan Kara - yöneticim departman değiştirdi ama sistemde hâlâ eski yöneticim onaycı olarak görünüyor.,Arıza (Incident),Finans,Masraf & Ödeme,Onay Akışında Yönetici Görünmüyor Sorunu,Yüksek,"{'cozum_basligi': 'Onay akışı yönetici ataması düzeltme süreci', 'adimlar': ['Adım 1: Organizasyon şemasında çalışanın tanımlı yöneticisi sistemden kontrol edilir.', 'Adım 2: Yönetici ayrılmış/değişmiş ise onay akışı güncel yöneticiye yeniden atanır.', 'Adım 3: Bekleyen tüm formlar yeni onay akışına manuel olarak yönlendirilir.'], 'self_service_uygun_mu': False}","['ad_soyad', 'form_no', 'eski_yonetici', 'yeni_yonetici']",Onay akışında hangi form takılı kaldı ve eski yöneticiniz mi hâlâ sistemde görünüyor?
T-3033,"Volkan Aktaş - SGK giriş belgemi mail atabilir misiniz, kredi başvurusu için lazım.",Hizmet Talebi (Service Request),İnsan Kaynakları,Bordro & Özlük,SGK Giriş/Çıkış Evrakı Talebi,Orta,"{'cozum_basligi': 'SGK giriş/çıkış evrakı düzenleme', 'adimlar': ['Adım 1: Talep edilen belgenin türü (işe giriş bildirgesi/işten ayrılış bildirgesi) teyit edilir.', 'Adım 2: SGK e-Bildirge sisteminden ilgili belge sorgulanır ve çıktısı alınır.', 'Adım 3: Belge onaylanıp çalışana e-posta veya elden iletilir.'], 'self_service_uygun_mu': False}","['ad_soyad', 'sicil_no', 'belge_turu', 'kullanim_amaci']","İşe giriş bildirgesi mi yoksa işten ayrılış bildirgesi mi gerekiyor, hangi amaçla kullanılacak?"
T-3034,İkinci monitörüm titreşim yapıyor ve renkler bozuk çıkıyor. Hem de Bir de mouse'um da bazen donuyor,Arıza (Incident),Bilgi Teknolojileri,Donanım,Monitör/Çevre Birimi Arızası,Düşük,"{'cozum_basligi': 'Monitör/çevre birimi arıza tespiti', 'adimlar': ['Adım 1: Kablo bağlantıları (HDMI/VGA/güç) ve monitör güç düğmesi kontrol edilir.', 'Adım 2: Farklı bir kablo veya port ile test yapılır.', 'Adım 3: Arıza devam ediyorsa cihaz değişimi için IT saha ekibine ticket açılır.'], 'self_service_uygun_mu': True}","['cihaz_turu', 'ofis_lokasyon', 'seri_no']",Ekranda hiç görüntü mü yok yoksa titreme/renk bozukluğu mu var?
T-3035,"Acilen Eşimi özel sağlık sigortama eklettirmek istiyorum, ne yapmam gerekiyor?",Hizmet Talebi (Service Request),İnsan Kaynakları,Bordro & Özlük,ÖSS (Özel Sağlık Sigortası) Aile Kapsamı Ekleme,Düşük,"{'cozum_basligi': 'Özel sağlık sigortasına aile bireyi ekleme süreci', 'adimlar': ['Adım 1: Eklenecek aile bireyinin kimlik bilgileri ve yakınlık derecesi (eş/çocuk) alınır.', 'Adım 2: Talep sigorta şirketine İK tarafından iletilir ve poliçe güncellemesi başlatılır.', 'Adım 3: Poliçe onayı sonrası yeni sağlık kartı çalışana/aile bireyine ulaştırılır.'], 'self_service_uygun_mu': False}","['ad_soyad', 'eklenecek_kisi_tc', 'poliçe_baslangic_tarihi']","Eklemek istediğiniz kişi eşiniz mi çocuğunuz mu, kimlik bilgilerini paylaşabilir misiniz?"
T-3036,13.957 TL avans talep ediyorum 3 Şubat seyahati için.,Hizmet Talebi (Service Request),Finans,Masraf & Ödeme,Avans Talebi,Düşük,"{'cozum_basligi': 'Avans talebi işleme süreci', 'adimlar': ['Adım 1: Avans talebi tutarı ve gerekçesi (seyahat/proje) kaydedilir.', 'Adım 2: Yönetici ve finans onayına gönderilir.', 'Adım 3: Onay sonrası avans, belirtilen banka hesabına aktarılır.'], 'self_service_uygun_mu': False}","['ad_soyad', 'tutar', 'gerekce', 'seyahat_tarihi']",Avans hangi seyahat/proje için ve ne kadar tutar için gerekiyor?
T-3037,"Çok acil, Seyahat sırasında fişimi kaybettim, harcamamı nasıl beyan edebilirim?",Hizmet Talebi (Service Request),Finans,Masraf & Ödeme,Harcama Fişi Kayıp Beyanı,Orta,"{'cozum_basligi': 'Kayıp harcama fişi beyan ve alternatif belge süreci', 'adimlar': ['Adım 1: Kayıp fiş beyan formu doldurulur, harcama tutarı ve tarihi beyan edilir.', 'Adım 2: Mümkünse kredi kartı ekstresi/dekont gibi alternatif kanıt belgesi talep edilir.', 'Adım 3: Finans ekibi beyanı değerlendirip onaylarsa masraf formu istisnai olarak işleme alınır.'], 'self_service_uygun_mu': False}","['ad_soyad', 'harcama_tutari', 'harcama_tarihi', 'kayip_beyani_gerekcesi']",Fişi kaybettiğinize göre elinizde kredi kartı ekstresi gibi tutarı doğrulayacak başka bir belge var mı?
T-3038,7.442 TL tutarindaki harcama formum 2 gundur beklmeede.,Arıza (Incident),Finans,Masraf & Ödeme,Masraf/Harcama Formu Onayı,Düşük,"{'cozum_basligi': 'Masraf/harcama formu onay süreci takibi', 'adimlar': ['Adım 1: Formun onay akışındaki mevcut adımı (yönetici/finans) sistemden kontrol edilir.', 'Adım 2: Bekleyen onaycıya hatırlatma bildirimi gönderilir.', 'Adım 3: Onay gecikmesi devam ederse finans ekibi manuel müdahale için ticket açar.'], 'self_service_uygun_mu': True}","['form_no', 'tutar', 'onay_bekleyen_kisi']",Formun numarasını veya harcama tutarını paylaşabilir misiniz?
T-3039,Coklu para birimi faturasi girerken sistem hata veriyor,Hizmet Talebi (Service Request),Finans,Masraf & Ödeme,Çoklu Para Birimli Fatura Girişi,Düşük,"{'cozum_basligi': 'Çoklu para birimli fatura giriş desteği', 'adimlar': ['Adım 1: Faturanın orijinal para birimi ve tutarı doğrulanır.', 'Adım 2: ERP sisteminde ilgili para birimi tanımlı değilse muhasebe sistem ekibi tanımlama yapar.', 'Adım 3: Fatura, güncel kur ile TL karşılığı hesaplanarak sisteme işlenir.'], 'self_service_uygun_mu': False}","['fatura_no', 'tedarikci_adi', 'para_birimi', 'tutar']",Faturanın para birimi nedir (USD/EUR/GBP) ve sistemde bu para birimiyle giriş yapabiliyor musunuz?
T-3040,Mutfakta lavabo tikandi su bosalmiyor,Hizmet Talebi (Service Request),İdari İşler,Bina/Tesis Bakım,Bina İçi Teknik Bakım Talebi,Yüksek,"{'cozum_basligi': 'Genel bina içi teknik bakım süreci', 'adimlar': ['Adım 1: Talep bina teknik bakım ekibine iletilir ve önceliklendirilir.', 'Adım 2: Uygun teknisyen belirlenen lokasyona yönlendirilir.', 'Adım 3: Bakım/onarım tamamlandıktan sonra talep sahibine bilgi verilir.'], 'self_service_uygun_mu': False}","['ofis_lokasyon', 'sorun_tanimi', 'uygun_zaman_araligi']","Sorun tam olarak nedir ve hangi alanda (kapı, su tesisatı, asansör vb.) yaşanıyor?"
T-3041,Acilen Murat Çetin - fatura EUR olarak kesildi ama TL'ye çevrilirken güncel kur kullanılmamış sanırım.,Bilgi Talebi (Information),Finans,Masraf & Ödeme,Döviz Kuru Farkı/Uyumsuzluğu,Orta,"{'cozum_basligi': 'Döviz kuru farkı/uyumsuzluğu inceleme süreci', 'adimlar': ['Adım 1: Harcama tarihindeki resmi TCMB kuru ile sistemde kullanılan kur karşılaştırılır.', 'Adım 2: Fark tespit edilirse hangi kur kaynağının kullanıldığı muhasebe ile teyit edilir.', 'Adım 3: Hatalı hesaplama varsa düzeltme kaydı oluşturulur ve fark tazmin edilir.'], 'self_service_uygun_mu': False}","['ad_soyad', 'harcama_tarihi', 'doviz_tutar', 'kullanilan_kur']","Harcamanızın tarihini ve hangi döviz cinsinden olduğunu paylaşabilir misiniz, hangi kur baz alınmış görüyorsunuz?"
T-3042,Isitma sistemi calismiyor ofis buz gibi bu sabahtan beri,Arıza (Incident),İdari İşler,Bina/Tesis Bakım,Klima/Isıtma Arızası,Düşük,"{'cozum_basligi': 'Klima/ısıtma sistemi arıza giderme', 'adimlar': ['Adım 1: Termostat ayarları ve cihazın açık olup olmadığı kontrol edilir.', 'Adım 2: Bina teknik ekibi filtre/gaz durumunu yerinde kontrol eder.', 'Adım 3: Kalıcı arıza tespit edilirse bakım/onarım için dış servis çağrılır.'], 'self_service_uygun_mu': False}","['ofis_lokasyon', 'cihaz_konumu', 'sorun_tanimi']","Klima hiç çalışmıyor mu yoksa soğutmuyor/ısıtmıyor mu, hangi bölgedesiniz?"
T-3043,10.803 TL tutarındaki harcama formum 2 gündür beklemede. Ne zaman çözülür acaba?,Hizmet Talebi (Service Request),Finans,Masraf & Ödeme,Masraf/Harcama Formu Onayı,Orta,"{'cozum_basligi': 'Masraf/harcama formu onay süreci takibi', 'adimlar': ['Adım 1: Formun onay akışındaki mevcut adımı (yönetici/finans) sistemden kontrol edilir.', 'Adım 2: Bekleyen onaycıya hatırlatma bildirimi gönderilir.', 'Adım 3: Onay gecikmesi devam ederse finans ekibi manuel müdahale için ticket açar.'], 'self_service_uygun_mu': True}","['ad_soyad', 'harcama_tarihi', 'tutar']",Form kaç gündür bekliyor ve onay akışında şu an kimde bekliyor biliyor musunuz?
T-3044,"Rica etsem acil Avans talebim onaylandi ama param hesabima gecmedi hala Gerçekten çok sıkıntı oluyor, bir an önce ilgilenirseniz sevinirim.",Hizmet Talebi (Service Request),Finans,Masraf & Ödeme,Avans Talebi,Orta,"{'cozum_basligi': 'Avans talebi işleme süreci', 'adimlar': ['Adım 1: Avans talebi tutarı ve gerekçesi (seyahat/proje) kaydedilir.', 'Adım 2: Yönetici ve finans onayına gönderilir.', 'Adım 3: Onay sonrası avans, belirtilen banka hesabına aktarılır.'], 'self_service_uygun_mu': False}","['ad_soyad', 'tutar', 'gerekce', 'seyahat_tarihi']",Avans hangi seyahat/proje için ve ne kadar tutar için gerekiyor?
T-3045,"Yıldız Elektronik A.Ş. bizi aradı fatura ödemesi gecikmiş, kontrol eder misiniz?",Hizmet Talebi (Service Request),Finans,Masraf & Ödeme,Fatura Ödeme Takibi,Yüksek,"{'cozum_basligi': 'Fatura ödeme durumu takibi', 'adimlar': ['Adım 1: Fatura numarası ile muhasebe/ERP sisteminde ödeme kaydı sorgulanır.', 'Adım 2: Ödeme planlanan tarih ve onay durumu kontrol edilir.', 'Adım 3: Gecikme varsa ödeme sorumlusuna hatırlatma yapılır ve tedarikçiye bilgi verilir.'], 'self_service_uygun_mu': True}","['fatura_no', 'tedarikci_adi', 'tutar']",Fatura numarasını ve tedarikçi firma adını paylaşabilir misiniz?
T-3046,"Acilen Oel faturamı kaybettim, otel tekrar gönderebilir mi yoksa beyan mı yapmam lazım? Ne zaman çözülür acaba?",Hizmet Talebi (Service Request),Finans,Masraf & Ödeme,Harcama Fişi Kayıp Beyanı,Orta,"{'cozum_basligi': 'Kayıp harcama fişi beyan ve alternatif belge süreci', 'adimlar': ['Adım 1: Kayıp fiş beyan formu doldurulur, harcama tutarı ve tarihi beyan edilir.', 'Adım 2: Mümkünse kredi kartı ekstresi/dekont gibi alternatif kanıt belgesi talep edilir.', 'Adım 3: Finans ekibi beyanı değerlendirip onaylarsa masraf formu istisnai olarak işleme alınır.'], 'self_service_uygun_mu': False}","['ad_soyad', 'harcama_tutari', 'harcama_tarihi', 'kayip_beyani_gerekcesi']",Fişi kaybettiğinize göre elinizde kredi kartı ekstresi gibi tutarı doğrulayacak başka bir belge var mı?
T-3047,"SGK işe giriş evrakımı alabilir miyim, işsizlik maaşı için gerekiyor eski işimden. İşlerim çok aksıyor, acil çözüm bekliyorum.",Hizmet Talebi (Service Request),İnsan Kaynakları,Bordro & Özlük,SGK Giriş/Çıkış Evrakı Talebi,Düşük,"{'cozum_basligi': 'SGK giriş/çıkış evrakı düzenleme', 'adimlar': ['Adım 1: Talep edilen belgenin türü (işe giriş bildirgesi/işten ayrılış bildirgesi) teyit edilir.', 'Adım 2: SGK e-Bildirge sisteminden ilgili belge sorgulanır ve çıktısı alınır.', 'Adım 3: Belge onaylanıp çalışana e-posta veya elden iletilir.'], 'self_service_uygun_mu': False}","['ad_soyad', 'sicil_no', 'belge_turu', 'kullanim_amaci']","İşe giriş bildirgesi mi yoksa işten ayrılış bildirgesi mi gerekiyor, hangi amaçla kullanılacak?"
T-3048,"Kadıköy ofis'daki koltuğum çok yıpranmış, sırt desteği tamamen çökmüş, bel ağrım oluyor artık. Ne zaman çözülür acaba?",Hizmet Talebi (Service Request),İdari İşler,Bina/Tesis Bakım,Ofis Mobilya Arızası (Ergonomik Masa/Koltuk),Düşük,"{'cozum_basligi': 'Ergonomik mobilya arıza/bakım süreci', 'adimlar': ['Adım 1: Arızanın türü (mekanizma, yükseklik ayarı, tekerlek vb.) tespit edilir.', 'Adım 2: Bina bakım ekibi basit onarımı yerinde dener.', 'Adım 3: Onarılamıyorsa parça değişimi veya mobilya değişimi için satınalma sürecine yönlendirilir.'], 'self_service_uygun_mu': False}","['mobilya_turu', 'ofis_lokasyon', 'ariza_tanimi']","Koltuğunuzda mı yoksa masanızda mı sorun var, tam olarak ne arızalandı?"
T-3049,Yemek fisini kaybettim ama kredi karti ekstresi var elimde,Hizmet Talebi (Service Request),Finans,Masraf & Ödeme,Harcama Fişi Kayıp Beyanı,Orta,"{'cozum_basligi': 'Kayıp harcama fişi beyan ve alternatif belge süreci', 'adimlar': ['Adım 1: Kayıp fiş beyan formu doldurulur, harcama tutarı ve tarihi beyan edilir.', 'Adım 2: Mümkünse kredi kartı ekstresi/dekont gibi alternatif kanıt belgesi talep edilir.', 'Adım 3: Finans ekibi beyanı değerlendirip onaylarsa masraf formu istisnai olarak işleme alınır.'], 'self_service_uygun_mu': False}","['ad_soyad', 'harcama_tutari', 'harcama_tarihi', 'kayip_beyani_gerekcesi']",Fişi kaybettiğinize göre elinizde kredi kartı ekstresi gibi tutarı doğrulayacak başka bir belge var mı?
T-3050,Resepsiyona kargo geldi mi acaba bilgi alabilir miyim Uğur Koç adına?,Bilgi Talebi (Information),İdari İşler,Satınalma/Malzeme,Kargo/Kurye Teslimat Takibi,Orta,"{'cozum_basligi': 'Kargo/kurye teslimat takibi', 'adimlar': ['Adım 1: Kargo takip numarası ve gönderici bilgisi ile kargo firması sistemi kontrol edilir.', 'Adım 2: Resepsiyon/depo teslim kaydı kontrol edilerek paketin durumu netleştirilir.', 'Adım 3: Paket bulunamıyorsa kargo firmasına resmi kayıp/gecikme bildirimi açılır.'], 'self_service_uygun_mu': True}","['takip_no', 'kargo_firmasi', 'gonderi_tarihi']","Kargo ne zaman gönderildi, teslimat için beklediğiniz lokasyon neresi?"
T-3051,Isten cikis bildirgesi lazim yeni ise baslarken istediler,Hizmet Talebi (Service Request),İnsan Kaynakları,Bordro & Özlük,SGK Giriş/Çıkış Evrakı Talebi,Yüksek,"{'cozum_basligi': 'SGK giriş/çıkış evrakı düzenleme', 'adimlar': ['Adım 1: Talep edilen belgenin türü (işe giriş bildirgesi/işten ayrılış bildirgesi) teyit edilir.', 'Adım 2: SGK e-Bildirge sisteminden ilgili belge sorgulanır ve çıktısı alınır.', 'Adım 3: Belge onaylanıp çalışana e-posta veya elden iletilir.'], 'self_service_uygun_mu': False}","['ad_soyad', 'sicil_no', 'belge_turu', 'kullanim_amaci']","İşe giriş bildirgesi mi yoksa işten ayrılış bildirgesi mi gerekiyor, hangi amaçla kullanılacak?"
T-3052,"Çok acil, Fatma Özdemir - fatura EUR olarak kesildi ama TL'ye cevrilirken guncel kur kullanilmamis sainrim.",Arıza (Incident),Finans,Masraf & Ödeme,Döviz Kuru Farkı/Uyumsuzluğu,Orta,"{'cozum_basligi': 'Döviz kuru farkı/uyumsuzluğu inceleme süreci', 'adimlar': ['Adım 1: Harcama tarihindeki resmi TCMB kuru ile sistemde kullanılan kur karşılaştırılır.', 'Adım 2: Fark tespit edilirse hangi kur kaynağının kullanıldığı muhasebe ile teyit edilir.', 'Adım 3: Hatalı hesaplama varsa düzeltme kaydı oluşturulur ve fark tazmin edilir.'], 'self_service_uygun_mu': False}","['ad_soyad', 'harcama_tarihi', 'doviz_tutar', 'kullanilan_kur']","Harcamanızın tarihini ve hangi döviz cinsinden olduğunu paylaşabilir misiniz, hangi kur baz alınmış görüyorsunuz?"
T-3053,Hakan Özturk - fatura EUR olarak kesildi ama TL'ye cevrilirken guncel kur kullanilmamis sanirim.,Arıza (Incident),Finans,Masraf & Ödeme,Döviz Kuru Farkı/Uyumsuzluğu,Düşük,"{'cozum_basligi': 'Döviz kuru farkı/uyumsuzluğu inceleme süreci', 'adimlar': ['Adım 1: Harcama tarihindeki resmi TCMB kuru ile sistemde kullanılan kur karşılaştırılır.', 'Adım 2: Fark tespit edilirse hangi kur kaynağının kullanıldığı muhasebe ile teyit edilir.', 'Adım 3: Hatalı hesaplama varsa düzeltme kaydı oluşturulur ve fark tazmin edilir.'], 'self_service_uygun_mu': False}","['ad_soyad', 'harcama_tarihi', 'doviz_tutar', 'kullanilan_kur']","Harcamanızın tarihini ve hangi döviz cinsinden olduğunu paylaşabilir misiniz, hangi kur baz alınmış görüyorsunuz?"
T-3054,"Rica etsem acil Kadıköy ofis'daki dolap kapağı kırık, yenisi gerekiyor.",Hizmet Talebi (Service Request),İdari İşler,Satınalma/Malzeme,Ofis Mobilya Değişimi,Orta,"{'cozum_basligi': 'Ofis mobilyası değişim süreci', 'adimlar': ['Adım 1: Mevcut mobilyanın durumu değerlendirilir ve değişim gerekçesi kaydedilir.', 'Adım 2: Bütçe/onay süreci tamamlandıktan sonra satınalma talebi açılır.', 'Adım 3: Yeni mobilya teslim alınıp kurulumu yapılır, eski mobilya değişim için alınır.'], 'self_service_uygun_mu': False}","['mobilya_turu', 'ofis_lokasyon', 'degisim_gerekcesi']",Hangi mobilyanın değişmesini istiyorsunuz ve mevcut olanın sorunu nedir?
T-3055,"Rica etsem acil 23 Eyll tarihinde evlendim, medeni halimin guncellenmesi gerekiyor sistemde. Gerçekten çok sıkıntı oluyor, bir an önce ilgilenirseniz sevinirim.",Hizmet Talebi (Service Request),İnsan Kaynakları,Bordro & Özlük,Evlilik Bildirimi,Orta,"{'cozum_basligi': 'Evlilik durum değişikliği kayıt süreci', 'adimlar': ['Adım 1: Evlilik cüzdanı fotokopisi/belgesi çalışandan talep edilir.', 'Adım 2: Medeni hal ve varsa soyadı bilgisi İK sisteminde güncellenir.', 'Adım 3: Vergi matrahı, SGK ve varsa özel sağlık sigortası kayıtları güncellenmesi için ilgili birimlere bilgi verilir.'], 'self_service_uygun_mu': False}","['ad_soyad', 'evlilik_tarihi', 'evlilik_cuzdani_belgesi']","Evlilik tarihinizi ve evlilik cüzdanı belgesini paylaşabilir misiniz, medeni hal güncellemesi için gerekiyor?"
T-3056,"Acilen Toplantı odasındaki klima hiç soğutmuyor, çok bunaltıcı oluyor uzun toplantılarda.",Arıza (Incident),İdari İşler,Bina/Tesis Bakım,Klima/Isıtma Arızası,Orta,"{'cozum_basligi': 'Klima/ısıtma sistemi arıza giderme', 'adimlar': ['Adım 1: Termostat ayarları ve cihazın açık olup olmadığı kontrol edilir.', 'Adım 2: Bina teknik ekibi filtre/gaz durumunu yerinde kontrol eder.', 'Adım 3: Kalıcı arıza tespit edilirse bakım/onarım için dış servis çağrılır.'], 'self_service_uygun_mu': False}","['ofis_lokasyon', 'cihaz_konumu', 'sorun_tanimi']","Klima hiç çalışmıyor mu yoksa soğutmuyor/ısıtmıyor mu, hangi bölgedesiniz?"
T-3057,"Hakan Özdemir - kümülatif vergi matrahımla ilgili itirazım var, geçen yılki hesaplamayla tutarsız görünüyor.",Arıza (Incident),İnsan Kaynakları,Bordro & Özlük,Bordro Vergi Matrahı İtirazı,Yüksek,"{'cozum_basligi': 'Bordro vergi matrahı itiraz inceleme süreci', 'adimlar': ['Adım 1: İtiraz edilen dönemin vergi matrahı ve dilim hesaplaması bordro ekibi tarafından yeniden kontrol edilir.', 'Adım 2: Kümülatif matrah hesaplamasında hata olup olmadığı muhasebe ile teyit edilir.', 'Adım 3: Hata tespit edilirse düzeltme bir sonraki bordro döneminde uygulanır ve çalışana açıklama yapılır.'], 'self_service_uygun_mu': False}","['ad_soyad', 'donem', 'itiraz_detayi']","Vergi diliminin değiştiğini mi düşünüyorsunuz, yoksa kümülatif matrah hesaplamasında bir hata mı görüyorsunuz?"
T-3058,"Merve Aktaş - kümülatif vergi matrahımla ilgili itirazım var, geçen yılki hesaplamayla tutarsız görünüyor.",Bilgi Talebi (Information),İnsan Kaynakları,Bordro & Özlük,Bordro Vergi Matrahı İtirazı,Düşük,"{'cozum_basligi': 'Bordro vergi matrahı itiraz inceleme süreci', 'adimlar': ['Adım 1: İtiraz edilen dönemin vergi matrahı ve dilim hesaplaması bordro ekibi tarafından yeniden kontrol edilir.', 'Adım 2: Kümülatif matrah hesaplamasında hata olup olmadığı muhasebe ile teyit edilir.', 'Adım 3: Hata tespit edilirse düzeltme bir sonraki bordro döneminde uygulanır ve çalışana açıklama yapılır.'], 'self_service_uygun_mu': False}","['ad_soyad', 'donem', 'itiraz_detayi']","Vergi diliminin değiştiğini mi düşünüyorsunuz, yoksa kümülatif matrah hesaplamasında bir hata mı görüyorsunuz?"
T-3059,Evdn baglanamiyorum vpn e sürekli hata veriyor,Hizmet Talebi (Service Request),Bilgi Teknolojileri,Ağ/Network,VPN Erişim Sorunu,Orta,"{'cozum_basligi': 'VPN bağlantı sorunu çözümü', 'adimlar': ['Adım 1: VPN istemcisi güncel mi kontrol edilir, kullanıcı adı/şifre doğrulanır.', 'Adım 2: İnternet bağlantısı ve güvenlik duvarı ayarları kontrol edilir, istemci yeniden başlatılır.', 'Adım 3: Erişim devam etmiyorsa VPN sertifikası/erişim yetkisi için ticket açılır.'], 'self_service_uygun_mu': True}","['kullanici_adi', 'cihaz_turu', 'hata_mesaji']",Evden mi yoksa başka bir lokasyondan mı bağlanmaya çalışıyorsunuz?
T-3060,"Projeksiyon cihazı görüntü vermiyor, Eğitim salonu'dayız şu an.",Hizmet Talebi (Service Request),İdari İşler,Ofis Ekipmanı,Toplantı Odası Ekipman Arızası (ClickShare/Projeksiyon),Yüksek,"{'cozum_basligi': 'Toplantı odası ekran/görüntü aktarım arızası giderme', 'adimlar': ['Adım 1: ClickShare/HDMI kablosu ve cihazın güç bağlantısı kontrol edilir.', 'Adım 2: Ekran/projeksiyon cihazı yeniden başlatılır, giriş kaynağı kontrol edilir.', 'Adım 3: Sorun devam ederse toplantı öncesi acil teknik destek için ticket açılır.'], 'self_service_uygun_mu': True}","['oda_adi', 'ekipman_turu', 'toplanti_saati']",Hangi toplantı odasından bahsediyorsunuz ve toplantınız ne zaman başlıyor?
T-3061,"3. kat toplantı odası'da clickshare ekrana bağlanmıoyr, 10 dakikaya toplantımız var acil!",Arıza (Incident),İdari İşler,Ofis Ekipmanı,Toplantı Odası Ekipman Arızası (ClickShare/Projeksiyon),Orta,"{'cozum_basligi': 'Toplantı odası ekran/görüntü aktarım arızası giderme', 'adimlar': ['Adım 1: ClickShare/HDMI kablosu ve cihazın güç bağlantısı kontrol edilir.', 'Adım 2: Ekran/projeksiyon cihazı yeniden başlatılır, giriş kaynağı kontrol edilir.', 'Adım 3: Sorun devam ederse toplantı öncesi acil teknik destek için ticket açılır.'], 'self_service_uygun_mu': True}","['oda_adi', 'hata_tanimi']",Hangi toplantı odasından bahsediyorsunuz ve toplantınız ne zaman başlıyor?
T-3062,2 Ağustos tarihinde işe başlayacak Tolga Aydın içn yeni hesap açılması gerekiyor.,Hizmet Talebi (Service Request),Bilgi Teknolojileri,Güvenlik ve Erişim,Yeni Kullanıcı Hesabı,Orta,"{'cozum_basligi': 'Yeni kullanıcı hesabı açma süreci', 'adimlar': [""Adım 1: İK'dan işe giriş onayı ve pozisyon bilgisi teyit edilir."", 'Adım 2: Aktif Dizin üzerinde hesap oluşturulur ve gerekli grup üyelikleri tanımlanır.', 'Adım 3: E-posta ve sistem erişim bilgileri ilk giriş kılavuzuyla birlikte iletilir.'], 'self_service_uygun_mu': False}","['ad_soyad', 'yonetici_adi', 'gerekli_sistemler']",Bu hesap hangi pozisyon için açılacak ve yöneticisi kim olacak?
T-3063,"Acilen Yazici acilmiyor fisi taktim yine olmadi Bu konuda epeydir mağdurum, lütfen hızlı dönüş yapar mısınız?",Arıza (Incident),İdari İşler,Ofis Ekipmanı,Yazıcı/Fotokopi Arıza Bildirimi,Yüksek,"{'cozum_basligi': 'Yazıcı/fotokopi arıza giderme', 'adimlar': ['Adım 1: Kağıt sıkışması, kapak açık kalması gibi görünür arızalar kontrol edilir.', 'Adım 2: Cihaz yeniden başlatılır ve sürücü/bağlantı ayarları kontrol edilir.', 'Adım 3: Sorun devam ederse teknik servis çağrısı için ticket açılır.'], 'self_service_uygun_mu': True}","['yazici_lokasyon', 'hata_kodu']",Hangi kattaki/lokasyondaki yazıcıdan bahsediyorsunuz?
T-3064,23 Haziran tarihleri arası 5 gün yıllık izin kullanmak istiyorum. Ne zaman çözülür acaba?,Hizmet Talebi (Service Request),İnsan Kaynakları,İzin Yönetimi,Yıllık İzin Talebi/Bakiye Sorgulama,Orta,"{'cozum_basligi': 'Yıllık izin talebi/bakiye sorgulama süreci', 'adimlar': ['Adım 1: İK portalından güncel izin bakiyesi kontrol edilir.', 'Adım 2: Talep edilen tarih aralığı yöneticinin onayına gönderilir.', 'Adım 3: Onay sonrası izin sistemde işlenir ve bordroya yansıtılır.'], 'self_service_uygun_mu': True}","['ad_soyad', 'izin_baslangic_bitis_tarihi']","Hangi tarihler arasında izin kullanmak istiyorsunuz, yoksa sadece bakiye mi öğrenmek istiyorsunuz?"
T-3065,Kartim calismiyor turnikeden gecemiyrum belki bozulmustur,Hizmet Talebi (Service Request),İdari İşler,Güvenlik & Ulaşım,Kayıp Giriş Kartı,Orta,"{'cozum_basligi': 'Kayıp giriş kartı iptal ve yeniden basım süreci', 'adimlar': ['Adım 1: Kayıp kart derhal sistem üzerinden iptal edilir, güvenlik riski önlenir.', 'Adım 2: Kimlik doğrulaması sonrası yeni kart basım talebi oluşturulur.', 'Adım 3: Yeni kart resepsiyon/güvenlik biriminden teslim alınır.'], 'self_service_uygun_mu': False}","['ad_soyad', 'sicil_no', 'kayip_tarihi']","Kartınızı en son ne zaman ve nerede kullandığınızı hatırlıyor musunuz, kaybolduğunu mu düşünüyorsunuz?"
T-3066,"Monitörüm hiç açılmıyor, Çağrı merkezi katı masamda.",Arıza (Incident),Bilgi Teknolojileri,Donanım,Monitör/Çevre Birimi Arızası,Yüksek,"{'cozum_basligi': 'Monitör/çevre birimi arıza tespiti', 'adimlar': ['Adım 1: Kablo bağlantıları (HDMI/VGA/güç) ve monitör güç düğmesi kontrol edilir.', 'Adım 2: Farklı bir kablo veya port ile test yapılır.', 'Adım 3: Arıza devam ediyorsa cihaz değişimi için IT saha ekibine ticket açılır.'], 'self_service_uygun_mu': True}","['cihaz_turu', 'kullanici_adi', 'ofis_lokasyon']","Sorun hangi çevre biriminde: monitör, klavye, mouse yoksa yazıcı mı?"
T-3067,"Acilen Yıldız Özdemir - maaş bordrosu ve çalışma belgesi ihtiyacım var, ev kirası için isteniyor. Bu konuda epeydir mağdurum, lütfen hızlı dönüş yapar mısınız?",Hizmet Talebi (Service Request),İnsan Kaynakları,Bordro & Özlük,Özlük/Çalışma Belgesi Talebi,Düşük,"{'cozum_basligi': 'Özlük/çalışma belgesi düzenleme', 'adimlar': ['Adım 1: Talep edilen belge türü ve kullanım amacı teyit edilir.', 'Adım 2: İK sistemi üzerinden güncel çalışan bilgileriyle belge hazırlanır.', 'Adım 3: Belge imzalandıktan sonra çalışana e-posta veya elden teslim edilir.'], 'self_service_uygun_mu': True}","['ad_soyad', 'sicil_no', 'belge_turu', 'kullanim_amaci']","Hangi belgeye ihtiyacınız var (çalışma belgesi, hizmet dökümü vb.) ve hangi amaçla kullanılacak?"
T-3068,Acilen 1.701 TL tutarindaki harcama formum 2 gnudur beklemede. Teşekkür ederim şimdiden.,Arıza (Incident),Finans,Masraf & Ödeme,Masraf/Harcama Formu Onayı,Orta,"{'cozum_basligi': 'Masraf/harcama formu onay süreci takibi', 'adimlar': ['Adım 1: Formun onay akışındaki mevcut adımı (yönetici/finans) sistemden kontrol edilir.', 'Adım 2: Bekleyen onaycıya hatırlatma bildirimi gönderilir.', 'Adım 3: Onay gecikmesi devam ederse finans ekibi manuel müdahale için ticket açar.'], 'self_service_uygun_mu': True}","['ad_soyad', 'harcama_tarihi', 'tutar']",Form kaç gündür bekliyor ve onay akışında şu an kimde bekliyor biliyor musunuz?
T-3069,"Lütfen acil Yeni laptopuma VPN kurulumu yapılmadı, dışarıdan sisteme bağlanamıyorum.",Arıza (Incident),Bilgi Teknolojileri,Ağ/Network,VPN Erişim Sorunu,Orta,"{'cozum_basligi': 'VPN bağlantı sorunu çözümü', 'adimlar': ['Adım 1: VPN istemcisi güncel mi kontrol edilir, kullanıcı adı/şifre doğrulanır.', 'Adım 2: İnternet bağlantısı ve güvenlik duvarı ayarları kontrol edilir, istemci yeniden başlatılır.', 'Adım 3: Erişim devam etmiyorsa VPN sertifikası/erişim yetkisi için ticket açılır.'], 'self_service_uygun_mu': True}","['kullanici_adi', 'cihaz_turu', 'hata_mesaji']",VPN'e hiç bağlanamıyor musunuz yoksa bağlanıp kısa süre sonra mı düşüyorsunuz? Bir hata mesajı görüyor musunuz?
T-3070,"Barış Çelik - planlarım değişti, 5 Temmuz tarihindeki iznimi bir hafta sonraya alabilir miyiz?",Hizmet Talebi (Service Request),İnsan Kaynakları,İzin Yönetimi,İzin İptal/Değişiklik,Yüksek,"{'cozum_basligi': 'İzin iptal/değişiklik işlemi', 'adimlar': ['Adım 1: Mevcut izin kaydı sistemde bulunur ve doğrulanır.', 'Adım 2: İptal/değişiklik talebi yöneticinin onayına yeniden gönderilir.', 'Adım 3: Onay sonrası izin bakiyesi ve takvim güncellenir.'], 'self_service_uygun_mu': True}","['ad_soyad', 'mevcut_izin_tarihi', 'yeni_talep']",İzninizi tamamen iptal mi etmek istiyorsunuz yoksa tarihini mi değiştirmek istiyorsunuz?
T-3071,"Acilen Wifi ye baglanamiyorum Ankara ofisi sürekli şifre hatası veriyor Gerçekten çok sıkıntı oluyor, bir an önce ilgilenirseniz sevinirim.",Arıza (Incident),Bilgi Teknolojileri,Ağ/Network,Wi-Fi Bağlantı Sorunu,Yüksek,"{'cozum_basligi': 'Wi-Fi bağlantı sorunu çözümü', 'adimlar': ['Adım 1: Cihazın Wi-Fi ayarları kapatılıp açılır, ağa yeniden bağlanılır.', 'Adım 2: Şifre doğru girildi mi ve sinyal gücü yeterli mi kontrol edilir.', 'Adım 3: Sorun sürüyorsa erişim noktası (AP) kontrolü için ticket açılır.'], 'self_service_uygun_mu': True}","['ofis_lokasyon', 'cihaz_turu']","Wi-Fi ağı görünüyor mu ama bağlanamıyor musunuz, yoksa hiç görünmüyor mu?"
T-3072,"Monitörüm hiç açılmıyor, Levent plaza 12. kat masamda.",Arıza (Incident),Bilgi Teknolojileri,Donanım,Monitör/Çevre Birimi Arızası,Orta,"{'cozum_basligi': 'Monitör/çevre birimi arıza tespiti', 'adimlar': ['Adım 1: Kablo bağlantıları (HDMI/VGA/güç) ve monitör güç düğmesi kontrol edilir.', 'Adım 2: Farklı bir kablo veya port ile test yapılır.', 'Adım 3: Arıza devam ediyorsa cihaz değişimi için IT saha ekibine ticket açılır.'], 'self_service_uygun_mu': True}","['cihaz_turu', 'kullanici_adi', 'ofis_lokasyon']","Sorun hangi çevre biriminde: monitör, klavye, mouse yoksa yazıcı mı?"
T-3073,5 Temmuz tarihinde işe başlayacak Emre Aktaş için yeni hesap açılması gerekiyor.,Hizmet Talebi (Service Request),Bilgi Teknolojileri,Güvenlik ve Erişim,Yeni Kullanıcı Hesabı,Yüksek,"{'cozum_basligi': 'Yeni kullanıcı hesabı açma süreci', 'adimlar': [""Adım 1: İK'dan işe giriş onayı ve pozisyon bilgisi teyit edilir."", 'Adım 2: Aktif Dizin üzerinde hesap oluşturulur ve gerekli grup üyelikleri tanımlanır.', 'Adım 3: E-posta ve sistem erişim bilgileri ilk giriş kılavuzuyla birlikte iletilir.'], 'self_service_uygun_mu': False}","['ad_soyad', 'departman', 'ise_baslama_tarihi', 'pozisyon']",Bu hesap hangi pozisyon için açılacak ve yöneticisi kim olacak?
T-3074,"Acilen Fatih Aslan - fatura EUR olarak kesildi ama TL'ye çevrilirken güncel kur kullanılmamış sanırım. Gerçekten çok sıkıntı oluyor, bir an önce ilgilenirseniz sevinirim.",Bilgi Talebi (Information),Finans,Masraf & Ödeme,Döviz Kuru Farkı/Uyumsuzluğu,Yüksek,"{'cozum_basligi': 'Döviz kuru farkı/uyumsuzluğu inceleme süreci', 'adimlar': ['Adım 1: Harcama tarihindeki resmi TCMB kuru ile sistemde kullanılan kur karşılaştırılır.', 'Adım 2: Fark tespit edilirse hangi kur kaynağının kullanıldığı muhasebe ile teyit edilir.', 'Adım 3: Hatalı hesaplama varsa düzeltme kaydı oluşturulur ve fark tazmin edilir.'], 'self_service_uygun_mu': False}","['ad_soyad', 'harcama_tarihi', 'doviz_tutar', 'kullanilan_kur']","Harcamanızın tarihini ve hangi döviz cinsinden olduğunu paylaşabilir misiniz, hangi kur baz alınmış görüyorsunuz?"
T-3075,"Ofiste internet yok, herkes şikayet ediyor B bok 4. kat'da.",Arıza (Incident),Bilgi Teknolojileri,Ağ/Network,İnternet Bağlantı Sorunu,Kritik,"{'cozum_basligi': 'İnternet bağlantı arızası ilk müdahale', 'adimlar': ['Adım 1: Modem/router yeniden başlatılır, kablo bağlantıları kontrol edilir.', 'Adım 2: Farklı bir cihaz veya prizden bağlantı test edilir.', 'Adım 3: Sorun devam ederse altyapı ekibine ticket açılır ve etkilenen kişi sayısı raporlanır.'], 'self_service_uygun_mu': True}","['ofis_lokasyon', 'internet_saglayici_bilgisi']","İnternet hiç mi yok yoksa çok mu yavaş, ayrıca sadece siz mi etkileniyorsunuz yoksa tüm kat mı?"
T-3076,"Bilgisayarıma Adobe Acrobat kurulması lazım, PDF düzenlemem gerekiyor işim için.",Bilgi Talebi (Information),Bilgi Teknolojileri,Yazılım,Yazılım Lisans/Kurulum Talebi,Orta,"{'cozum_basligi': 'Yazılım lisans/kurulum süreci', 'adimlar': ['Adım 1: Talep, lisans uygunluğu ve yönetici onayı için değerlendirilir.', 'Adım 2: Lisans anahtarı temin edilir veya mevcut lisans havuzundan atama yapılır.', 'Adım 3: Kurulum IT ekibi tarafından uzaktan veya yerinde gerçekleştirilir.'], 'self_service_uygun_mu': False}","['yazilim_adi', 'departman', 'lisans_suresi']",Yeni bir kurulum mu yoksa mevcut lisansın yenilenmesi mi gerekiyor?
T-3077,"Selin Yılmaz - giriş kartımı bulamıyorum, evi de aradım yok.",Hizmet Talebi (Service Request),İdari İşler,Güvenlik & Ulaşım,Kayıp Giriş Kartı,Yüksek,"{'cozum_basligi': 'Kayıp giriş kartı iptal ve yeniden basım süreci', 'adimlar': ['Adım 1: Kayıp kart derhal sistem üzerinden iptal edilir, güvenlik riski önlenir.', 'Adım 2: Kimlik doğrulaması sonrası yeni kart basım talebi oluşturulur.', 'Adım 3: Yeni kart resepsiyon/güvenlik biriminden teslim alınır.'], 'self_service_uygun_mu': False}","['ad_soyad', 'sicil_no', 'kayip_tarihi']","Kartınızı en son ne zaman ve nerede kullandığınızı hatırlıyor musunuz, kaybolduğunu mu düşünüyorsunuz?"
T-3078,Onur Çetin - yurtdışı proje nedeniyle kart limitimin geçici olarak artırılmasını rica ederim.,Hizmet Talebi (Service Request),Finans,Masraf & Ödeme,Kurumsal Kredi Kartı Limit Artırımı,Yüksek,"{'cozum_basligi': 'Kurumsal kredi kartı limit artırım süreci', 'adimlar': ['Adım 1: Mevcut limit, kullanım geçmişi ve talep gerekçesi kaydedilir.', 'Adım 2: Yönetici ve finans müdürü onayına gönderilir.', 'Adım 3: Onay sonrası banka ile limit artırım talebi iletilir ve süreç takip edilir.'], 'self_service_uygun_mu': False}","['ad_soyad', 'mevcut_limit', 'talep_edilen_limit', 'gerekce']","Mevcut kart limitiniz nedir ve ne kadar artış talep ediyorsunuz, gerekçeniz nedir?"
T-3079,"Sibel Çelik - giriş kartımı bulamıyorum, evi de aradım yok.",Hizmet Talebi (Service Request),İdari İşler,Güvenlik & Ulaşım,Kayıp Giriş Kartı,Yüksek,"{'cozum_basligi': 'Kayıp giriş kartı iptal ve yeniden basım süreci', 'adimlar': ['Adım 1: Kayıp kart derhal sistem üzerinden iptal edilir, güvenlik riski önlenir.', 'Adım 2: Kimlik doğrulaması sonrası yeni kart basım talebi oluşturulur.', 'Adım 3: Yeni kart resepsiyon/güvenlik biriminden teslim alınır.'], 'self_service_uygun_mu': False}","['ad_soyad', 'sicil_no', 'kayip_tarihi']","Kartınızı en son ne zaman ve nerede kullandığınızı hatırlıyor musunuz, kaybolduğunu mu düşünüyorsunuz?"
T-3080,"Lütfen acil CRM sistemine yeni giriş yetkisi verilmesi gerekiyor, yöneticim Fatma Kılıç onaylayabilir.",Hizmet Talebi (Service Request),Bilgi Teknolojileri,Güvenlik ve Erişim,Sistem/Klasör Yetki Talebi,Orta,"{'cozum_basligi': 'Sistem/klasör yetki tanımlama süreci', 'adimlar': ['Adım 1: Talep, ilgili departman yöneticisinin onayına gönderilir.', 'Adım 2: Onay sonrası erişim, en az yetki prensibiyle tanımlanır.', 'Adım 3: Yetki tanımlandıktan sonra kullanıcıya bilgilendirme yapılır ve ticket kapatılır.'], 'self_service_uygun_mu': False}","['kullanici_adi', 'erisim_seviyesi', 'departman']",Hangi klasöre veya sisteme erişim yetkisi talep ediyorsunuz ve yöneticinizin onayı var mı?
T-3081,"Emre Yıldız - taksi fişim rüzgarla uçtu, kayıp beyan formunu doldurmam yeterli mi?",Hizmet Talebi (Service Request),Finans,Masraf & Ödeme,Harcama Fişi Kayıp Beyanı,Düşük,"{'cozum_basligi': 'Kayıp harcama fişi beyan ve alternatif belge süreci', 'adimlar': ['Adım 1: Kayıp fiş beyan formu doldurulur, harcama tutarı ve tarihi beyan edilir.', 'Adım 2: Mümkünse kredi kartı ekstresi/dekont gibi alternatif kanıt belgesi talep edilir.', 'Adım 3: Finans ekibi beyanı değerlendirip onaylarsa masraf formu istisnai olarak işleme alınır.'], 'self_service_uygun_mu': False}","['ad_soyad', 'harcama_tutari', 'harcama_tarihi', 'kayip_beyani_gerekcesi']",Fişi kaybettiğinize göre elinizde kredi kartı ekstresi gibi tutarı doğrulayacak başka bir belge var mı?
T-3082,"Kartım çalındı sanırım, 15 Temmuz akşamı otobüste kaybettim.",Hizmet Talebi (Service Request),İdari İşler,Güvenlik & Ulaşım,Kayıp Giriş Kartı,Orta,"{'cozum_basligi': 'Kayıp giriş kartı iptal ve yeniden basım süreci', 'adimlar': ['Adım 1: Kayıp kart derhal sistem üzerinden iptal edilir, güvenlik riski önlenir.', 'Adım 2: Kimlik doğrulaması sonrası yeni kart basım talebi oluşturulur.', 'Adım 3: Yeni kart resepsiyon/güvenlik biriminden teslim alınır.'], 'self_service_uygun_mu': False}","['ad_soyad', 'sicil_no', 'kayip_tarihi']","Kartınızı en son ne zaman ve nerede kullandığınızı hatırlıyor musunuz, kaybolduğunu mu düşünüyorsunuz?"
T-3083,"1 Temmuz sabahindan beri internet kesik kesik calisiyor, toplantilara giremiyorum. Teşekkür ederim şimdiden.",Arıza (Incident),Bilgi Teknolojileri,Ağ/Network,İnternet Bağlantı Sorunu,Yüksek,"{'cozum_basligi': 'İnternet bağlantı arızası ilk müdahale', 'adimlar': ['Adım 1: Modem/router yeniden başlatılır, kablo bağlantıları kontrol edilir.', 'Adım 2: Farklı bir cihaz veya prizden bağlantı test edilir.', 'Adım 3: Sorun devam ederse altyapı ekibine ticket açılır ve etkilenen kişi sayısı raporlanır.'], 'self_service_uygun_mu': True}","['ofis_lokasyon', 'internet_saglayici_bilgisi']","İnternet hiç mi yok yoksa çok mu yavaş, ayrıca sadece siz mi etkileniyorsunuz yoksa tüm kat mı?"
T-3084,"Acilen Toner bitti acil Bodrum kat arşiv İşlerim çok aksıyor, acil çözüm bekliyorum.",Hizmet Talebi (Service Request),İdari İşler,Ofis Ekipmanı,Toner/Kartuş Talebi,Orta,"{'cozum_basligi': 'Toner/kartuş temin süreci', 'adimlar': ['Adım 1: Depo stok durumu kontrol edilir.', 'Adım 2: Uygun toner/kartuş belirtilen yazıcı lokasyonuna teslim edilir.', 'Adım 3: Stokta bulunmuyorsa satınalma süreci tetiklenir ve tahmini teslim süresi bildirilir.'], 'self_service_uygun_mu': False}","['yazici_lokasyon', 'yazici_marka_model', 'toner_kartus_kodu']","Yazıcının marka ve modeli nedir, doğru toner kodunu belirleyebilmemiz için gerekli?"
T-3085,Lütfen acil Bordro pdf sistemde görünmüyor bu ay indiremiyorum,Bilgi Talebi (Information),İnsan Kaynakları,Bordro & Özlük,Bordro/Maaş Bilgisi Talebi,Orta,"{'cozum_basligi': 'Bordro/maaş bilgisi inceleme süreci', 'adimlar': ['Adım 1: Çalışanın ilgili ay bordrosu bordro sisteminden çekilip incelenir.', 'Adım 2: Kesinti/ek ödeme kalemleri tek tek karşılaştırılır ve hata olup olmadığı tespit edilir.', 'Adım 3: Hata tespit edilirse düzeltme için bordro/muhasebe ekibine ticket açılır.'], 'self_service_uygun_mu': False}","['ad_soyad', 'sicil_no', 'ilgili_ay']",Maaşınızda eksik ödeme mi var yoksa fazla kesinti mi görüyorsunuz?
T-3086,"Toplantı odasındaki klima hiç soğutmuyor, çok bunaltıcı oluyor uzun toplantılarda.",Arıza (Incident),İdari İşler,Bina/Tesis Bakım,Klima/Isıtma Arızası,Yüksek,"{'cozum_basligi': 'Klima/ısıtma sistemi arıza giderme', 'adimlar': ['Adım 1: Termostat ayarları ve cihazın açık olup olmadığı kontrol edilir.', 'Adım 2: Bina teknik ekibi filtre/gaz durumunu yerinde kontrol eder.', 'Adım 3: Kalıcı arıza tespit edilirse bakım/onarım için dış servis çağrılır.'], 'self_service_uygun_mu': False}","['ofis_lokasyon', 'cihaz_konumu', 'sorun_tanimi']","Klima hiç çalışmıyor mu yoksa soğutmuyor/ısıtmıyor mu, hangi bölgedesiniz?"
T-3087,"Sibel Erdoğan - 5 günlük sağılk raporum var, işe döndüğümde bir evrak getirmem gerekiyor mu? İşlerim çok aksıyor, acil çözüm bekliyorum.",Hizmet Talebi (Service Request),İnsan Kaynakları,İzin Yönetimi,Sağlık Raporu/İstirahat Bildirimi,Orta,"{'cozum_basligi': 'Sağlık raporu/istirahat bildirimi işleme süreci', 'adimlar': [""Adım 1: Rapor e-Nabız/hastane sisteminden veya elden İK'ya iletilir."", 'Adım 2: Rapor süresi SGK sistemine ve bordroya işlenir.', 'Adım 3: Yöneticiye çalışanın izinli/raporlu olduğu bilgisi iletilir.'], 'self_service_uygun_mu': True}","['ad_soyad', 'rapor_baslangic_bitis_tarihi', 'rapor_belgesi']",Raporunuz kaç gün ve e-Nabız üzerinden mi yoksa elden mi ileteceksiniz?
T-3088,"Acilen Evlilik bildirimimi yapmak istiyorumm, gerekli evrakları nereye iletebilirim?",Hizmet Talebi (Service Request),İnsan Kaynakları,Bordro & Özlük,Evlilik Bildirimi,Yüksek,"{'cozum_basligi': 'Evlilik durum değişikliği kayıt süreci', 'adimlar': ['Adım 1: Evlilik cüzdanı fotokopisi/belgesi çalışandan talep edilir.', 'Adım 2: Medeni hal ve varsa soyadı bilgisi İK sisteminde güncellenir.', 'Adım 3: Vergi matrahı, SGK ve varsa özel sağlık sigortası kayıtları güncellenmesi için ilgili birimlere bilgi verilir.'], 'self_service_uygun_mu': False}","['ad_soyad', 'evlilik_tarihi', 'evlilik_cuzdani_belgesi']","Evlilik tarihinizi ve evlilik cüzdanı belgesini paylaşabilir misiniz, medeni hal güncellemesi için gerekiyor?"
T-3089,Rica etsem acil Harcama formu onaya dustu ama 5 gundur kimse onaylamadi Teşekkür ederim şimdiden.,Arıza (Incident),Finans,Masraf & Ödeme,Masraf/Harcama Formu Onayı,Düşük,"{'cozum_basligi': 'Masraf/harcama formu onay süreci takibi', 'adimlar': ['Adım 1: Formun onay akışındaki mevcut adımı (yönetici/finans) sistemden kontrol edilir.', 'Adım 2: Bekleyen onaycıya hatırlatma bildirimi gönderilir.', 'Adım 3: Onay gecikmesi devam ederse finans ekibi manuel müdahale için ticket açar.'], 'self_service_uygun_mu': True}","['form_no', 'tutar', 'onay_bekleyen_kisi']",Formun numarasını veya harcama tutarını paylaşabilir misiniz?
T-3090,"13 Ocak gunu tedarikci firmadan 2 kisi gelecek, resepsiyona bildirim yapar misiniz?",Hizmet Talebi (Service Request),İdari İşler,Güvenlik & Ulaşım,Ziyaretçi Giriş Talebi,Orta,"{'cozum_basligi': 'Ziyaretçi giriş kaydı oluşturma', 'adimlar': ['Adım 1: Ziyaretçi bilgileri (ad soyad, TC/kimlik, ziyaret amacı) alınır.', 'Adım 2: Güvenlik birimine ziyaret tarihi ve saati bildirilir.', 'Adım 3: Ziyaretçi giriş gününde resepsiyonda kayıt yapılıp kartı teslim edilir.'], 'self_service_uygun_mu': False}","['ziyaretci_ad_soyad', 'ziyaret_tarihi_saati', 'ziyaret_edilen_kisi']","Ziyaretçinin adı, ziyaret tarihi/saati ve kimi ziyaret edeceği bilgisini alabilir miyim?"
T-3091,"Hesabim 3 kere yanlis deneme sonrasi kilitlendi, acimlasi lazim acil.",Hizmet Talebi (Service Request),Bilgi Teknolojileri,Güvenlik ve Erişim,Şifre Sıfırlama,Düşük,"{'cozum_basligi': 'Şifre sıfırlama işlemi', 'adimlar': ['Adım 1: Kimlik doğrulama (çalışan sicil no / kayıtlı e-posta) yapılır.', 'Adım 2: Self servis şifre sıfırlama portalı üzerinden geçici şifre oluşturulur.', 'Adım 3: Portal üzerinden çözülemiyorsa IT güvenlik ekibi manuel sıfırlama için ticket açar.'], 'self_service_uygun_mu': True}","['kullanici_adi', 'sicil_no', 'sistem_adi']",Şifrenizi mi unuttunuz yoksa hesabınız mı kilitlendi?
T-3092,Lütfen acil Onay akisinda yoneticim gorunmuyor bos geliyor secim ekrani,Hizmet Talebi (Service Request),Finans,Masraf & Ödeme,Onay Akışında Yönetici Görünmüyor Sorunu,Yüksek,"{'cozum_basligi': 'Onay akışı yönetici ataması düzeltme süreci', 'adimlar': ['Adım 1: Organizasyon şemasında çalışanın tanımlı yöneticisi sistemden kontrol edilir.', 'Adım 2: Yönetici ayrılmış/değişmiş ise onay akışı güncel yöneticiye yeniden atanır.', 'Adım 3: Bekleyen tüm formlar yeni onay akışına manuel olarak yönlendirilir.'], 'self_service_uygun_mu': False}","['ad_soyad', 'form_no', 'eski_yonetici', 'yeni_yonetici']",Onay akışında hangi form takılı kaldı ve eski yöneticiniz mi hâlâ sistemde görünüyor?
T-3093,"Yeni stajyerimiz için email ve sistem hesabı oluşturulmasını rica ederim. Gerçekten çok sıkıntı oluyor, bir an önce ilgilenirseniz sevinirim.",Hizmet Talebi (Service Request),Bilgi Teknolojileri,Güvenlik ve Erişim,Yeni Kullanıcı Hesabı,Orta,"{'cozum_basligi': 'Yeni kullanıcı hesabı açma süreci', 'adimlar': [""Adım 1: İK'dan işe giriş onayı ve pozisyon bilgisi teyit edilir."", 'Adım 2: Aktif Dizin üzerinde hesap oluşturulur ve gerekli grup üyelikleri tanımlanır.', 'Adım 3: E-posta ve sistem erişim bilgileri ilk giriş kılavuzuyla birlikte iletilir.'], 'self_service_uygun_mu': False}","['ad_soyad', 'departman', 'ise_baslama_tarihi', 'pozisyon']",Bu hesap hangi pozisyon için açılacak ve yöneticisi kim olacak?
T-3094,"Acilen Telefonum ofis wifisine bağlanıyor ama laptopum bağlanmıyor, garip bir durum.",Arıza (Incident),Bilgi Teknolojileri,Ağ/Network,Wi-Fi Bağlantı Sorunu,Yüksek,"{'cozum_basligi': 'Wi-Fi bağlantı sorunu çözümü', 'adimlar': ['Adım 1: Cihazın Wi-Fi ayarları kapatılıp açılır, ağa yeniden bağlanılır.', 'Adım 2: Şifre doğru girildi mi ve sinyal gücü yeterli mi kontrol edilir.', 'Adım 3: Sorun sürüyorsa erişim noktası (AP) kontrolü için ticket açılır.'], 'self_service_uygun_mu': True}","['ofis_lokasyon', 'wifi_ag_adi']","Wi-Fi ağı görünüyor mu ama bağlanamıyor musunuz, yoksa hiç görünmüyor mu?"
T-3095,"Muhasebe için dosya, zımba teli ve post-it talep ediyoruz.",Hizmet Talebi (Service Request),İdari İşler,Satınalma/Malzeme,Kırtasiye Malzeme Talebi,Orta,"{'cozum_basligi': 'Kırtasiye malzeme temini', 'adimlar': ['Adım 1: Talep departman yöneticisi onayına iletilir.', 'Adım 2: Depo stoğundan malzemeler hazırlanır.', 'Adım 3: Malzemeler belirtilen teslimat lokasyonuna gönderilir.'], 'self_service_uygun_mu': False}","['malzeme_listesi_miktar', 'departman', 'teslimat_lokasyonu']","Hangi malzemelerden ne miktarda ihtiyacınız var, liste hâlinde belirtebilir misiniz?"
T-3096,"CRM sistemine yeni giriş yetkisi verilmesi gerekiyor, yöneticim Tolga Aslan onaylayabilir. Bu konuda epeydir mağdurum, lütfen hızlı dönüş yapar mısınız?",Hizmet Talebi (Service Request),Bilgi Teknolojileri,Güvenlik ve Erişim,Sistem/Klasör Yetki Talebi,Orta,"{'cozum_basligi': 'Sistem/klasör yetki tanımlama süreci', 'adimlar': ['Adım 1: Talep, ilgili departman yöneticisinin onayına gönderilir.', 'Adım 2: Onay sonrası erişim, en az yetki prensibiyle tanımlanır.', 'Adım 3: Yetki tanımlandıktan sonra kullanıcıya bilgilendirme yapılır ve ticket kapatılır.'], 'self_service_uygun_mu': False}","['kullanici_adi', 'erisim_seviyesi', 'departman']",Okuma yetkisi mi yoksa yazma/düzenleme yetkisi mi gerekiyor?
T-3097,"Mavi Lojistik Ltd. IBAN'ını değiştirmiş, mutabakat yapmadan ödeme geçmeyelim.",Hizmet Talebi (Service Request),Finans,Masraf & Ödeme,Tedarikçi IBAN/Vade Mutabakatı,Yüksek,"{'cozum_basligi': 'Tedarikçi IBAN/vade mutabakat süreci', 'adimlar': ['Adım 1: Tedarikçinin sistemde kayıtlı IBAN ve vade koşulları kontrol edilir.', 'Adım 2: Tedarikçiden güncel IBAN/vade bilgisini teyit eden resmi yazı istenir.', 'Adım 3: Bilgiler güncellendikten sonra mutabakat formu karşılıklı imzalanarak kapatılır.'], 'self_service_uygun_mu': False}","['tedarikci_adi', 'mevcut_iban', 'yeni_iban_bilgisi']",Tedarikçinin IBAN bilgisi mi değişti yoksa vade koşullarında bir anlaşmazlık mı var?
T-3098,Onay akisinda yoneticim gorunmuyor bos geliyor seccim ekrani,Arıza (Incident),Finans,Masraf & Ödeme,Onay Akışında Yönetici Görünmüyor Sorunu,Orta,"{'cozum_basligi': 'Onay akışı yönetici ataması düzeltme süreci', 'adimlar': ['Adım 1: Organizasyon şemasında çalışanın tanımlı yöneticisi sistemden kontrol edilir.', 'Adım 2: Yönetici ayrılmış/değişmiş ise onay akışı güncel yöneticiye yeniden atanır.', 'Adım 3: Bekleyen tüm formlar yeni onay akışına manuel olarak yönlendirilir.'], 'self_service_uygun_mu': False}","['ad_soyad', 'form_no', 'eski_yonetici', 'yeni_yonetici']",Onay akışında hangi form takılı kaldı ve eski yöneticiniz mi hâlâ sistemde görünüyor?
T-3099,28 Şubat tarihinde ise baslayacak Gokhan Kara icin yeni hesap acilmasi gerekiyor.,Hizmet Talebi (Service Request),Bilgi Teknolojileri,Güvenlik ve Erişim,Yeni Kullanıcı Hesabı,Orta,"{'cozum_basligi': 'Yeni kullanıcı hesabı açma süreci', 'adimlar': [""Adım 1: İK'dan işe giriş onayı ve pozisyon bilgisi teyit edilir."", 'Adım 2: Aktif Dizin üzerinde hesap oluşturulur ve gerekli grup üyelikleri tanımlanır.', 'Adım 3: E-posta ve sistem erişim bilgileri ilk giriş kılavuzuyla birlikte iletilir.'], 'self_service_uygun_mu': False}","['ad_soyad', 'departman', 'ise_baslama_tarihi', 'pozisyon']",Bu hesap hangi pozisyon için açılacak ve yöneticisi kim olacak?
T-3100,"Rica etsem acil 27 Mayıs tarihinden beri VPN bağlantım hiç kurulmuyor, evden çalışamıyorum.",Hizmet Talebi (Service Request),Bilgi Teknolojileri,Ağ/Network,VPN Erişim Sorunu,Orta,"{'cozum_basligi': 'VPN bağlantı sorunu çözümü', 'adimlar': ['Adım 1: VPN istemcisi güncel mi kontrol edilir, kullanıcı adı/şifre doğrulanır.', 'Adım 2: İnternet bağlantısı ve güvenlik duvarı ayarları kontrol edilir, istemci yeniden başlatılır.', 'Adım 3: Erişim devam etmiyorsa VPN sertifikası/erişim yetkisi için ticket açılır.'], 'self_service_uygun_mu': True}","['kullanici_adi', 'cihaz_turu', 'hata_mesaji']",VPN'e hiç bağlanamıyor musunuz yoksa bağlanıp kısa süre sonra mı düşüyorsunuz? Bir hata mesajı görüyor musunuz?
T-3101,"Berk Yazılım Ltd. bizi aradı fatura ödemesi gecikmiş, kontrol eder misiniz?",Bilgi Talebi (Information),Finans,Masraf & Ödeme,Fatura Ödeme Takibi,Orta,"{'cozum_basligi': 'Fatura ödeme durumu takibi', 'adimlar': ['Adım 1: Fatura numarası ile muhasebe/ERP sisteminde ödeme kaydı sorgulanır.', 'Adım 2: Ödeme planlanan tarih ve onay durumu kontrol edilir.', 'Adım 3: Gecikme varsa ödeme sorumlusuna hatırlatma yapılır ve tedarikçiye bilgi verilir.'], 'self_service_uygun_mu': True}","['fatura_no', 'vade_tarihi']","Faturanın vade tarihi geçti mi, ne kadar süredir bekliyor?"
T-3102,"Çok acil, Kurumsal kredi kartı limitim yetmiyor, seyahatlerde sürekli aşım yapıyorum.",Hizmet Talebi (Service Request),Finans,Masraf & Ödeme,Kurumsal Kredi Kartı Limit Artırımı,Orta,"{'cozum_basligi': 'Kurumsal kredi kartı limit artırım süreci', 'adimlar': ['Adım 1: Mevcut limit, kullanım geçmişi ve talep gerekçesi kaydedilir.', 'Adım 2: Yönetici ve finans müdürü onayına gönderilir.', 'Adım 3: Onay sonrası banka ile limit artırım talebi iletilir ve süreç takip edilir.'], 'self_service_uygun_mu': False}","['ad_soyad', 'mevcut_limit', 'talep_edilen_limit', 'gerekce']","Mevcut kart limitiniz nedir ve ne kadar artış talep ediyorsunuz, gerekçeniz nedir?"
T-3103,"Yazıcı kağıdı bitti, birkaç paket A4 kağıt ria ederim Ana bina lobi.",Hizmet Talebi (Service Request),İdari İşler,Satınalma/Malzeme,Kırtasiye Malzeme Talebi,Orta,"{'cozum_basligi': 'Kırtasiye malzeme temini', 'adimlar': ['Adım 1: Talep departman yöneticisi onayına iletilir.', 'Adım 2: Depo stoğundan malzemeler hazırlanır.', 'Adım 3: Malzemeler belirtilen teslimat lokasyonuna gönderilir.'], 'self_service_uygun_mu': False}","['malzeme_listesi_miktar', 'departman', 'teslimat_lokasyonu']","Hangi malzemelerden ne miktarda ihtiyacınız var, liste hâlinde belirtebilir misiniz?"
T-3104,"Yazici kagidi bitti, birkac paket A4 kagit rica ederim Ankara ofisi.",Hizmet Talebi (Service Request),İdari İşler,Satınalma/Malzeme,Kırtasiye Malzeme Talebi,Orta,"{'cozum_basligi': 'Kırtasiye malzeme temini', 'adimlar': ['Adım 1: Talep departman yöneticisi onayına iletilir.', 'Adım 2: Depo stoğundan malzemeler hazırlanır.', 'Adım 3: Malzemeler belirtilen teslimat lokasyonuna gönderilir.'], 'self_service_uygun_mu': False}","['malzeme_listesi_miktar', 'departman', 'teslimat_lokasyonu']","Hangi malzemelerden ne miktarda ihtiyacınız var, liste hâlinde belirtebilir misiniz?"
T-3105,"Yazıcı kağıdı bitti, birkaç paket A4 kağıt rica ederim Levent plaza 12. kat.",Hizmet Talebi (Service Request),İdari İşler,Satınalma/Malzeme,Kırtasiye Malzeme Talebi,Orta,"{'cozum_basligi': 'Kırtasiye malzeme temini', 'adimlar': ['Adım 1: Talep departman yöneticisi onayına iletilir.', 'Adım 2: Depo stoğundan malzemeler hazırlanır.', 'Adım 3: Malzemeler belirtilen teslimat lokasyonuna gönderilir.'], 'self_service_uygun_mu': False}","['malzeme_listesi_miktar', 'departman', 'teslimat_lokasyonu']","Hangi malzemelerden ne miktarda ihtiyacınız var, liste hâlinde belirtebilir misiniz?"
T-3106,"Rica etsem acil Tedarikçimiz ödeme yapılmadığını söylüyor ama sistemde 'ödendi' görünüyor, tutarsızlık var. Gerçekten çok sıkıntı oluyor, bir an önce ilgilenirseniz sevinirim.",Bilgi Talebi (Information),Finans,Masraf & Ödeme,Fatura Ödeme Takibi,Orta,"{'cozum_basligi': 'Fatura ödeme durumu takibi', 'adimlar': ['Adım 1: Fatura numarası ile muhasebe/ERP sisteminde ödeme kaydı sorgulanır.', 'Adım 2: Ödeme planlanan tarih ve onay durumu kontrol edilir.', 'Adım 3: Gecikme varsa ödeme sorumlusuna hatırlatma yapılır ve tedarikçiye bilgi verilir.'], 'self_service_uygun_mu': True}","['fatura_no', 'tedarikci_adi', 'tutar']",Fatura numarasını ve tedarikçi firma adını paylaşabilir misiniz?
T-3107,"Çok acil, Musterimiz kendi araciyla gelecek 5 Aralik, otoparka giris izni rica edderim.",Hizmet Talebi (Service Request),İdari İşler,Güvenlik & Ulaşım,Misafir Otopark İzni,Orta,"{'cozum_basligi': 'Misafir otopark giriş izni tanımlama', 'adimlar': ['Adım 1: Misafirin plaka bilgisi ve ziyaret tarihi/saati alınır.', 'Adım 2: Güvenlik birimine otopark giriş izni tanımlanır.', 'Adım 3: Misafir giriş yaptığında güvenlik plaka üzerinden yönlendirme yapar.'], 'self_service_uygun_mu': False}","['misafir_ad_soyad', 'plaka_no', 'ziyaret_tarihi_saati']",Misafirinizin plaka bilgisi ve ziyaret saati nedir?
T-3108,"Dosya sunucusuna erişim kesildi, tüm departmanlar dosylara ulaşamıyor.",Arıza (Incident),Bilgi Teknolojileri,Sunucu/Sistem,Sunucu/Servis Kesintisi,Kritik,"{'cozum_basligi': 'Sunucu/servis kesintisi acil müdahale', 'adimlar': ['Adım 1: Sunucu/servis durumu izleme panelinden kontrol edilir, etkilenen servisler belirlenir.', 'Adım 2: Sunucu ekibi tarafından servis yeniden başlatılır veya yük devretme (failover) uygulanır.', 'Adım 3: Kök neden analizi için kritik öncelikli ticket açılır ve ilgili birimlere bilgi verilir.'], 'self_service_uygun_mu': False}","['etkilenen_sistem_adi', 'baslangic_zamani', 'etkilenen_kullanici_sayisi']","Hangi sistem/servis erişilemiyor ve kaç kullanıcıyı etkiliyor, sorun ne zaman başladı?"
T-3109,Coklu para birimi faturasi girerkken sistem hata veriyor,Hizmet Talebi (Service Request),Finans,Masraf & Ödeme,Çoklu Para Birimli Fatura Girişi,Orta,"{'cozum_basligi': 'Çoklu para birimli fatura giriş desteği', 'adimlar': ['Adım 1: Faturanın orijinal para birimi ve tutarı doğrulanır.', 'Adım 2: ERP sisteminde ilgili para birimi tanımlı değilse muhasebe sistem ekibi tanımlama yapar.', 'Adım 3: Fatura, güncel kur ile TL karşılığı hesaplanarak sisteme işlenir.'], 'self_service_uygun_mu': False}","['fatura_no', 'tedarikci_adi', 'para_birimi', 'tutar']",Faturanın para birimi nedir (USD/EUR/GBP) ve sistemde bu para birimiyle giriş yapabiliyor musunuz?
T-3110,12 Eylül tarihinde işe başlayacak Cansu Kılıç için yeni hesap açılması gerekiyor.,Hizmet Talebi (Service Request),Bilgi Teknolojileri,Güvenlik ve Erişim,Yeni Kullanıcı Hesabı,Orta,"{'cozum_basligi': 'Yeni kullanıcı hesabı açma süreci', 'adimlar': [""Adım 1: İK'dan işe giriş onayı ve pozisyon bilgisi teyit edilir."", 'Adım 2: Aktif Dizin üzerinde hesap oluşturulur ve gerekli grup üyelikleri tanımlanır.', 'Adım 3: E-posta ve sistem erişim bilgileri ilk giriş kılavuzuyla birlikte iletilir.'], 'self_service_uygun_mu': False}","['ad_soyad', 'yonetici_adi', 'gerekli_sistemler']",Bu hesap hangi pozisyon için açılacak ve yöneticisi kim olacak?
T-3111,Evden baglanamiyorum vpn e sürekli hata veriyor,Arıza (Incident),Bilgi Teknolojileri,Ağ/Network,VPN Erişim Sorunu,Orta,"{'cozum_basligi': 'VPN bağlantı sorunu çözümü', 'adimlar': ['Adım 1: VPN istemcisi güncel mi kontrol edilir, kullanıcı adı/şifre doğrulanır.', 'Adım 2: İnternet bağlantısı ve güvenlik duvarı ayarları kontrol edilir, istemci yeniden başlatılır.', 'Adım 3: Erişim devam etmiyorsa VPN sertifikası/erişim yetkisi için ticket açılır.'], 'self_service_uygun_mu': True}","['kullanici_adi', 'cihaz_turu', 'hata_mesaji']",VPN'e hiç bağlanamıyor musunuz yoksa bağlanıp kısa süre sonra mı düşüyorsunuz? Bir hata mesajı görüyor musunuz?
T-3112,Işten cikis bildigresi lazim yeni ise baslarken istediler,Hizmet Talebi (Service Request),İnsan Kaynakları,Bordro & Özlük,SGK Giriş/Çıkış Evrakı Talebi,Düşük,"{'cozum_basligi': 'SGK giriş/çıkış evrakı düzenleme', 'adimlar': ['Adım 1: Talep edilen belgenin türü (işe giriş bildirgesi/işten ayrılış bildirgesi) teyit edilir.', 'Adım 2: SGK e-Bildirge sisteminden ilgili belge sorgulanır ve çıktısı alınır.', 'Adım 3: Belge onaylanıp çalışana e-posta veya elden iletilir.'], 'self_service_uygun_mu': False}","['ad_soyad', 'sicil_no', 'belge_turu', 'kullanim_amaci']","İşe giriş bildirgesi mi yoksa işten ayrılış bildirgesi mi gerekiyor, hangi amaçla kullanılacak?"
T-3113,"Rica etsem acil Tüm kat internetsiz kaldı, Çağrı merkezi katı, çok acil! İşlerim çok aksıyor, acil çözüm bekliyorum.",Arıza (Incident),Bilgi Teknolojileri,Ağ/Network,İnternet Bağlantı Sorunu,Yüksek,"{'cozum_basligi': 'İnternet bağlantı arızası ilk müdahale', 'adimlar': ['Adım 1: Modem/router yeniden başlatılır, kablo bağlantıları kontrol edilir.', 'Adım 2: Farklı bir cihaz veya prizden bağlantı test edilir.', 'Adım 3: Sorun devam ederse altyapı ekibine ticket açılır ve etkilenen kişi sayısı raporlanır.'], 'self_service_uygun_mu': True}","['ofis_lokasyon', 'etkilenen_kisi_sayisi', 'baslangic_zamani']","İnternet hiç mi yok yoksa çok mu yavaş, ayrıca sadece siz mi etkileniyorsunuz yoksa tüm kat mı?"
T-3114,Nazlı Koç - fatura EUR olarak kesildi ama TL'ye çevrilirken güncel kur kullanılmamış sanırım.,Bilgi Talebi (Information),Finans,Masraf & Ödeme,Döviz Kuru Farkı/Uyumsuzluğu,Yüksek,"{'cozum_basligi': 'Döviz kuru farkı/uyumsuzluğu inceleme süreci', 'adimlar': ['Adım 1: Harcama tarihindeki resmi TCMB kuru ile sistemde kullanılan kur karşılaştırılır.', 'Adım 2: Fark tespit edilirse hangi kur kaynağının kullanıldığı muhasebe ile teyit edilir.', 'Adım 3: Hatalı hesaplama varsa düzeltme kaydı oluşturulur ve fark tazmin edilir.'], 'self_service_uygun_mu': False}","['ad_soyad', 'harcama_tarihi', 'doviz_tutar', 'kullanilan_kur']","Harcamanızın tarihini ve hangi döviz cinsinden olduğunu paylaşabilir misiniz, hangi kur baz alınmış görüyorsunuz?"
T-3115,Fatura odemesi ne zaman yapilacak vadesi gecti sannirim,Bilgi Talebi (Information),Finans,Masraf & Ödeme,Fatura Ödeme Takibi,Yüksek,"{'cozum_basligi': 'Fatura ödeme durumu takibi', 'adimlar': ['Adım 1: Fatura numarası ile muhasebe/ERP sisteminde ödeme kaydı sorgulanır.', 'Adım 2: Ödeme planlanan tarih ve onay durumu kontrol edilir.', 'Adım 3: Gecikme varsa ödeme sorumlusuna hatırlatma yapılır ve tedarikçiye bilgi verilir.'], 'self_service_uygun_mu': True}","['fatura_no', 'vade_tarihi']","Faturanın vade tarihi geçti mi, ne kadar süredir bekliyor?"
T-3116,"Rica etsem acil Sut iznimi ogleden once kullanmak istiyorum mumkun mu Bu konuda epeydir mağdurum, lütfen hızlı dönüş yapar mısınız?",Hizmet Talebi (Service Request),İnsan Kaynakları,İzin Yönetimi,Süt İzni Talebi,Orta,"{'cozum_basligi': 'Süt izni düzenleme süreci', 'adimlar': ['Adım 1: Doğum tarihi teyit edilerek yasal süt izni hakkı (ilk 6 ay günde 1,5 saat) hesaplanır.', 'Adım 2: Çalışma saatlerine nasıl entegre edileceği (sabah/akşam/tek seferde) belirlenir.', 'Adım 3: Yönetici bilgilendirilir ve süt izni takvime/çalışma planına işlenir.'], 'self_service_uygun_mu': False}","['ad_soyad', 'dogum_tarihi', 'tercih_edilen_saat']","Süt izninizi günün hangi saatinde kullanmak istersiniz, sabah mı akşam mı?"
T-3117,Yazıcı kağıt sıkıştırıyor sürekli Çağrı merkezi katı,Arıza (Incident),İdari İşler,Ofis Ekipmanı,Yazıcı/Fotokopi Arıza Bildirimi,Orta,"{'cozum_basligi': 'Yazıcı/fotokopi arıza giderme', 'adimlar': ['Adım 1: Kağıt sıkışması, kapak açık kalması gibi görünür arızalar kontrol edilir.', 'Adım 2: Cihaz yeniden başlatılır ve sürücü/bağlantı ayarları kontrol edilir.', 'Adım 3: Sorun devam ederse teknik servis çağrısı için ticket açılır.'], 'self_service_uygun_mu': True}","['yazici_lokasyon', 'hata_kodu']","Yazıcı hiç çalışmıyor mu, kağıt mı sıkıştı yoksa çıktı kalitesi mi kötü?"
T-3118,Misafirim gelecek ogleden sonra giris kaydi acilmasi lazim,Hizmet Talebi (Service Request),İdari İşler,Güvenlik & Ulaşım,Ziyaretçi Giriş Talebi,Düşük,"{'cozum_basligi': 'Ziyaretçi giriş kaydı oluşturma', 'adimlar': ['Adım 1: Ziyaretçi bilgileri (ad soyad, TC/kimlik, ziyaret amacı) alınır.', 'Adım 2: Güvenlik birimine ziyaret tarihi ve saati bildirilir.', 'Adım 3: Ziyaretçi giriş gününde resepsiyonda kayıt yapılıp kartı teslim edilir.'], 'self_service_uygun_mu': False}","['ziyaretci_ad_soyad', 'ziyaret_tarihi_saati', 'ziyaret_edilen_kisi']","Ziyaretçinin adı, ziyaret tarihi/saati ve kimi ziyaret edeceği bilgisini alabilir miyim?"
T-3119,"Müşteri Hizmetleri ortak paylaşım alanına erişim talep ediyorum, yöneticim onaylayacak.",Hizmet Talebi (Service Request),Bilgi Teknolojileri,Güvenlik ve Erişim,Sistem/Klasör Yetki Talebi,Orta,"{'cozum_basligi': 'Sistem/klasör yetki tanımlama süreci', 'adimlar': ['Adım 1: Talep, ilgili departman yöneticisinin onayına gönderilir.', 'Adım 2: Onay sonrası erişim, en az yetki prensibiyle tanımlanır.', 'Adım 3: Yetki tanımlandıktan sonra kullanıcıya bilgilendirme yapılır ve ticket kapatılır.'], 'self_service_uygun_mu': False}","['kullanici_adi', 'erisim_seviyesi', 'departman']",Okuma yetkisi mi yoksa yazma/düzenleme yetkisi mi gerekiyor?
T-3120,"Lütfen acil Excel de makrro calistiramiyorum ek modul mi lazim bilmiyorum Bu konuda epeydir mağdurum, lütfen hızlı dönüş yapar mısınız?",Hizmet Talebi (Service Request),Bilgi Teknolojileri,Yazılım,Yazılım Lisans/Kurulum Talebi,Düşük,"{'cozum_basligi': 'Yazılım lisans/kurulum süreci', 'adimlar': ['Adım 1: Talep, lisans uygunluğu ve yönetici onayı için değerlendirilir.', 'Adım 2: Lisans anahtarı temin edilir veya mevcut lisans havuzundan atama yapılır.', 'Adım 3: Kurulum IT ekibi tarafından uzaktan veya yerinde gerçekleştirilir.'], 'self_service_uygun_mu': False}","['yazilim_adi', 'departman', 'lisans_suresi']",Yeni bir kurulum mu yoksa mevcut lisansın yenilenmesi mi gerekiyor?
T-3121,İkinci monitörüm titreşim yapıyor ve renkler bozuk çıkıyor.,Arıza (Incident),Bilgi Teknolojileri,Donanım,Monitör/Çevre Birimi Arızası,Yüksek,"{'cozum_basligi': 'Monitör/çevre birimi arıza tespiti', 'adimlar': ['Adım 1: Kablo bağlantıları (HDMI/VGA/güç) ve monitör güç düğmesi kontrol edilir.', 'Adım 2: Farklı bir kablo veya port ile test yapılır.', 'Adım 3: Arıza devam ediyorsa cihaz değişimi için IT saha ekibine ticket açılır.'], 'self_service_uygun_mu': True}","['cihaz_turu', 'kullanici_adi', 'ofis_lokasyon']",Ekranda hiç görüntü mü yok yoksa titreme/renk bozukluğu mu var?
T-3122,"Bilgisayar açılırken mavi ekran hatası veriyor, tekrar tekrar deniyorum olmuyor. Bunun yanında Klavyem de arada tuş basmıyor, onu da kontrol ettirmek isterim",Arıza (Incident),Bilgi Teknolojileri,Donanım,Bilgisayar Arıza/Onarım,Orta,"{'cozum_basligi': 'Bilgisayar donanım arızası ilk müdahale', 'adimlar': ['Adım 1: Cihaz kapatılıp yeniden başlatılır, güç kablosu ve bağlantılar kontrol edilir.', 'Adım 2: Uzaktan tanı aracıyla donanım sağlık testi çalıştırılır.', 'Adım 3: Sorun devam ederse yerinde teknik destek için ticket açılır ve teknisyen yönlendirilir.'], 'self_service_uygun_mu': True}","['cihaz_seri_no', 'ofis_lokasyon', 'ariza_tanimi']","Cihazınız hiç açılmıyor mu yoksa açılıp kapanıyor mu, ayrıca cihazın seri numarasını paylaşabilir misiniz?"
T-3123,"Excel programı çok yavaş açılıyor, bazen hiç yanıt vermiyor.",Hizmet Talebi (Service Request),Bilgi Teknolojileri,Yazılım,Uygulama Hatası (Outlook/Teams/Excel vb.),Orta,"{'cozum_basligi': 'Uygulama hatası giderme', 'adimlar': ['Adım 1: Uygulama tamamen kapatılıp yeniden açılır, gerekirse bilgisayar yeniden başlatılır.', 'Adım 2: Uygulama güncellemesi kontrol edilir ve önbellek/geçici dosyalar temizlenir.', 'Adım 3: Hata devam ederse ekran görüntüsüyle birlikte yazılım destek ekibine ticket açılır.'], 'self_service_uygun_mu': True}","['uygulama_adi', 'hata_mesaji', 'kullanici_adi']","Hangi uygulamada ve tam olarak ne zaman bu hatayı alıyorsunuz, ekran görüntüsü paylaşabilir misiniz?"
T-3124,"Ofisimizdeki koltuklar çok eskdii, ekip olarak değişim talep ediyoruz.",Hizmet Talebi (Service Request),İdari İşler,Satınalma/Malzeme,Ofis Mobilya Değişimi,Orta,"{'cozum_basligi': 'Ofis mobilyası değişim süreci', 'adimlar': ['Adım 1: Mevcut mobilyanın durumu değerlendirilir ve değişim gerekçesi kaydedilir.', 'Adım 2: Bütçe/onay süreci tamamlandıktan sonra satınalma talebi açılır.', 'Adım 3: Yeni mobilya teslim alınıp kurulumu yapılır, eski mobilya değişim için alınır.'], 'self_service_uygun_mu': False}","['mobilya_turu', 'ofis_lokasyon', 'degisim_gerekcesi']",Hangi mobilyanın değişmesini istiyorsunuz ve mevcut olanın sorunu nedir?
T-3125,"Formu onaylayacak kişi sistemde 'pasif kullanıcı' olarak görünüyor, işlem tıkandı. İşlerim çok aksıyor, acil çözüm bekliyorum.",Arıza (Incident),Finans,Masraf & Ödeme,Onay Akışında Yönetici Görünmüyor Sorunu,Orta,"{'cozum_basligi': 'Onay akışı yönetici ataması düzeltme süreci', 'adimlar': ['Adım 1: Organizasyon şemasında çalışanın tanımlı yöneticisi sistemden kontrol edilir.', 'Adım 2: Yönetici ayrılmış/değişmiş ise onay akışı güncel yöneticiye yeniden atanır.', 'Adım 3: Bekleyen tüm formlar yeni onay akışına manuel olarak yönlendirilir.'], 'self_service_uygun_mu': False}","['ad_soyad', 'form_no', 'eski_yonetici', 'yeni_yonetici']",Onay akışında hangi form takılı kaldı ve eski yöneticiniz mi hâlâ sistemde görünüyor?
T-3126,"Kaan Öztürk - soyadım resmi olarak değişti, bordro ve mail imzamda da güncellenmesi lazım.",Hizmet Talebi (Service Request),İnsan Kaynakları,Bordro & Özlük,Soyadı Değişikliği,Orta,"{'cozum_basligi': 'Soyadı değişikliği kayıt güncelleme süreci', 'adimlar': ['Adım 1: Nüfus cüzdanı/kimlik belgesinin güncel hali çalışandan talep edilir.', 'Adım 2: İK sistemi, bordro sistemi ve e-posta imzası gibi tüm kayıtlarda soyadı güncellenir.', 'Adım 3: Güncelleme tamamlandığında çalışana ve ilgili birimlere (IT, muhasebe) bilgi verilir.'], 'self_service_uygun_mu': False}","['ad_soyad', 'eski_soyad', 'yeni_kimlik_belgesi']","Yeni kimlik belgenizi paylaşabilir misiniz, hangi sistemlerde güncelleme yapmamızı istersiniz?"
T-3127,"Misafirim gelecek ogleden sonra giris kaydi acimlasi lazim İşlerim çok aksıyor, acil çözüm bekliyorum.",Hizmet Talebi (Service Request),İdari İşler,Güvenlik & Ulaşım,Ziyaretçi Giriş Talebi,Orta,"{'cozum_basligi': 'Ziyaretçi giriş kaydı oluşturma', 'adimlar': ['Adım 1: Ziyaretçi bilgileri (ad soyad, TC/kimlik, ziyaret amacı) alınır.', 'Adım 2: Güvenlik birimine ziyaret tarihi ve saati bildirilir.', 'Adım 3: Ziyaretçi giriş gününde resepsiyonda kayıt yapılıp kartı teslim edilir.'], 'self_service_uygun_mu': False}","['ziyaretci_ad_soyad', 'ziyaret_tarihi_saati', 'ziyaret_edilen_kisi']","Ziyaretçinin adı, ziyaret tarihi/saati ve kimi ziyaret edeceği bilgisini alabilir miyim?"
T-3128,2. kat topantı koridoru yazıcısı 'kağıt sıkıştı' uyarısı veriyor ama içeride kağıt görünmüyor.,Arıza (Incident),İdari İşler,Ofis Ekipmanı,Yazıcı/Fotokopi Arıza Bildirimi,Yüksek,"{'cozum_basligi': 'Yazıcı/fotokopi arıza giderme', 'adimlar': ['Adım 1: Kağıt sıkışması, kapak açık kalması gibi görünür arızalar kontrol edilir.', 'Adım 2: Cihaz yeniden başlatılır ve sürücü/bağlantı ayarları kontrol edilir.', 'Adım 3: Sorun devam ederse teknik servis çağrısı için ticket açılır.'], 'self_service_uygun_mu': True}","['yazici_lokasyon', 'hata_kodu']",Hangi kattaki/lokasyondaki yazıcıdan bahsediyorsunuz?
T-3129,"Ankara ofisi yazıcısının toneri neredeyse btiti, yedek talep ediyorum.",Hizmet Talebi (Service Request),İdari İşler,Ofis Ekipmanı,Toner/Kartuş Talebi,Düşük,"{'cozum_basligi': 'Toner/kartuş temin süreci', 'adimlar': ['Adım 1: Depo stok durumu kontrol edilir.', 'Adım 2: Uygun toner/kartuş belirtilen yazıcı lokasyonuna teslim edilir.', 'Adım 3: Stokta bulunmuyorsa satınalma süreci tetiklenir ve tahmini teslim süresi bildirilir.'], 'self_service_uygun_mu': False}","['yazici_lokasyon', 'yazici_marka_model', 'toner_kartus_kodu']","Yazıcının marka ve modeli nedir, doğru toner kodunu belirleyebilmemiz için gerekli?"
T-3130,"Volkan Çetin - masaüstü bilgisayarımın fanı çok ses yapıyor ve ısınıyor, dikkatimi dağıtıyor.",Arıza (Incident),Bilgi Teknolojileri,Donanım,Bilgisayar Arıza/Onarım,Orta,"{'cozum_basligi': 'Bilgisayar donanım arızası ilk müdahale', 'adimlar': ['Adım 1: Cihaz kapatılıp yeniden başlatılır, güç kablosu ve bağlantılar kontrol edilir.', 'Adım 2: Uzaktan tanı aracıyla donanım sağlık testi çalıştırılır.', 'Adım 3: Sorun devam ederse yerinde teknik destek için ticket açılır ve teknisyen yönlendirilir.'], 'self_service_uygun_mu': True}","['cihaz_seri_no', 'ofis_lokasyon', 'ariza_tanimi']",Sorun ne zaman başladı ve hangi lokasyondaki cihazdan bahsediyoruz?
T-3131,"Yöneticim onayladı, PowerPoint lisansımın aktifleştirilmesini rica ederim.",Hizmet Talebi (Service Request),Bilgi Teknolojileri,Yazılım,Yazılım Lisans/Kurulum Talebi,Orta,"{'cozum_basligi': 'Yazılım lisans/kurulum süreci', 'adimlar': ['Adım 1: Talep, lisans uygunluğu ve yönetici onayı için değerlendirilir.', 'Adım 2: Lisans anahtarı temin edilir veya mevcut lisans havuzundan atama yapılır.', 'Adım 3: Kurulum IT ekibi tarafından uzaktan veya yerinde gerçekleştirilir.'], 'self_service_uygun_mu': False}","['yazilim_adi', 'kullanici_adi', 'onay_bilgisi']",Hangi yazılımın lisansına/kurulumuna ihtiyacınız var ve bu talep yöneticiniz tarafından onaylandı mı?
T-3132,"Zeynep Kaya - dogum iznim bitiyor yakinda, yari zamanli calisma hakkimi ogrenebilir miyim?",Hizmet Talebi (Service Request),İnsan Kaynakları,İzin Yönetimi,Doğum/Analık İzni Talebi,Yüksek,"{'cozum_basligi': 'Doğum/analık izni tanımlama süreci', 'adimlar': ['Adım 1: Doktor raporu ve tahmini/gerçek doğum tarihi talep edilir.', 'Adım 2: Yasal doğum öncesi 8 hafta - doğum sonrası 8 hafta izin süresi hesaplanır.', ""Adım 3: İzin süresi SGK'ya bildirilir ve bordro/İK sisteminde işlenir.""], 'self_service_uygun_mu': False}","['ad_soyad', 'tahmini_dogum_tarihi', 'doktor_raporu']","Tahmini doğum tarihiniz nedir, doktor raporunuzu paylaşabilir misiniz?"
T-3133,Evden baglanamiyorum vpn e sürekli hata veriyor. Ayrıca Ayrıca outlook'um da senkronize olmuyor evden bağlanınca Teşekkür ederim şimdiden.,Arıza (Incident),Bilgi Teknolojileri,Ağ/Network,VPN Erişim Sorunu,Orta,"{'cozum_basligi': 'VPN bağlantı sorunu çözümü', 'adimlar': ['Adım 1: VPN istemcisi güncel mi kontrol edilir, kullanıcı adı/şifre doğrulanır.', 'Adım 2: İnternet bağlantısı ve güvenlik duvarı ayarları kontrol edilir, istemci yeniden başlatılır.', 'Adım 3: Erişim devam etmiyorsa VPN sertifikası/erişim yetkisi için ticket açılır.'], 'self_service_uygun_mu': True}","['kullanici_adi', 'cihaz_turu', 'hata_mesaji']",VPN'e hiç bağlanamıyor musunuz yoksa bağlanıp kısa süre sonra mı düşüyorsunuz? Bir hata mesajı görüyor musunuz?
T-3134,Esra Özdemir - yurtdışı proje nedeniyle kart limitimin geçici olarak artırılmasını rica ederim.,Hizmet Talebi (Service Request),Finans,Masraf & Ödeme,Kurumsal Kredi Kartı Limit Artırımı,Yüksek,"{'cozum_basligi': 'Kurumsal kredi kartı limit artırım süreci', 'adimlar': ['Adım 1: Mevcut limit, kullanım geçmişi ve talep gerekçesi kaydedilir.', 'Adım 2: Yönetici ve finans müdürü onayına gönderilir.', 'Adım 3: Onay sonrası banka ile limit artırım talebi iletilir ve süreç takip edilir.'], 'self_service_uygun_mu': False}","['ad_soyad', 'mevcut_limit', 'talep_edilen_limit', 'gerekce']","Mevcut kart limitiniz nedir ve ne kadar artış talep ediyorsunuz, gerekçeniz nedir?"
T-3135,Kargom kayip gorunuyor sistemde teslim edildi yaziyor ama elime ulasmadi,Hizmet Talebi (Service Request),İdari İşler,Satınalma/Malzeme,Kargo/Kurye Teslimat Takibi,Orta,"{'cozum_basligi': 'Kargo/kurye teslimat takibi', 'adimlar': ['Adım 1: Kargo takip numarası ve gönderici bilgisi ile kargo firması sistemi kontrol edilir.', 'Adım 2: Resepsiyon/depo teslim kaydı kontrol edilerek paketin durumu netleştirilir.', 'Adım 3: Paket bulunamıyorsa kargo firmasına resmi kayıp/gecikme bildirimi açılır.'], 'self_service_uygun_mu': True}","['gonderici_bilgisi', 'teslimat_lokasyonu']","Kargo ne zaman gönderildi, teslimat için beklediğiniz lokasyon neresi?"
T-3136,"Çok acil, Yazıcı kartuşu değişmesi gerekiyor, mürekkep bitti sanırım.",Hizmet Talebi (Service Request),İdari İşler,Ofis Ekipmanı,Toner/Kartuş Talebi,Düşük,"{'cozum_basligi': 'Toner/kartuş temin süreci', 'adimlar': ['Adım 1: Depo stok durumu kontrol edilir.', 'Adım 2: Uygun toner/kartuş belirtilen yazıcı lokasyonuna teslim edilir.', 'Adım 3: Stokta bulunmuyorsa satınalma süreci tetiklenir ve tahmini teslim süresi bildirilir.'], 'self_service_uygun_mu': False}","['yazici_lokasyon', 'yazici_marka_model', 'toner_kartus_kodu']","Yazıcının marka ve modeli nedir, doğru toner kodunu belirleyebilmemiz için gerekli?"
T-3137,Toplanti odasindaki erkan hic acilmiyor sunum yapamiyoruz,Arıza (Incident),İdari İşler,Ofis Ekipmanı,Toplantı Odası Ekipman Arızası (ClickShare/Projeksiyon),Yüksek,"{'cozum_basligi': 'Toplantı odası ekran/görüntü aktarım arızası giderme', 'adimlar': ['Adım 1: ClickShare/HDMI kablosu ve cihazın güç bağlantısı kontrol edilir.', 'Adım 2: Ekran/projeksiyon cihazı yeniden başlatılır, giriş kaynağı kontrol edilir.', 'Adım 3: Sorun devam ederse toplantı öncesi acil teknik destek için ticket açılır.'], 'self_service_uygun_mu': True}","['oda_adi', 'hata_tanimi']",ClickShare mi yoksa HDMI/projeksiyon bağlantısında mı sorun yaşıyorsunuz?
T-3138,"Acilen Yazıcıdan çıktılar çok sooluk çıkıyor, okunmuyor neredeyse. Gerçekten çok sıkıntı oluyor, bir an önce ilgilenirseniz sevinirim.",Arıza (Incident),İdari İşler,Ofis Ekipmanı,Yazıcı/Fotokopi Arıza Bildirimi,Yüksek,"{'cozum_basligi': 'Yazıcı/fotokopi arıza giderme', 'adimlar': ['Adım 1: Kağıt sıkışması, kapak açık kalması gibi görünür arızalar kontrol edilir.', 'Adım 2: Cihaz yeniden başlatılır ve sürücü/bağlantı ayarları kontrol edilir.', 'Adım 3: Sorun devam ederse teknik servis çağrısı için ticket açılır.'], 'self_service_uygun_mu': True}","['yazici_lokasyon', 'hata_kodu']",Hangi kattaki/lokasyondaki yazıcıdan bahsediyorsunuz?
T-3139,"Lütfen acil Kurumsal kredi kartı limitim yetmiyor, seyahatlerde sürekli aşım yapıyorum. Gerçekten çok sıkıntı oluyor, bir an önce ilgilenirseniz sevinirim.",Hizmet Talebi (Service Request),Finans,Masraf & Ödeme,Kurumsal Kredi Kartı Limit Artırımı,Orta,"{'cozum_basligi': 'Kurumsal kredi kartı limit artırım süreci', 'adimlar': ['Adım 1: Mevcut limit, kullanım geçmişi ve talep gerekçesi kaydedilir.', 'Adım 2: Yönetici ve finans müdürü onayına gönderilir.', 'Adım 3: Onay sonrası banka ile limit artırım talebi iletilir ve süreç takip edilir.'], 'self_service_uygun_mu': False}","['ad_soyad', 'mevcut_limit', 'talep_edilen_limit', 'gerekce']","Mevcut kart limitiniz nedir ve ne kadar artış talep ediyorsunuz, gerekçeniz nedir?"
T-3140,Ofis çok sıcak klima çalışmıyor Çağrı merkezi katı,Arıza (Incident),İdari İşler,Bina/Tesis Bakım,Klima/Isıtma Arızası,Orta,"{'cozum_basligi': 'Klima/ısıtma sistemi arıza giderme', 'adimlar': ['Adım 1: Termostat ayarları ve cihazın açık olup olmadığı kontrol edilir.', 'Adım 2: Bina teknik ekibi filtre/gaz durumunu yerinde kontrol eder.', 'Adım 3: Kalıcı arıza tespit edilirse bakım/onarım için dış servis çağrılır.'], 'self_service_uygun_mu': False}","['ofis_lokasyon', 'cihaz_konumu', 'sorun_tanimi']","Klima hiç çalışmıyor mu yoksa soğutmuyor/ısıtmıyor mu, hangi bölgedesiniz?"
T-3141,"Elektrikli yukseklik ayarli masam artik yukari kalkmiyor, dugmeye basinca ses geliyor ama hareet etmiyor.",Hizmet Talebi (Service Request),İdari İşler,Bina/Tesis Bakım,Ofis Mobilya Arızası (Ergonomik Masa/Koltuk),Orta,"{'cozum_basligi': 'Ergonomik mobilya arıza/bakım süreci', 'adimlar': ['Adım 1: Arızanın türü (mekanizma, yükseklik ayarı, tekerlek vb.) tespit edilir.', 'Adım 2: Bina bakım ekibi basit onarımı yerinde dener.', 'Adım 3: Onarılamıyorsa parça değişimi veya mobilya değişimi için satınalma sürecine yönlendirilir.'], 'self_service_uygun_mu': False}","['mobilya_turu', 'ofis_lokasyon', 'ariza_tanimi']","Koltuğunuzda mı yoksa masanızda mı sorun var, tam olarak ne arızalandı?"
T-3142,"Rica etsem acil Toros Nakliyat IBAN'ını değiştirmiş, mutabakat yapmadan ödeme geçmeyelim. Teşekkür ederim şimdiden.",Bilgi Talebi (Information),Finans,Masraf & Ödeme,Tedarikçi IBAN/Vade Mutabakatı,Orta,"{'cozum_basligi': 'Tedarikçi IBAN/vade mutabakat süreci', 'adimlar': ['Adım 1: Tedarikçinin sistemde kayıtlı IBAN ve vade koşulları kontrol edilir.', 'Adım 2: Tedarikçiden güncel IBAN/vade bilgisini teyit eden resmi yazı istenir.', 'Adım 3: Bilgiler güncellendikten sonra mutabakat formu karşılıklı imzalanarak kapatılır.'], 'self_service_uygun_mu': False}","['tedarikci_adi', 'vade_gun_sayisi']",Tedarikçinin IBAN bilgisi mi değişti yoksa vade koşullarında bir anlaşmazlık mı var?
T-3143,Lütfen acil Wifi ye baglanamiyorum Çağrı merkezi katı sürekli şifre hatası veriyor,Arıza (Incident),Bilgi Teknolojileri,Ağ/Network,Wi-Fi Bağlantı Sorunu,Orta,"{'cozum_basligi': 'Wi-Fi bağlantı sorunu çözümü', 'adimlar': ['Adım 1: Cihazın Wi-Fi ayarları kapatılıp açılır, ağa yeniden bağlanılır.', 'Adım 2: Şifre doğru girildi mi ve sinyal gücü yeterli mi kontrol edilir.', 'Adım 3: Sorun sürüyorsa erişim noktası (AP) kontrolü için ticket açılır.'], 'self_service_uygun_mu': True}","['ofis_lokasyon', 'wifi_ag_adi']","Wi-Fi ağı görünüyor mu ama bağlanamıyor musunuz, yoksa hiç görünmüyor mu?"
T-3144,"Evlilik sonrasi sooyadim degisti, kayitlarin guncellenmesi gerekiyor.",Hizmet Talebi (Service Request),İnsan Kaynakları,Bordro & Özlük,Soyadı Değişikliği,Düşük,"{'cozum_basligi': 'Soyadı değişikliği kayıt güncelleme süreci', 'adimlar': ['Adım 1: Nüfus cüzdanı/kimlik belgesinin güncel hali çalışandan talep edilir.', 'Adım 2: İK sistemi, bordro sistemi ve e-posta imzası gibi tüm kayıtlarda soyadı güncellenir.', 'Adım 3: Güncelleme tamamlandığında çalışana ve ilgili birimlere (IT, muhasebe) bilgi verilir.'], 'self_service_uygun_mu': False}","['ad_soyad', 'eski_soyad', 'yeni_kimlik_belgesi']","Yeni kimlik belgenizi paylaşabilir misiniz, hangi sistemlerde güncelleme yapmamızı istersiniz?"
T-3145,"Seyahat masrafim 4,700.89 USD olarak girildi ama kur yanlis hesaplanmis gorunuyor.",Bilgi Talebi (Information),Finans,Masraf & Ödeme,Döviz Kuru Farkı/Uyumsuzluğu,Orta,"{'cozum_basligi': 'Döviz kuru farkı/uyumsuzluğu inceleme süreci', 'adimlar': ['Adım 1: Harcama tarihindeki resmi TCMB kuru ile sistemde kullanılan kur karşılaştırılır.', 'Adım 2: Fark tespit edilirse hangi kur kaynağının kullanıldığı muhasebe ile teyit edilir.', 'Adım 3: Hatalı hesaplama varsa düzeltme kaydı oluşturulur ve fark tazmin edilir.'], 'self_service_uygun_mu': False}","['ad_soyad', 'harcama_tarihi', 'doviz_tutar', 'kullanilan_kur']","Harcamanızın tarihini ve hangi döviz cinsinden olduğunu paylaşabilir misiniz, hangi kur baz alınmış görüyorsunuz?"
T-3146,"Izin talebimi yanlis girmisim, duzeltilmesi gerekiyor.",Hizmet Talebi (Service Request),İnsan Kaynakları,İzin Yönetimi,İzin İptal/Değişiklik,Orta,"{'cozum_basligi': 'İzin iptal/değişiklik işlemi', 'adimlar': ['Adım 1: Mevcut izin kaydı sistemde bulunur ve doğrulanır.', 'Adım 2: İptal/değişiklik talebi yöneticinin onayına yeniden gönderilir.', 'Adım 3: Onay sonrası izin bakiyesi ve takvim güncellenir.'], 'self_service_uygun_mu': True}","['ad_soyad', 'mevcut_izin_tarihi', 'yeni_talep']",İzninizi tamamen iptal mi etmek istiyorsunuz yoksa tarihini mi değiştirmek istiyorsunuz?
T-3147,Ugur Özdemir - 5 gunluk babalik iznim iciin dogum raporunu ekliyorum.,Hizmet Talebi (Service Request),İnsan Kaynakları,İzin Yönetimi,Babalık İzni Talebi,Orta,"{'cozum_basligi': 'Babalık izni tanımlama süreci', 'adimlar': ['Adım 1: Doğum tarihi ve doğum belgesi/raporu talep edilir.', 'Adım 2: Yasal 5 günlük babalık izni sisteme tanımlanır.', 'Adım 3: İzin yöneticiye bilgi amaçlı bildirilir ve takvime işlenir.'], 'self_service_uygun_mu': False}","['ad_soyad', 'dogum_tarihi', 'izin_baslangic_tarihi']","Bebeğinizin doğum tarihi nedir, izninizi doğumdan itibaren mi başlatmak istersiniz?"
T-3148,10.140 TL tutarındaki harcama formum 2 gündür beklemede.,Hizmet Talebi (Service Request),Finans,Masraf & Ödeme,Masraf/Harcama Formu Onayı,Orta,"{'cozum_basligi': 'Masraf/harcama formu onay süreci takibi', 'adimlar': ['Adım 1: Formun onay akışındaki mevcut adımı (yönetici/finans) sistemden kontrol edilir.', 'Adım 2: Bekleyen onaycıya hatırlatma bildirimi gönderilir.', 'Adım 3: Onay gecikmesi devam ederse finans ekibi manuel müdahale için ticket açar.'], 'self_service_uygun_mu': True}","['form_no', 'tutar', 'onay_bekleyen_kisi']",Formun numarasını veya harcama tutarını paylaşabilir misiniz?
T-3149,Raporlama ekranı 'veritabanına bağlanılamıyor' hatası veriyor.,Arıza (Incident),Bilgi Teknolojileri,Sunucu/Sistem,Veritabanı Erişim Hatası,Orta,"{'cozum_basligi': 'Veritabanı erişim hatası çözümü', 'adimlar': ['Adım 1: Kullanıcının veritabanı bağlantı ayarları ve yetkileri kontrol edilir.', 'Adım 2: Veritabanı servisinin çalışır durumda olup olmadığı sistem ekibince doğrulanır.', 'Adım 3: Yetki/bağlantı sorunu devam ediyorsa veritabanı yöneticisine (DBA) ticket yönlendirilir.'], 'self_service_uygun_mu': False}","['uygulama_adi', 'hata_kodu', 'erisim_zamani']",Hangi uygulama/veritabanına erişmeye çalışıyorsunuz ve tam hata mesajı nedir?
T-3150,Toner bitti acil Levent plaza 12. kat,Hizmet Talebi (Service Request),İdari İşler,Ofis Ekipmanı,Toner/Kartuş Talebi,Düşük,"{'cozum_basligi': 'Toner/kartuş temin süreci', 'adimlar': ['Adım 1: Depo stok durumu kontrol edilir.', 'Adım 2: Uygun toner/kartuş belirtilen yazıcı lokasyonuna teslim edilir.', 'Adım 3: Stokta bulunmuyorsa satınalma süreci tetiklenir ve tahmini teslim süresi bildirilir.'], 'self_service_uygun_mu': False}","['yazici_lokasyon', 'yazici_marka_model', 'toner_kartus_kodu']","Yazıcının marka ve modeli nedir, doğru toner kodunu belirleyebilmemiz için gerekli?"
T-3151,"Cansu Şimşek - 5 günlük sağlık raporum var, işe döndüğümde bir evrak getirmem gerekiyor mu?",Hizmet Talebi (Service Request),İnsan Kaynakları,İzin Yönetimi,Sağlık Raporu/İstirahat Bildirimi,Orta,"{'cozum_basligi': 'Sağlık raporu/istirahat bildirimi işleme süreci', 'adimlar': [""Adım 1: Rapor e-Nabız/hastane sisteminden veya elden İK'ya iletilir."", 'Adım 2: Rapor süresi SGK sistemine ve bordroya işlenir.', 'Adım 3: Yöneticiye çalışanın izinli/raporlu olduğu bilgisi iletilir.'], 'self_service_uygun_mu': True}","['ad_soyad', 'rapor_baslangic_bitis_tarihi', 'rapor_belgesi']",Raporunuz kaç gün ve e-Nabız üzerinden mi yoksa elden mi ileteceksiniz?
T-3152,"Rica etsem acil Eşimi özel sağlık sigortama eklettirmek istiyorum, ne yapmam gerekiyor?",Hizmet Talebi (Service Request),İnsan Kaynakları,Bordro & Özlük,ÖSS (Özel Sağlık Sigortası) Aile Kapsamı Ekleme,Orta,"{'cozum_basligi': 'Özel sağlık sigortasına aile bireyi ekleme süreci', 'adimlar': ['Adım 1: Eklenecek aile bireyinin kimlik bilgileri ve yakınlık derecesi (eş/çocuk) alınır.', 'Adım 2: Talep sigorta şirketine İK tarafından iletilir ve poliçe güncellemesi başlatılır.', 'Adım 3: Poliçe onayı sonrası yeni sağlık kartı çalışana/aile bireyine ulaştırılır.'], 'self_service_uygun_mu': False}","['ad_soyad', 'eklenecek_kisi_tc', 'poliçe_baslangic_tarihi']","Eklemek istediğiniz kişi eşiniz mi çocuğunuz mu, kimlik bilgilerini paylaşabilir misiniz?"
T-3153,Lütfen acil Cansu Özdemir - yöneticim departman değiştirdi ama sistemde hâlâ eski yöneticim onaycı olarak görünüyor.,Hizmet Talebi (Service Request),Finans,Masraf & Ödeme,Onay Akışında Yönetici Görünmüyor Sorunu,Orta,"{'cozum_basligi': 'Onay akışı yönetici ataması düzeltme süreci', 'adimlar': ['Adım 1: Organizasyon şemasında çalışanın tanımlı yöneticisi sistemden kontrol edilir.', 'Adım 2: Yönetici ayrılmış/değişmiş ise onay akışı güncel yöneticiye yeniden atanır.', 'Adım 3: Bekleyen tüm formlar yeni onay akışına manuel olarak yönlendirilir.'], 'self_service_uygun_mu': False}","['ad_soyad', 'form_no', 'eski_yonetici', 'yeni_yonetici']",Onay akışında hangi form takılı kaldı ve eski yöneticiniz mi hâlâ sistemde görünüyor?
T-3154,"Lütfen acil Cem Aktaş - planlarım değişti, 8 Temmuz tarihindeki iznimi bir hafta sonraya alabilir miyiz? Teşekkür ederim şimdiden.",Hizmet Talebi (Service Request),İnsan Kaynakları,İzin Yönetimi,İzin İptal/Değişiklik,Düşük,"{'cozum_basligi': 'İzin iptal/değişiklik işlemi', 'adimlar': ['Adım 1: Mevcut izin kaydı sistemde bulunur ve doğrulanır.', 'Adım 2: İptal/değişiklik talebi yöneticinin onayına yeniden gönderilir.', 'Adım 3: Onay sonrası izin bakiyesi ve takvim güncellenir.'], 'self_service_uygun_mu': True}","['ad_soyad', 'mevcut_izin_tarihi', 'yeni_talep']",İzninizi tamamen iptal mi etmek istiyorsunuz yoksa tarihini mi değiştirmek istiyorsunuz?
T-3155,"Teams'e giriş yapamıyorum, 'bir sorun oluştu' hatası çıkıyor sürekli.",Arıza (Incident),Bilgi Teknolojileri,Yazılım,Uygulama Hatası (Outlook/Teams/Excel vb.),Orta,"{'cozum_basligi': 'Uygulama hatası giderme', 'adimlar': ['Adım 1: Uygulama tamamen kapatılıp yeniden açılır, gerekirse bilgisayar yeniden başlatılır.', 'Adım 2: Uygulama güncellemesi kontrol edilir ve önbellek/geçici dosyalar temizlenir.', 'Adım 3: Hata devam ederse ekran görüntüsüyle birlikte yazılım destek ekibine ticket açılır.'], 'self_service_uygun_mu': True}","['uygulama_adi', 'isletim_sistemi', 'hata_ekran_goruntusu']",Uygulama hiç açılmıyor mu yoksa belirli bir işlem sırasında mı hata veriyor?
T-3156,Servisim saatinde gelmiyor son 1 haftadir surekli gec kaliyor,Bilgi Talebi (Information),İdari İşler,Güvenlik & Ulaşım,Servis Güzergah Talebi,Orta,"{'cozum_basligi': 'Personel servis güzergahı düzenleme', 'adimlar': ['Adım 1: Talep edilen adres mevcut güzergahlara uygunluk açısından incelenir.', 'Adım 2: Ulaşım/idari işler ekibi güzergah planlamasını günceller.', 'Adım 3: Yeni güzergah bilgisi çalışana ve servis şoförüne iletilir.'], 'self_service_uygun_mu': False}","['ev_adresi', 'mevcut_hat_no', 'talep_turu']",Mevcut servis güzergahınızda mı değişiklik istiyorsunuz yoksa yeni bir durak mı ekleniyor?
T-3157,Cansu Kılıç - yurtdışı proje nedeniyle kart limitimin geçici olarak artırılmasını rica ederim.,Hizmet Talebi (Service Request),Finans,Masraf & Ödeme,Kurumsal Kredi Kartı Limit Artırımı,Yüksek,"{'cozum_basligi': 'Kurumsal kredi kartı limit artırım süreci', 'adimlar': ['Adım 1: Mevcut limit, kullanım geçmişi ve talep gerekçesi kaydedilir.', 'Adım 2: Yönetici ve finans müdürü onayına gönderilir.', 'Adım 3: Onay sonrası banka ile limit artırım talebi iletilir ve süreç takip edilir.'], 'self_service_uygun_mu': False}","['ad_soyad', 'mevcut_limit', 'talep_edilen_limit', 'gerekce']","Mevcut kart limitiniz nedir ve ne kadar artış talep ediyorsunuz, gerekçeniz nedir?"
T-3158,"Burak Erdoğan - çocuğumun sağlık sigortası kapsamına dahil edilmesiin rica ederim, doğum belgesi ekte.",Hizmet Talebi (Service Request),İnsan Kaynakları,Bordro & Özlük,ÖSS (Özel Sağlık Sigortası) Aile Kapsamı Ekleme,Düşük,"{'cozum_basligi': 'Özel sağlık sigortasına aile bireyi ekleme süreci', 'adimlar': ['Adım 1: Eklenecek aile bireyinin kimlik bilgileri ve yakınlık derecesi (eş/çocuk) alınır.', 'Adım 2: Talep sigorta şirketine İK tarafından iletilir ve poliçe güncellemesi başlatılır.', 'Adım 3: Poliçe onayı sonrası yeni sağlık kartı çalışana/aile bireyine ulaştırılır.'], 'self_service_uygun_mu': False}","['ad_soyad', 'eklenecek_kisi_tc', 'poliçe_baslangic_tarihi']","Eklemek istediğiniz kişi eşiniz mi çocuğunuz mu, kimlik bilgilerini paylaşabilir misiniz?"
T-3159,"Hesabım 3 kere yanlış deneme sonrası kilitlendi, açılması lazım acil. Gerçekten çok sıkıntı oluyor, bir an önce ilgilenirseniz sevinirim.",Arıza (Incident),Bilgi Teknolojileri,Güvenlik ve Erişim,Şifre Sıfırlama,Orta,"{'cozum_basligi': 'Şifre sıfırlama işlemi', 'adimlar': ['Adım 1: Kimlik doğrulama (çalışan sicil no / kayıtlı e-posta) yapılır.', 'Adım 2: Self servis şifre sıfırlama portalı üzerinden geçici şifre oluşturulur.', 'Adım 3: Portal üzerinden çözülemiyorsa IT güvenlik ekibi manuel sıfırlama için ticket açar.'], 'self_service_uygun_mu': True}","['kullanici_adi', 'kayitli_email']",Şifrenizi mi unuttunuz yoksa hesabınız mı kilitlendi?
T-3160,"Üretim için dosya, zımba teli ve post-it talep ediyoruz.",Hizmet Talebi (Service Request),İdari İşler,Satınalma/Malzeme,Kırtasiye Malzeme Talebi,Düşük,"{'cozum_basligi': 'Kırtasiye malzeme temini', 'adimlar': ['Adım 1: Talep departman yöneticisi onayına iletilir.', 'Adım 2: Depo stoğundan malzemeler hazırlanır.', 'Adım 3: Malzemeler belirtilen teslimat lokasyonuna gönderilir.'], 'self_service_uygun_mu': False}","['malzeme_listesi_miktar', 'departman', 'teslimat_lokasyonu']","Hangi malzemelerden ne miktarda ihtiyacınız var, liste hâlinde belirtebilir misiniz?"
T-3161,"Yöneticim onayladı, Netsis lisannsımın aktifleştirilmesini rica ederim.",Hizmet Talebi (Service Request),Bilgi Teknolojileri,Yazılım,Yazılım Lisans/Kurulum Talebi,Orta,"{'cozum_basligi': 'Yazılım lisans/kurulum süreci', 'adimlar': ['Adım 1: Talep, lisans uygunluğu ve yönetici onayı için değerlendirilir.', 'Adım 2: Lisans anahtarı temin edilir veya mevcut lisans havuzundan atama yapılır.', 'Adım 3: Kurulum IT ekibi tarafından uzaktan veya yerinde gerçekleştirilir.'], 'self_service_uygun_mu': False}","['yazilim_adi', 'kullanici_adi', 'onay_bilgisi']",Yeni bir kurulum mu yoksa mevcut lisansın yenilenmesi mi gerekiyor?
T-3162,"Kaan Koç - GBP faturasını girmeye çalışıyorum ama sistem sadece TL kabul ediyor, yardımcı olur musunuz?",Hizmet Talebi (Service Request),Finans,Masraf & Ödeme,Çoklu Para Birimli Fatura Girişi,Düşük,"{'cozum_basligi': 'Çoklu para birimli fatura giriş desteği', 'adimlar': ['Adım 1: Faturanın orijinal para birimi ve tutarı doğrulanır.', 'Adım 2: ERP sisteminde ilgili para birimi tanımlı değilse muhasebe sistem ekibi tanımlama yapar.', 'Adım 3: Fatura, güncel kur ile TL karşılığı hesaplanarak sisteme işlenir.'], 'self_service_uygun_mu': False}","['fatura_no', 'tedarikci_adi', 'para_birimi', 'tutar']",Faturanın para birimi nedir (USD/EUR/GBP) ve sistemde bu para birimiyle giriş yapabiliyor musunuz?
T-3163,"Nihan Kara - giriş kartımı bulamıyorum, evi de aradım yok.",Hizmet Talebi (Service Request),İdari İşler,Güvenlik & Ulaşım,Kayıp Giriş Kartı,Düşük,"{'cozum_basligi': 'Kayıp giriş kartı iptal ve yeniden basım süreci', 'adimlar': ['Adım 1: Kayıp kart derhal sistem üzerinden iptal edilir, güvenlik riski önlenir.', 'Adım 2: Kimlik doğrulaması sonrası yeni kart basım talebi oluşturulur.', 'Adım 3: Yeni kart resepsiyon/güvenlik biriminden teslim alınır.'], 'self_service_uygun_mu': False}","['ad_soyad', 'sicil_no', 'kayip_tarihi']","Kartınızı en son ne zaman ve nerede kullandığınızı hatırlıyor musunuz, kaybolduğunu mu düşünüyorsunuz?"
T-3164,Satş'a yeni katılan arkadaşımız için tüm erişimlerin tanımlanması lazım.,Hizmet Talebi (Service Request),Bilgi Teknolojileri,Güvenlik ve Erişim,Yeni Kullanıcı Hesabı,Düşük,"{'cozum_basligi': 'Yeni kullanıcı hesabı açma süreci', 'adimlar': [""Adım 1: İK'dan işe giriş onayı ve pozisyon bilgisi teyit edilir."", 'Adım 2: Aktif Dizin üzerinde hesap oluşturulur ve gerekli grup üyelikleri tanımlanır.', 'Adım 3: E-posta ve sistem erişim bilgileri ilk giriş kılavuzuyla birlikte iletilir.'], 'self_service_uygun_mu': False}","['ad_soyad', 'departman', 'ise_baslama_tarihi', 'pozisyon']","Yeni çalışanın işe başlama tarihi ve departmanı nedir, hangi sistemlere erişimi olması gerekiyor?"
T-3165,"Teams'e giris yapamiyorum, 'bir sorun olustu' hatasi cikiyor surekli.",Arıza (Incident),Bilgi Teknolojileri,Yazılım,Uygulama Hatası (Outlook/Teams/Excel vb.),Düşük,"{'cozum_basligi': 'Uygulama hatası giderme', 'adimlar': ['Adım 1: Uygulama tamamen kapatılıp yeniden açılır, gerekirse bilgisayar yeniden başlatılır.', 'Adım 2: Uygulama güncellemesi kontrol edilir ve önbellek/geçici dosyalar temizlenir.', 'Adım 3: Hata devam ederse ekran görüntüsüyle birlikte yazılım destek ekibine ticket açılır.'], 'self_service_uygun_mu': True}","['uygulama_adi', 'hata_mesaji', 'kullanici_adi']",Uygulama hiç açılmıyor mu yoksa belirli bir işlem sırasında mı hata veriyor?
T-3166,"Rica etsem acil 22 Eylul tarihinde evlendim, medeni halimin guncellenmesi gerekiyor sistemde. İşlerim çok aksıyor, acil çözüm bekliyorum.",Hizmet Talebi (Service Request),İnsan Kaynakları,Bordro & Özlük,Evlilik Bildirimi,Düşük,"{'cozum_basligi': 'Evlilik durum değişikliği kayıt süreci', 'adimlar': ['Adım 1: Evlilik cüzdanı fotokopisi/belgesi çalışandan talep edilir.', 'Adım 2: Medeni hal ve varsa soyadı bilgisi İK sisteminde güncellenir.', 'Adım 3: Vergi matrahı, SGK ve varsa özel sağlık sigortası kayıtları güncellenmesi için ilgili birimlere bilgi verilir.'], 'self_service_uygun_mu': False}","['ad_soyad', 'yeni_medeni_hal', 'es_bilgisi']","Evlilik tarihinizi ve evlilik cüzdanı belgesini paylaşabilir misiniz, medeni hal güncellemesi için gerekiyor?"
T-3167,Bordro pdf sistemde görünmüyor bu ay indiremiyorum,Bilgi Talebi (Information),İnsan Kaynakları,Bordro & Özlük,Bordro/Maaş Bilgisi Talebi,Orta,"{'cozum_basligi': 'Bordro/maaş bilgisi inceleme süreci', 'adimlar': ['Adım 1: Çalışanın ilgili ay bordrosu bordro sisteminden çekilip incelenir.', 'Adım 2: Kesinti/ek ödeme kalemleri tek tek karşılaştırılır ve hata olup olmadığı tespit edilir.', 'Adım 3: Hata tespit edilirse düzeltme için bordro/muhasebe ekibine ticket açılır.'], 'self_service_uygun_mu': False}","['ad_soyad', 'donem', 'itiraz_konusu']",Maaşınızda eksik ödeme mi var yoksa fazla kesinti mi görüyorsunuz?
T-3168,"Çok acil, Excel de makro calistiarmiyorum ek modul mi lazim bilmiyorum Bu konuda epeydir mağdurum, lütfen hızlı dönüş yapar mısınız?",Hizmet Talebi (Service Request),Bilgi Teknolojileri,Yazılım,Yazılım Lisans/Kurulum Talebi,Düşük,"{'cozum_basligi': 'Yazılım lisans/kurulum süreci', 'adimlar': ['Adım 1: Talep, lisans uygunluğu ve yönetici onayı için değerlendirilir.', 'Adım 2: Lisans anahtarı temin edilir veya mevcut lisans havuzundan atama yapılır.', 'Adım 3: Kurulum IT ekibi tarafından uzaktan veya yerinde gerçekleştirilir.'], 'self_service_uygun_mu': False}","['yazilim_adi', 'kullanici_adi', 'onay_bilgisi']",Hangi yazılımın lisansına/kurulumuna ihtiyacınız var ve bu talep yöneticiniz tarafından onaylandı mı?
T-3169,"Ege Temizlik Hizmetleri bizi aradı fatura ödemesi gecikmiş, kontrol eder misiniz? Gerçekten çok sıkıntı oluyor, bir an önce ilgilenirseniz sevinirim.",Hizmet Talebi (Service Request),Finans,Masraf & Ödeme,Fatura Ödeme Takibi,Orta,"{'cozum_basligi': 'Fatura ödeme durumu takibi', 'adimlar': ['Adım 1: Fatura numarası ile muhasebe/ERP sisteminde ödeme kaydı sorgulanır.', 'Adım 2: Ödeme planlanan tarih ve onay durumu kontrol edilir.', 'Adım 3: Gecikme varsa ödeme sorumlusuna hatırlatma yapılır ve tedarikçiye bilgi verilir.'], 'self_service_uygun_mu': True}","['fatura_no', 'tedarikci_adi', 'tutar']","Faturanın vade tarihi geçti mi, ne kadar süredir bekliyor?"
T-3170,"Selin Catering Hizmetleri firmasından gelen USD faturayı sisteme giremiyorum, para birimi seçeneği çıkmıyor.",Hizmet Talebi (Service Request),Finans,Masraf & Ödeme,Çoklu Para Birimli Fatura Girişi,Orta,"{'cozum_basligi': 'Çoklu para birimli fatura giriş desteği', 'adimlar': ['Adım 1: Faturanın orijinal para birimi ve tutarı doğrulanır.', 'Adım 2: ERP sisteminde ilgili para birimi tanımlı değilse muhasebe sistem ekibi tanımlama yapar.', 'Adım 3: Fatura, güncel kur ile TL karşılığı hesaplanarak sisteme işlenir.'], 'self_service_uygun_mu': False}","['fatura_no', 'tedarikci_adi', 'para_birimi', 'tutar']",Faturanın para birimi nedir (USD/EUR/GBP) ve sistemde bu para birimiyle giriş yapabiliyor musunuz?
T-3171,Yeni laptop lazim eski cihaz cok yavas kaaldi artik,Hizmet Talebi (Service Request),Bilgi Teknolojileri,Donanım,Yeni Ekipman Kurulumu,Düşük,"{'cozum_basligi': 'Yeni donanım ekipmanı kurulum süreci', 'adimlar': ['Adım 1: Talep, envanter ve bütçe onayı için yöneticiye/IT sorumlusuna iletilir.', 'Adım 2: Uygun ekipman depo stoğundan veya satın alma sürecinden temin edilir.', 'Adım 3: Kurulum IT saha ekibi tarafından belirlenen tarihte yerinde gerçekleştirilir.'], 'self_service_uygun_mu': False}","['ekipman_turu', 'kullanici_adi', 'ofis_lokasyon', 'talep_tarihi']",Yeni işe başlayan biri için mi yoksa mevcut ekipmanın değişimi için mi bu talep?
T-3172,"Monitörüm hiç açılmıyor, İzmir şube masamda. Bir de Bir de mouse'um da bazeen donuyor",Hizmet Talebi (Service Request),Bilgi Teknolojileri,Donanım,Monitör/Çevre Birimi Arızası,Yüksek,"{'cozum_basligi': 'Monitör/çevre birimi arıza tespiti', 'adimlar': ['Adım 1: Kablo bağlantıları (HDMI/VGA/güç) ve monitör güç düğmesi kontrol edilir.', 'Adım 2: Farklı bir kablo veya port ile test yapılır.', 'Adım 3: Arıza devam ediyorsa cihaz değişimi için IT saha ekibine ticket açılır.'], 'self_service_uygun_mu': True}","['cihaz_turu', 'ofis_lokasyon', 'seri_no']",Ekranda hiç görüntü mü yok yoksa titreme/renk bozukluğu mu var?
T-3173,"Burak Erdoğan - taksi fişm rüzgarla uçtu, kayıp beyan formunu doldurmam yeterli mi?",Hizmet Talebi (Service Request),Finans,Masraf & Ödeme,Harcama Fişi Kayıp Beyanı,Orta,"{'cozum_basligi': 'Kayıp harcama fişi beyan ve alternatif belge süreci', 'adimlar': ['Adım 1: Kayıp fiş beyan formu doldurulur, harcama tutarı ve tarihi beyan edilir.', 'Adım 2: Mümkünse kredi kartı ekstresi/dekont gibi alternatif kanıt belgesi talep edilir.', 'Adım 3: Finans ekibi beyanı değerlendirip onaylarsa masraf formu istisnai olarak işleme alınır.'], 'self_service_uygun_mu': False}","['ad_soyad', 'harcama_tutari', 'harcama_tarihi', 'kayip_beyani_gerekcesi']",Fişi kaybettiğinize göre elinizde kredi kartı ekstresi gibi tutarı doğrulayacak başka bir belge var mı?
T-3174,"Çok acil, Excel dosyam kaydedilirken donuyor, dakikalarca bekliyorum. Bu konuda epeydir mağdurum, lütfen hızlı dönüş yapar mısınız?",Arıza (Incident),Bilgi Teknolojileri,Yazılım,Uygulama Hatası (Outlook/Teams/Excel vb.),Yüksek,"{'cozum_basligi': 'Uygulama hatası giderme', 'adimlar': ['Adım 1: Uygulama tamamen kapatılıp yeniden açılır, gerekirse bilgisayar yeniden başlatılır.', 'Adım 2: Uygulama güncellemesi kontrol edilir ve önbellek/geçici dosyalar temizlenir.', 'Adım 3: Hata devam ederse ekran görüntüsüyle birlikte yazılım destek ekibine ticket açılır.'], 'self_service_uygun_mu': True}","['uygulama_adi', 'isletim_sistemi', 'hata_ekran_goruntusu']","Hangi uygulamada ve tam olarak ne zaman bu hatayı alıyorsunuz, ekran görüntüsü paylaşabilir misiniz?"
T-3175,"Çok acil, Aylin Aslan - giriş kartımı bulamıyorum, evi de aradım yok.",Hizmet Talebi (Service Request),İdari İşler,Güvenlik & Ulaşım,Kayıp Giriş Kartı,Yüksek,"{'cozum_basligi': 'Kayıp giriş kartı iptal ve yeniden basım süreci', 'adimlar': ['Adım 1: Kayıp kart derhal sistem üzerinden iptal edilir, güvenlik riski önlenir.', 'Adım 2: Kimlik doğrulaması sonrası yeni kart basım talebi oluşturulur.', 'Adım 3: Yeni kart resepsiyon/güvenlik biriminden teslim alınır.'], 'self_service_uygun_mu': False}","['ad_soyad', 'sicil_no', 'kayip_tarihi']","Kartınızı en son ne zaman ve nerede kullandığınızı hatırlıyor musunuz, kaybolduğunu mu düşünüyorsunuz?"
T-3176,"Ebru Dogan - sut iznim iin ise gec baslamak istiyorum, uygun mudur? Ne zaman çözülür acaba?",Hizmet Talebi (Service Request),İnsan Kaynakları,İzin Yönetimi,Süt İzni Talebi,Düşük,"{'cozum_basligi': 'Süt izni düzenleme süreci', 'adimlar': ['Adım 1: Doğum tarihi teyit edilerek yasal süt izni hakkı (ilk 6 ay günde 1,5 saat) hesaplanır.', 'Adım 2: Çalışma saatlerine nasıl entegre edileceği (sabah/akşam/tek seferde) belirlenir.', 'Adım 3: Yönetici bilgilendirilir ve süt izni takvime/çalışma planına işlenir.'], 'self_service_uygun_mu': False}","['ad_soyad', 'dogum_tarihi', 'tercih_edilen_saat']","Süt izninizi günün hangi saatinde kullanmak istersiniz, sabah mı akşam mı?"
T-3177,Mouse tutukluk yapiyor tikliyor ama gec basiyor,Arıza (Incident),Bilgi Teknolojileri,Donanım,Monitör/Çevre Birimi Arızası,Düşük,"{'cozum_basligi': 'Monitör/çevre birimi arıza tespiti', 'adimlar': ['Adım 1: Kablo bağlantıları (HDMI/VGA/güç) ve monitör güç düğmesi kontrol edilir.', 'Adım 2: Farklı bir kablo veya port ile test yapılır.', 'Adım 3: Arıza devam ediyorsa cihaz değişimi için IT saha ekibine ticket açılır.'], 'self_service_uygun_mu': True}","['cihaz_turu', 'ofis_lokasyon', 'seri_no']",Ekranda hiç görüntü mü yok yoksa titreme/renk bozukluğu mu var?
T-3178,"Outlook sifremin suresi doldu, yenieyemiyorum, surekli hata veriyor.",Arıza (Incident),Bilgi Teknolojileri,Güvenlik ve Erişim,Şifre Sıfırlama,Yüksek,"{'cozum_basligi': 'Şifre sıfırlama işlemi', 'adimlar': ['Adım 1: Kimlik doğrulama (çalışan sicil no / kayıtlı e-posta) yapılır.', 'Adım 2: Self servis şifre sıfırlama portalı üzerinden geçici şifre oluşturulur.', 'Adım 3: Portal üzerinden çözülemiyorsa IT güvenlik ekibi manuel sıfırlama için ticket açar.'], 'self_service_uygun_mu': True}","['kullanici_adi', 'kayitli_email']",Şifrenizi mi unuttunuz yoksa hesabınız mı kilitlendi?
T-3179,"Çatıdan su sızıntısı var 2. kat toplantı koridoru tavanında, leke büyüyor giderek.",Arıza (Incident),İdari İşler,Bina/Tesis Bakım,Bina İçi Teknik Bakım Talebi,Orta,"{'cozum_basligi': 'Genel bina içi teknik bakım süreci', 'adimlar': ['Adım 1: Talep bina teknik bakım ekibine iletilir ve önceliklendirilir.', 'Adım 2: Uygun teknisyen belirlenen lokasyona yönlendirilir.', 'Adım 3: Bakım/onarım tamamlandıktan sonra talep sahibine bilgi verilir.'], 'self_service_uygun_mu': False}","['ofis_lokasyon', 'sorun_tanimi', 'uygun_zaman_araligi']","Sorun tam olarak nedir ve hangi alanda (kapı, su tesisatı, asansör vb.) yaşanıyor?"
T-3180,"Seyahat masrafım 4,118.60 EUR olarak girildi ama kur yanlış hesaplanmış görünüyor.",Arıza (Incident),Finans,Masraf & Ödeme,Döviz Kuru Farkı/Uyumsuzluğu,Yüksek,"{'cozum_basligi': 'Döviz kuru farkı/uyumsuzluğu inceleme süreci', 'adimlar': ['Adım 1: Harcama tarihindeki resmi TCMB kuru ile sistemde kullanılan kur karşılaştırılır.', 'Adım 2: Fark tespit edilirse hangi kur kaynağının kullanıldığı muhasebe ile teyit edilir.', 'Adım 3: Hatalı hesaplama varsa düzeltme kaydı oluşturulur ve fark tazmin edilir.'], 'self_service_uygun_mu': False}","['ad_soyad', 'harcama_tarihi', 'doviz_tutar', 'kullanilan_kur']","Harcamanızın tarihini ve hangi döviz cinsinden olduğunu paylaşabilir misiniz, hangi kur baz alınmış görüyorsunuz?"
T-3181,Acilen 2 Kasım tarihleri arası 5 gün yıllık izin kullanmak istiyorum. Ne zaman çözülür acaba?,Hizmet Talebi (Service Request),İnsan Kaynakları,İzin Yönetimi,Yıllık İzin Talebi/Bakiye Sorgulama,Orta,"{'cozum_basligi': 'Yıllık izin talebi/bakiye sorgulama süreci', 'adimlar': ['Adım 1: İK portalından güncel izin bakiyesi kontrol edilir.', 'Adım 2: Talep edilen tarih aralığı yöneticinin onayına gönderilir.', 'Adım 3: Onay sonrası izin sistemde işlenir ve bordroya yansıtılır.'], 'self_service_uygun_mu': True}","['ad_soyad', 'kalan_izin_sorgusu']","Hangi tarihler arasında izin kullanmak istiyorsunuz, yoksa sadece bakiye mi öğrenmek istiyorsunuz?"
T-3182,VPN şifremi doğru giriyorum ama 'yetkisiz erişim' hatası alıyorum. Ayrıca Ayrıca outlook'um da senkronize olmuyor evden bağlanınca,Arıza (Incident),Bilgi Teknolojileri,Ağ/Network,VPN Erişim Sorunu,Yüksek,"{'cozum_basligi': 'VPN bağlantı sorunu çözümü', 'adimlar': ['Adım 1: VPN istemcisi güncel mi kontrol edilir, kullanıcı adı/şifre doğrulanır.', 'Adım 2: İnternet bağlantısı ve güvenlik duvarı ayarları kontrol edilir, istemci yeniden başlatılır.', 'Adım 3: Erişim devam etmiyorsa VPN sertifikası/erişim yetkisi için ticket açılır.'], 'self_service_uygun_mu': True}","['kullanici_adi', 'cihaz_turu', 'hata_mesaji']",VPN'e hiç bağlanamıyor musunuz yoksa bağlanıp kısa süre sonra mı düşüyorsunuz? Bir hata mesajı görüyor musunuz?
T-3183,Tedarikçi firmadan gelecek kişi için otopark yer ayrılabilir mi 20 Ekim?,Hizmet Talebi (Service Request),İdari İşler,Güvenlik & Ulaşım,Misafir Otopark İzni,Düşük,"{'cozum_basligi': 'Misafir otopark giriş izni tanımlama', 'adimlar': ['Adım 1: Misafirin plaka bilgisi ve ziyaret tarihi/saati alınır.', 'Adım 2: Güvenlik birimine otopark giriş izni tanımlanır.', 'Adım 3: Misafir giriş yaptığında güvenlik plaka üzerinden yönlendirme yapar.'], 'self_service_uygun_mu': False}","['misafir_ad_soyad', 'plaka_no', 'ziyaret_tarihi_saati']",Misafirinizin plaka bilgisi ve ziyaret saati nedir?
T-3184,"Çok acil, Ar-Ge ortak paylaşım alanına erişim talep ediyorum, yöneticim onaylayacak. Ne zaman çözülür acaba?",Hizmet Talebi (Service Request),Bilgi Teknolojileri,Güvenlik ve Erişim,Sistem/Klasör Yetki Talebi,Orta,"{'cozum_basligi': 'Sistem/klasör yetki tanımlama süreci', 'adimlar': ['Adım 1: Talep, ilgili departman yöneticisinin onayına gönderilir.', 'Adım 2: Onay sonrası erişim, en az yetki prensibiyle tanımlanır.', 'Adım 3: Yetki tanımlandıktan sonra kullanıcıya bilgilendirme yapılır ve ticket kapatılır.'], 'self_service_uygun_mu': False}","['kullanici_adi', 'klasor_sistem_adi', 'yonetici_onayi']",Okuma yetkisi mi yoksa yazma/düzenleme yetkisi mi gerekiyor?
T-3185,"Rica etsem acil Tedarikcimiz odeme yapilmadigini soyluyor ama sistemde 'odendi' gorunuyor, tutarsizlik var.",Bilgi Talebi (Information),Finans,Masraf & Ödeme,Fatura Ödeme Takibi,Orta,"{'cozum_basligi': 'Fatura ödeme durumu takibi', 'adimlar': ['Adım 1: Fatura numarası ile muhasebe/ERP sisteminde ödeme kaydı sorgulanır.', 'Adım 2: Ödeme planlanan tarih ve onay durumu kontrol edilir.', 'Adım 3: Gecikme varsa ödeme sorumlusuna hatırlatma yapılır ve tedarikçiye bilgi verilir.'], 'self_service_uygun_mu': True}","['fatura_no', 'vade_tarihi']",Fatura numarasını ve tedarikçi firma adını paylaşabilir misiniz?
T-3186,"Ofiste internet yok, herkes şikayet ediyor Üretim tesisi idari bina'da.",Arıza (Incident),Bilgi Teknolojileri,Ağ/Network,İnternet Bağlantı Sorunu,Yüksek,"{'cozum_basligi': 'İnternet bağlantı arızası ilk müdahale', 'adimlar': ['Adım 1: Modem/router yeniden başlatılır, kablo bağlantıları kontrol edilir.', 'Adım 2: Farklı bir cihaz veya prizden bağlantı test edilir.', 'Adım 3: Sorun devam ederse altyapı ekibine ticket açılır ve etkilenen kişi sayısı raporlanır.'], 'self_service_uygun_mu': True}","['ofis_lokasyon', 'etkilenen_kisi_sayisi', 'baslangic_zamani']",Kaç kişiyi etkiliyor bu sorun ve hangi lokasyondasınız?
T-3187,"Masam çok eski ve çizik, değişmesini istiyorum. Teşekkür ederim şimdiden.",Hizmet Talebi (Service Request),İdari İşler,Satınalma/Malzeme,Ofis Mobilya Değişimi,Orta,"{'cozum_basligi': 'Ofis mobilyası değişim süreci', 'adimlar': ['Adım 1: Mevcut mobilyanın durumu değerlendirilir ve değişim gerekçesi kaydedilir.', 'Adım 2: Bütçe/onay süreci tamamlandıktan sonra satınalma talebi açılır.', 'Adım 3: Yeni mobilya teslim alınıp kurulumu yapılır, eski mobilya değişim için alınır.'], 'self_service_uygun_mu': False}","['mobilya_turu', 'ofis_lokasyon', 'degisim_gerekcesi']",Hangi mobilyanın değişmesini istiyorsunuz ve mevcut olanın sorunu nedir?
T-3188,"Derya Koç - giriş kartımı bulamıyorum, evi de aradım yok.",Arıza (Incident),İdari İşler,Güvenlik & Ulaşım,Kayıp Giriş Kartı,Orta,"{'cozum_basligi': 'Kayıp giriş kartı iptal ve yeniden basım süreci', 'adimlar': ['Adım 1: Kayıp kart derhal sistem üzerinden iptal edilir, güvenlik riski önlenir.', 'Adım 2: Kimlik doğrulaması sonrası yeni kart basım talebi oluşturulur.', 'Adım 3: Yeni kart resepsiyon/güvenlik biriminden teslim alınır.'], 'self_service_uygun_mu': False}","['ad_soyad', 'sicil_no', 'kayip_tarihi']","Kartınızı en son ne zaman ve nerede kullandığınızı hatırlıyor musunuz, kaybolduğunu mu düşünüyorsunuz?"
T-3189,Şifremi unututm bilgisayara giremiyorum,Arıza (Incident),Bilgi Teknolojileri,Güvenlik ve Erişim,Şifre Sıfırlama,Yüksek,"{'cozum_basligi': 'Şifre sıfırlama işlemi', 'adimlar': ['Adım 1: Kimlik doğrulama (çalışan sicil no / kayıtlı e-posta) yapılır.', 'Adım 2: Self servis şifre sıfırlama portalı üzerinden geçici şifre oluşturulur.', 'Adım 3: Portal üzerinden çözülemiyorsa IT güvenlik ekibi manuel sıfırlama için ticket açar.'], 'self_service_uygun_mu': True}","['kullanici_adi', 'kayitli_email']","Hangi sistemin şifresini sıfırlamamız gerekiyor: e-posta, bilgisayar girişi yoksa başka bir uygulama mı?"
T-3190,"Yöneticim onayladı, CRM sistemi lisansımın aktifleştirilmesini rica ederim. Bu konuda epeydir mağdurum, lütfen hızlı dönüş yapar mısınız?",Hizmet Talebi (Service Request),Bilgi Teknolojileri,Yazılım,Yazılım Lisans/Kurulum Talebi,Orta,"{'cozum_basligi': 'Yazılım lisans/kurulum süreci', 'adimlar': ['Adım 1: Talep, lisans uygunluğu ve yönetici onayı için değerlendirilir.', 'Adım 2: Lisans anahtarı temin edilir veya mevcut lisans havuzundan atama yapılır.', 'Adım 3: Kurulum IT ekibi tarafından uzaktan veya yerinde gerçekleştirilir.'], 'self_service_uygun_mu': False}","['yazilim_adi', 'kullanici_adi', 'onay_bilgisi']",Hangi yazılımın lisansına/kurulumuna ihtiyacınız var ve bu talep yöneticiniz tarafından onaylandı mı?
T-3191,"Rica etsem acil Laptobum şarj olmuyor gibi görünüyor, pil ikonu çıkmıyor ekranda. İşlerim çok aksıyor, acil çözüm bekliyorum.",Arıza (Incident),Bilgi Teknolojileri,Donanım,Bilgisayar Arıza/Onarım,Orta,"{'cozum_basligi': 'Bilgisayar donanım arızası ilk müdahale', 'adimlar': ['Adım 1: Cihaz kapatılıp yeniden başlatılır, güç kablosu ve bağlantılar kontrol edilir.', 'Adım 2: Uzaktan tanı aracıyla donanım sağlık testi çalıştırılır.', 'Adım 3: Sorun devam ederse yerinde teknik destek için ticket açılır ve teknisyen yönlendirilir.'], 'self_service_uygun_mu': True}","['cihaz_seri_no', 'kullanici_adi', 'ofis_lokasyon', 'ariza_baslangic_zamani']",Sorun ne zaman başladı ve hangi lokasyondaki cihazdan bahsediyoruz?
T-3192,"Yusuf Kurt - bu yıl kaç gün izin kullandım, kalan hakkımı öğrenebilir miyim?",Bilgi Talebi (Information),İnsan Kaynakları,İzin Yönetimi,Yıllık İzin Talebi/Bakiye Sorgulama,Orta,"{'cozum_basligi': 'Yıllık izin talebi/bakiye sorgulama süreci', 'adimlar': ['Adım 1: İK portalından güncel izin bakiyesi kontrol edilir.', 'Adım 2: Talep edilen tarih aralığı yöneticinin onayına gönderilir.', 'Adım 3: Onay sonrası izin sistemde işlenir ve bordroya yansıtılır.'], 'self_service_uygun_mu': True}","['ad_soyad', 'izin_baslangic_bitis_tarihi']","Hangi tarihler arasında izin kullanmak istiyorsunuz, yoksa sadece bakiye mi öğrenmek istiyorsunuz?"
T-3193,"Ekip büyüdü, İnsan Kaynakları için 2 yeni ekipman seti (bilgisayar+monitör) talep ediyoruz.",Hizmet Talebi (Service Request),Bilgi Teknolojileri,Donanım,Yeni Ekipman Kurulumu,Orta,"{'cozum_basligi': 'Yeni donanım ekipmanı kurulum süreci', 'adimlar': ['Adım 1: Talep, envanter ve bütçe onayı için yöneticiye/IT sorumlusuna iletilir.', 'Adım 2: Uygun ekipman depo stoğundan veya satın alma sürecinden temin edilir.', 'Adım 3: Kurulum IT saha ekibi tarafından belirlenen tarihte yerinde gerçekleştirilir.'], 'self_service_uygun_mu': False}","['ekipman_turu', 'kullanici_adi', 'ofis_lokasyon', 'talep_tarihi']","Hangi ekipmana ihtiyacınız var ve kimin için, hangi lokasyona kurulacak?"
T-3194,"Lütfen acil İkinci bir monitor talep ediyorum, ekran paylasimli calisiyorum cogunlukla. Teşekkür ederim şimdiden.",Hizmet Talebi (Service Request),Bilgi Teknolojileri,Donanım,Yeni Ekipman Kurulumu,Düşük,"{'cozum_basligi': 'Yeni donanım ekipmanı kurulum süreci', 'adimlar': ['Adım 1: Talep, envanter ve bütçe onayı için yöneticiye/IT sorumlusuna iletilir.', 'Adım 2: Uygun ekipman depo stoğundan veya satın alma sürecinden temin edilir.', 'Adım 3: Kurulum IT saha ekibi tarafından belirlenen tarihte yerinde gerçekleştirilir.'], 'self_service_uygun_mu': False}","['ekipman_turu', 'departman', 'teslim_tarihi']",Yeni işe başlayan biri için mi yoksa mevcut ekipmanın değişimi için mi bu talep?
T-3195,"Tuvaleteki aydinlatma tamamen sondu, acil bakilmasi lazim.",Arıza (Incident),İdari İşler,Bina/Tesis Bakım,Elektrik/Aydınlatma Arızası,Düşük,"{'cozum_basligi': 'Elektrik/aydınlatma arıza giderme', 'adimlar': ['Adım 1: Sigorta atmış mı, ampul/armatür arızalı mı kontrol edilir.', 'Adım 2: Bina teknik ekibi lokasyona yönlendirilir.', 'Adım 3: Kalıcı çözüm için gerekiyorsa dış elektrik servisi çağrılır.'], 'self_service_uygun_mu': False}","['ofis_lokasyon', 'ariza_tanimi', 'aciliyet_durumu']",Sorun tüm katta mı yoksa belirli bir bölgede/masada mı yaşanıyor?
T-3196,"Acilen Kartim calismiyor turnikeden gecemiyorum belki bozulmustur Gerçekten çok sıkıntı oluyor, bir an önce ilgilenirseniz sevinirim.",Hizmet Talebi (Service Request),İdari İşler,Güvenlik & Ulaşım,Kayıp Giriş Kartı,Orta,"{'cozum_basligi': 'Kayıp giriş kartı iptal ve yeniden basım süreci', 'adimlar': ['Adım 1: Kayıp kart derhal sistem üzerinden iptal edilir, güvenlik riski önlenir.', 'Adım 2: Kimlik doğrulaması sonrası yeni kart basım talebi oluşturulur.', 'Adım 3: Yeni kart resepsiyon/güvenlik biriminden teslim alınır.'], 'self_service_uygun_mu': False}","['ad_soyad', 'sicil_no', 'kayip_tarihi']","Kartınızı en son ne zaman ve nerede kullandığınızı hatırlıyor musunuz, kaybolduğunu mu düşünüyorsunuz?"
T-3197,"Deniz Teknoloji A.Ş. firmasından gellmesi gereken paket 3 gündür ulaşmadı, takip eder misiniz?",Hizmet Talebi (Service Request),İdari İşler,Satınalma/Malzeme,Kargo/Kurye Teslimat Takibi,Düşük,"{'cozum_basligi': 'Kargo/kurye teslimat takibi', 'adimlar': ['Adım 1: Kargo takip numarası ve gönderici bilgisi ile kargo firması sistemi kontrol edilir.', 'Adım 2: Resepsiyon/depo teslim kaydı kontrol edilerek paketin durumu netleştirilir.', 'Adım 3: Paket bulunamıyorsa kargo firmasına resmi kayıp/gecikme bildirimi açılır.'], 'self_service_uygun_mu': True}","['gonderici_bilgisi', 'teslimat_lokasyonu']","Kargo ne zaman gönderildi, teslimat için beklediğiniz lokasyon neresi?"
T-3198,"Tüm kat internetsiz kaldı, Bodrum kat arşiv, çok acil!",Arıza (Incident),Bilgi Teknolojileri,Ağ/Network,İnternet Bağlantı Sorunu,Orta,"{'cozum_basligi': 'İnternet bağlantı arızası ilk müdahale', 'adimlar': ['Adım 1: Modem/router yeniden başlatılır, kablo bağlantıları kontrol edilir.', 'Adım 2: Farklı bir cihaz veya prizden bağlantı test edilir.', 'Adım 3: Sorun devam ederse altyapı ekibine ticket açılır ve etkilenen kişi sayısı raporlanır.'], 'self_service_uygun_mu': True}","['ofis_lokasyon', 'etkilenen_kisi_sayisi', 'baslangic_zamani']",Kaç kişiyi etkiliyor bu sorun ve hangi lokasyondasınız?
T-3199,"Esra Şimşek - servis durağımın değiştirilmesini talep ediyorum, ev taşındı.",Hizmet Talebi (Service Request),İdari İşler,Güvenlik & Ulaşım,Servis Güzergah Talebi,Düşük,"{'cozum_basligi': 'Personel servis güzergahı düzenleme', 'adimlar': ['Adım 1: Talep edilen adres mevcut güzergahlara uygunluk açısından incelenir.', 'Adım 2: Ulaşım/idari işler ekibi güzergah planlamasını günceller.', 'Adım 3: Yeni güzergah bilgisi çalışana ve servis şoförüne iletilir.'], 'self_service_uygun_mu': False}","['ev_adresi', 'mevcut_hat_no', 'talep_turu']",Mevcut servis güzergahınızda mı değişiklik istiyorsunuz yoksa yeni bir durak mı ekleniyor?
T-3200,"Rica etsem acil 3 Ekim tarihinden beri VPN bağlantım hiç kurulmuyor, evden çalışamıyorum.",Hizmet Talebi (Service Request),Bilgi Teknolojileri,Ağ/Network,VPN Erişim Sorunu,Yüksek,"{'cozum_basligi': 'VPN bağlantı sorunu çözümü', 'adimlar': ['Adım 1: VPN istemcisi güncel mi kontrol edilir, kullanıcı adı/şifre doğrulanır.', 'Adım 2: İnternet bağlantısı ve güvenlik duvarı ayarları kontrol edilir, istemci yeniden başlatılır.', 'Adım 3: Erişim devam etmiyorsa VPN sertifikası/erişim yetkisi için ticket açılır.'], 'self_service_uygun_mu': True}","['kullanici_adi', 'cihaz_turu', 'hata_mesaji']",VPN'e hiç bağlanamıyor musunuz yoksa bağlanıp kısa süre sonra mı düşüyorsunuz? Bir hata mesajı görüyor musunuz?
T-3201,2. kat toplantı koridoru yazıcısı 'kağıt sıkıştı' uyarısı veriyor ama içeride kağıt görünmüyor.,Arıza (Incident),İdari İşler,Ofis Ekipmanı,Yazıcı/Fotokopi Arıza Bildirimi,Düşük,"{'cozum_basligi': 'Yazıcı/fotokopi arıza giderme', 'adimlar': ['Adım 1: Kağıt sıkışması, kapak açık kalması gibi görünür arızalar kontrol edilir.', 'Adım 2: Cihaz yeniden başlatılır ve sürücü/bağlantı ayarları kontrol edilir.', 'Adım 3: Sorun devam ederse teknik servis çağrısı için ticket açılır.'], 'self_service_uygun_mu': True}","['yazici_lokasyon', 'yazici_marka_model', 'ariza_tanimi']",Hangi kattaki/lokasyondaki yazıcıdan bahsediyorsunuz?
T-3202,"Buse Kaya - soyadım resmi olarak değişti, bordro ve mail imzamda da güncellenmesi lazım.",Hizmet Talebi (Service Request),İnsan Kaynakları,Bordro & Özlük,Soyadı Değişikliği,Düşük,"{'cozum_basligi': 'Soyadı değişikliği kayıt güncelleme süreci', 'adimlar': ['Adım 1: Nüfus cüzdanı/kimlik belgesinin güncel hali çalışandan talep edilir.', 'Adım 2: İK sistemi, bordro sistemi ve e-posta imzası gibi tüm kayıtlarda soyadı güncellenir.', 'Adım 3: Güncelleme tamamlandığında çalışana ve ilgili birimlere (IT, muhasebe) bilgi verilir.'], 'self_service_uygun_mu': False}","['ad_soyad', 'eski_soyad', 'yeni_kimlik_belgesi']","Yeni kimlik belgenizi paylaşabilir misiniz, hangi sistemlerde güncelleme yapmamızı istersiniz?"
T-3203,Tedarikçi firmadan gelecek kişi için otopark yer ayrılabilir mi 16 Nisan?,Hizmet Talebi (Service Request),İdari İşler,Güvenlik & Ulaşım,Misafir Otopark İzni,Düşük,"{'cozum_basligi': 'Misafir otopark giriş izni tanımlama', 'adimlar': ['Adım 1: Misafirin plaka bilgisi ve ziyaret tarihi/saati alınır.', 'Adım 2: Güvenlik birimine otopark giriş izni tanımlanır.', 'Adım 3: Misafir giriş yaptığında güvenlik plaka üzerinden yönlendirme yapar.'], 'self_service_uygun_mu': False}","['misafir_ad_soyad', 'plaka_no', 'ziyaret_tarihi_saati']",Misafirinizin plaka bilgisi ve ziyaret saati nedir?
T-3204,Internet gitti gitti geliyor B blok 4. kat. Ayrıca Wifi de aynı şekilde çok zayıf çekiyor bu arada,Arıza (Incident),Bilgi Teknolojileri,Ağ/Network,İnternet Bağlantı Sorunu,Kritik,"{'cozum_basligi': 'İnternet bağlantı arızası ilk müdahale', 'adimlar': ['Adım 1: Modem/router yeniden başlatılır, kablo bağlantıları kontrol edilir.', 'Adım 2: Farklı bir cihaz veya prizden bağlantı test edilir.', 'Adım 3: Sorun devam ederse altyapı ekibine ticket açılır ve etkilenen kişi sayısı raporlanır.'], 'self_service_uygun_mu': True}","['ofis_lokasyon', 'internet_saglayici_bilgisi']","İnternet hiç mi yok yoksa çok mu yavaş, ayrıca sadece siz mi etkileniyorsunuz yoksa tüm kat mı?"
T-3205,"Rica etsem acil Buse Özdemir - taksi fişim rüzgarla uçtu, kayıp beyan formunu doldurmam yeterli mi? Ne zaman çözülür acaba?",Hizmet Talebi (Service Request),Finans,Masraf & Ödeme,Harcama Fişi Kayıp Beyanı,Düşük,"{'cozum_basligi': 'Kayıp harcama fişi beyan ve alternatif belge süreci', 'adimlar': ['Adım 1: Kayıp fiş beyan formu doldurulur, harcama tutarı ve tarihi beyan edilir.', 'Adım 2: Mümkünse kredi kartı ekstresi/dekont gibi alternatif kanıt belgesi talep edilir.', 'Adım 3: Finans ekibi beyanı değerlendirip onaylarsa masraf formu istisnai olarak işleme alınır.'], 'self_service_uygun_mu': False}","['ad_soyad', 'harcama_tutari', 'harcama_tarihi', 'kayip_beyani_gerekcesi']",Fişi kaybettiğinize göre elinizde kredi kartı ekstresi gibi tutarı doğrulayacak başka bir belge var mı?
T-3206,"Bordromda fazla mesai ucreti gorunmuyor, 22 Temmuz ayina ait.",Arıza (Incident),İnsan Kaynakları,Bordro & Özlük,Bordro/Maaş Bilgisi Talebi,Orta,"{'cozum_basligi': 'Bordro/maaş bilgisi inceleme süreci', 'adimlar': ['Adım 1: Çalışanın ilgili ay bordrosu bordro sisteminden çekilip incelenir.', 'Adım 2: Kesinti/ek ödeme kalemleri tek tek karşılaştırılır ve hata olup olmadığı tespit edilir.', 'Adım 3: Hata tespit edilirse düzeltme için bordro/muhasebe ekibine ticket açılır.'], 'self_service_uygun_mu': False}","['ad_soyad', 'donem', 'itiraz_konusu']",Hangi ayın bordrosuyla ilgili ve tam olarak hangi kalemde hata olduğunu düşünüyorsunuz?
T-3207,"Onay akisinda yoneticim gorunmuyor bos geliyor secim ekrani Bu konuda epeydir mağdurum, lütfen hızlı dönüş yapar mısınız?",Arıza (Incident),Finans,Masraf & Ödeme,Onay Akışında Yönetici Görünmüyor Sorunu,Orta,"{'cozum_basligi': 'Onay akışı yönetici ataması düzeltme süreci', 'adimlar': ['Adım 1: Organizasyon şemasında çalışanın tanımlı yöneticisi sistemden kontrol edilir.', 'Adım 2: Yönetici ayrılmış/değişmiş ise onay akışı güncel yöneticiye yeniden atanır.', 'Adım 3: Bekleyen tüm formlar yeni onay akışına manuel olarak yönlendirilir.'], 'self_service_uygun_mu': False}","['ad_soyad', 'form_no', 'eski_yonetici', 'yeni_yonetici']",Onay akışında hangi form takılı kaldı ve eski yöneticiniz mi hâlâ sistemde görünüyor?
T-3208,"Hesabim 3 kere yanlis denme sonrasi kilitlendi, acilmasi lazim acil.",Hizmet Talebi (Service Request),Bilgi Teknolojileri,Güvenlik ve Erişim,Şifre Sıfırlama,Orta,"{'cozum_basligi': 'Şifre sıfırlama işlemi', 'adimlar': ['Adım 1: Kimlik doğrulama (çalışan sicil no / kayıtlı e-posta) yapılır.', 'Adım 2: Self servis şifre sıfırlama portalı üzerinden geçici şifre oluşturulur.', 'Adım 3: Portal üzerinden çözülemiyorsa IT güvenlik ekibi manuel sıfırlama için ticket açar.'], 'self_service_uygun_mu': True}","['kullanici_adi', 'kayitli_email']",Şifrenizi mi unuttunuz yoksa hesabınız mı kilitlendi?
T-3209,"Outlook sifremin suresi doldu, yenileyemiyorum, surekli hta veriyor.",Hizmet Talebi (Service Request),Bilgi Teknolojileri,Güvenlik ve Erişim,Şifre Sıfırlama,Orta,"{'cozum_basligi': 'Şifre sıfırlama işlemi', 'adimlar': ['Adım 1: Kimlik doğrulama (çalışan sicil no / kayıtlı e-posta) yapılır.', 'Adım 2: Self servis şifre sıfırlama portalı üzerinden geçici şifre oluşturulur.', 'Adım 3: Portal üzerinden çözülemiyorsa IT güvenlik ekibi manuel sıfırlama için ticket açar.'], 'self_service_uygun_mu': True}","['kullanici_adi', 'kayitli_email']",Şifrenizi mi unuttunuz yoksa hesabınız mı kilitlendi?
T-3210,Mutfakta lavabbo tikandi su bosalmiyor,Arıza (Incident),İdari İşler,Bina/Tesis Bakım,Bina İçi Teknik Bakım Talebi,Orta,"{'cozum_basligi': 'Genel bina içi teknik bakım süreci', 'adimlar': ['Adım 1: Talep bina teknik bakım ekibine iletilir ve önceliklendirilir.', 'Adım 2: Uygun teknisyen belirlenen lokasyona yönlendirilir.', 'Adım 3: Bakım/onarım tamamlandıktan sonra talep sahibine bilgi verilir.'], 'self_service_uygun_mu': False}","['ofis_lokasyon', 'sorun_tanimi', 'uygun_zaman_araligi']","Sorun tam olarak nedir ve hangi alanda (kapı, su tesisatı, asansör vb.) yaşanıyor?"
T-3211,"Rica etsem acil İnsan Kaynakları için dosya, zımba teli ve post-it talep ediyoruz. İşlerim çok aksıyor, acil çözüm bekliyorum.",Hizmet Talebi (Service Request),İdari İşler,Satınalma/Malzeme,Kırtasiye Malzeme Talebi,Orta,"{'cozum_basligi': 'Kırtasiye malzeme temini', 'adimlar': ['Adım 1: Talep departman yöneticisi onayına iletilir.', 'Adım 2: Depo stoğundan malzemeler hazırlanır.', 'Adım 3: Malzemeler belirtilen teslimat lokasyonuna gönderilir.'], 'self_service_uygun_mu': False}","['malzeme_listesi_miktar', 'departman', 'teslimat_lokasyonu']","Hangi malzemelerden ne miktarda ihtiyacınız var, liste hâlinde belirtebilir misiniz?"
T-3212,"Acilen Otel faturamı kaybettim, otel tekrar gönderebilir mi yoksa beyan mı yapmam lazım?",Hizmet Talebi (Service Request),Finans,Masraf & Ödeme,Harcama Fişi Kayıp Beyanı,Düşük,"{'cozum_basligi': 'Kayıp harcama fişi beyan ve alternatif belge süreci', 'adimlar': ['Adım 1: Kayıp fiş beyan formu doldurulur, harcama tutarı ve tarihi beyan edilir.', 'Adım 2: Mümkünse kredi kartı ekstresi/dekont gibi alternatif kanıt belgesi talep edilir.', 'Adım 3: Finans ekibi beyanı değerlendirip onaylarsa masraf formu istisnai olarak işleme alınır.'], 'self_service_uygun_mu': False}","['ad_soyad', 'harcama_tutari', 'harcama_tarihi', 'kayip_beyani_gerekcesi']",Fişi kaybettiğinize göre elinizde kredi kartı ekstresi gibi tutarı doğrulayacak başka bir belge var mı?
T-3213,"Acilen Yeni laptopuma VPN kurulumu yapılmadı, dışarıdan sisteme bağlanamıyorum. Ne zaman çözülür acaba?",Arıza (Incident),Bilgi Teknolojileri,Ağ/Network,VPN Erişim Sorunu,Orta,"{'cozum_basligi': 'VPN bağlantı sorunu çözümü', 'adimlar': ['Adım 1: VPN istemcisi güncel mi kontrol edilir, kullanıcı adı/şifre doğrulanır.', 'Adım 2: İnternet bağlantısı ve güvenlik duvarı ayarları kontrol edilir, istemci yeniden başlatılır.', 'Adım 3: Erişim devam etmiyorsa VPN sertifikası/erişim yetkisi için ticket açılır.'], 'self_service_uygun_mu': True}","['kullanici_adi', 'baglanti_lokasyonu', 'vpn_istemci_versiyonu']",VPN'e hiç bağlanamıyor musunuz yoksa bağlanıp kısa süre sonra mı düşüyorsunuz? Bir hata mesajı görüyor musunuz?
T-3214,Kalem defter A4 kağit lazım departmanımıza,Hizmet Talebi (Service Request),İdari İşler,Satınalma/Malzeme,Kırtasiye Malzeme Talebi,Orta,"{'cozum_basligi': 'Kırtasiye malzeme temini', 'adimlar': ['Adım 1: Talep departman yöneticisi onayına iletilir.', 'Adım 2: Depo stoğundan malzemeler hazırlanır.', 'Adım 3: Malzemeler belirtilen teslimat lokasyonuna gönderilir.'], 'self_service_uygun_mu': False}","['malzeme_listesi_miktar', 'departman', 'teslimat_lokasyonu']","Hangi malzemelerden ne miktarda ihtiyacınız var, liste hâlinde belirtebilir misiniz?"
T-3215,"2. kat toplantı koridoru kapısının kilidi bozuk, tam kapanmıyor.",Arıza (Incident),İdari İşler,Bina/Tesis Bakım,Bina İçi Teknik Bakım Talebi,Düşük,"{'cozum_basligi': 'Genel bina içi teknik bakım süreci', 'adimlar': ['Adım 1: Talep bina teknik bakım ekibine iletilir ve önceliklendirilir.', 'Adım 2: Uygun teknisyen belirlenen lokasyona yönlendirilir.', 'Adım 3: Bakım/onarım tamamlandıktan sonra talep sahibine bilgi verilir.'], 'self_service_uygun_mu': False}","['ofis_lokasyon', 'sorun_tanimi', 'uygun_zaman_araligi']","Sorun tam olarak nedir ve hangi alanda (kapı, su tesisatı, asansör vb.) yaşanıyor?"
T-3216,Üretim departmanina 3 adet yeni bligisayar kurulumu yapilmasi gerekiyor 21 Ocak itibariyle.,Hizmet Talebi (Service Request),Bilgi Teknolojileri,Donanım,Yeni Ekipman Kurulumu,Orta,"{'cozum_basligi': 'Yeni donanım ekipmanı kurulum süreci', 'adimlar': ['Adım 1: Talep, envanter ve bütçe onayı için yöneticiye/IT sorumlusuna iletilir.', 'Adım 2: Uygun ekipman depo stoğundan veya satın alma sürecinden temin edilir.', 'Adım 3: Kurulum IT saha ekibi tarafından belirlenen tarihte yerinde gerçekleştirilir.'], 'self_service_uygun_mu': False}","['ekipman_turu', 'kullanici_adi', 'ofis_lokasyon', 'talep_tarihi']","Hangi ekipmana ihtiyacınız var ve kimin için, hangi lokasyona kurulacak?"
T-3217,14.013 TL avans talep ediyorum 20 Ekim seyahati için.,Hizmet Talebi (Service Request),Finans,Masraf & Ödeme,Avans Talebi,Düşük,"{'cozum_basligi': 'Avans talebi işleme süreci', 'adimlar': ['Adım 1: Avans talebi tutarı ve gerekçesi (seyahat/proje) kaydedilir.', 'Adım 2: Yönetici ve finans onayına gönderilir.', 'Adım 3: Onay sonrası avans, belirtilen banka hesabına aktarılır.'], 'self_service_uygun_mu': False}","['ad_soyad', 'tutar', 'gerekce', 'seyahat_tarihi']",Avans hangi seyahat/proje için ve ne kadar tutar için gerekiyor?
T-3218,"Çok acil, Tedarikci firmadan gelecek kii icin otopark yer ayrilabilir mi 10 Aralik?",Hizmet Talebi (Service Request),İdari İşler,Güvenlik & Ulaşım,Misafir Otopark İzni,Orta,"{'cozum_basligi': 'Misafir otopark giriş izni tanımlama', 'adimlar': ['Adım 1: Misafirin plaka bilgisi ve ziyaret tarihi/saati alınır.', 'Adım 2: Güvenlik birimine otopark giriş izni tanımlanır.', 'Adım 3: Misafir giriş yaptığında güvenlik plaka üzerinden yönlendirme yapar.'], 'self_service_uygun_mu': False}","['misafir_ad_soyad', 'plaka_no', 'ziyaret_tarihi_saati']",Misafirinizin plaka bilgisi ve ziyaret saati nedir?
T-3219,"Toros Nakliyat firmasından gelen USD faturayı sisteme giremiyorum, para birimi seçeneği çıkmıyor.",Hizmet Talebi (Service Request),Finans,Masraf & Ödeme,Çoklu Para Birimli Fatura Girişi,Yüksek,"{'cozum_basligi': 'Çoklu para birimli fatura giriş desteği', 'adimlar': ['Adım 1: Faturanın orijinal para birimi ve tutarı doğrulanır.', 'Adım 2: ERP sisteminde ilgili para birimi tanımlı değilse muhasebe sistem ekibi tanımlama yapar.', 'Adım 3: Fatura, güncel kur ile TL karşılığı hesaplanarak sisteme işlenir.'], 'self_service_uygun_mu': False}","['fatura_no', 'tedarikci_adi', 'para_birimi', 'tutar']",Faturanın para birimi nedir (USD/EUR/GBP) ve sistemde bu para birimiyle giriş yapabiliyor musunuz?
T-3220,"Toplanti odasindaki klima hic sogutmuyor, cok bunaltici oluyor uzun toplantilarda.",Arıza (Incident),İdari İşler,Bina/Tesis Bakım,Klima/Isıtma Arızası,Düşük,"{'cozum_basligi': 'Klima/ısıtma sistemi arıza giderme', 'adimlar': ['Adım 1: Termostat ayarları ve cihazın açık olup olmadığı kontrol edilir.', 'Adım 2: Bina teknik ekibi filtre/gaz durumunu yerinde kontrol eder.', 'Adım 3: Kalıcı arıza tespit edilirse bakım/onarım için dış servis çağrılır.'], 'self_service_uygun_mu': False}","['ofis_lokasyon', 'cihaz_konumu', 'sorun_tanimi']","Klima hiç çalışmıyor mu yoksa soğutmuyor/ısıtmıyor mu, hangi bölgedesiniz?"
T-3221,"Rica etsem acil Seyahat sırasında fişimi kaybettim, harcamamı nasıl beyan edebilirim? Bu konuda epeydir mağdurum, lütfen hızlı dönüş yapar mısınız?",Hizmet Talebi (Service Request),Finans,Masraf & Ödeme,Harcama Fişi Kayıp Beyanı,Yüksek,"{'cozum_basligi': 'Kayıp harcama fişi beyan ve alternatif belge süreci', 'adimlar': ['Adım 1: Kayıp fiş beyan formu doldurulur, harcama tutarı ve tarihi beyan edilir.', 'Adım 2: Mümkünse kredi kartı ekstresi/dekont gibi alternatif kanıt belgesi talep edilir.', 'Adım 3: Finans ekibi beyanı değerlendirip onaylarsa masraf formu istisnai olarak işleme alınır.'], 'self_service_uygun_mu': False}","['ad_soyad', 'harcama_tutari', 'harcama_tarihi', 'kayip_beyani_gerekcesi']",Fişi kaybettiğinize göre elinizde kredi kartı ekstresi gibi tutarı doğrulayacak başka bir belge var mı?
T-3222,Onur Yılmaz - ailevi bir durum nedeniyle 2 haftalık ücretsiz izin talep ediyorum.,Hizmet Talebi (Service Request),İnsan Kaynakları,İzin Yönetimi,Ücretsiz İzin Talebi,Orta,"{'cozum_basligi': 'Ücretsiz izin talebi değerlendirme süreci', 'adimlar': ['Adım 1: Talep gerekçesi ve süresi ile birlikte kaydedilir.', 'Adım 2: Yönetici ve İK onayına gönderilir, SGK bildirimi gerekliliği kontrol edilir.', 'Adım 3: Onaylanması halinde ücretsiz izin süresi bordro ve SGK sistemine işlenir.'], 'self_service_uygun_mu': False}","['ad_soyad', 'talep_suresi', 'gerekce']",Ne kadar süreyle ücretsiz izin kullanmak istiyorsunuz ve gerekçeniz nedir?
T-3223,"Tüm kat internetsiz kaldı, Genel Müdürlük binası, çok acil!. Ayrıca Wifi de aynı şekilde çok zayıf çekiyor bu arada",Arıza (Incident),Bilgi Teknolojileri,Ağ/Network,İnternet Bağlantı Sorunu,Orta,"{'cozum_basligi': 'İnternet bağlantı arızası ilk müdahale', 'adimlar': ['Adım 1: Modem/router yeniden başlatılır, kablo bağlantıları kontrol edilir.', 'Adım 2: Farklı bir cihaz veya prizden bağlantı test edilir.', 'Adım 3: Sorun devam ederse altyapı ekibine ticket açılır ve etkilenen kişi sayısı raporlanır.'], 'self_service_uygun_mu': True}","['ofis_lokasyon', 'internet_saglayici_bilgisi']",Kaç kişiyi etkiliyor bu sorun ve hangi lokasyondasınız?
T-3224,"Acilen Teams'e giriş yapamıyorum, 'bir sorun oluştu' hatası çıkıyor sürekli. Ayrıca Bir de mail eklerini indiremiyorum aynı anda İşlerim çok aksıyor, acil çözüm bekliyorum.",Arıza (Incident),Bilgi Teknolojileri,Yazılım,Uygulama Hatası (Outlook/Teams/Excel vb.),Orta,"{'cozum_basligi': 'Uygulama hatası giderme', 'adimlar': ['Adım 1: Uygulama tamamen kapatılıp yeniden açılır, gerekirse bilgisayar yeniden başlatılır.', 'Adım 2: Uygulama güncellemesi kontrol edilir ve önbellek/geçici dosyalar temizlenir.', 'Adım 3: Hata devam ederse ekran görüntüsüyle birlikte yazılım destek ekibine ticket açılır.'], 'self_service_uygun_mu': True}","['uygulama_adi', 'isletim_sistemi', 'hata_ekran_goruntusu']","Hangi uygulamada ve tam olarak ne zaman bu hatayı alıyorsunuz, ekran görüntüsü paylaşabilir misiniz?"
T-3225,"Ofisimizdeki koltuklar çok eskidi, ekip olarak değişim talep ediyoruz.",Hizmet Talebi (Service Request),İdari İşler,Satınalma/Malzeme,Ofis Mobilya Değişimi,Orta,"{'cozum_basligi': 'Ofis mobilyası değişim süreci', 'adimlar': ['Adım 1: Mevcut mobilyanın durumu değerlendirilir ve değişim gerekçesi kaydedilir.', 'Adım 2: Bütçe/onay süreci tamamlandıktan sonra satınalma talebi açılır.', 'Adım 3: Yeni mobilya teslim alınıp kurulumu yapılır, eski mobilya değişim için alınır.'], 'self_service_uygun_mu': False}","['mobilya_turu', 'ofis_lokasyon', 'degisim_gerekcesi']",Hangi mobilyanın değişmesini istiyorsunuz ve mevcut olanın sorunu nedir?
T-3226,"Rica etsem acil Yeni gelen arkadaş icin masa sandalye lazim İşlerim çok aksıyor, acil çözüm bekliyorum.",Hizmet Talebi (Service Request),İdari İşler,Satınalma/Malzeme,Ofis Mobilya Değişimi,Orta,"{'cozum_basligi': 'Ofis mobilyası değişim süreci', 'adimlar': ['Adım 1: Mevcut mobilyanın durumu değerlendirilir ve değişim gerekçesi kaydedilir.', 'Adım 2: Bütçe/onay süreci tamamlandıktan sonra satınalma talebi açılır.', 'Adım 3: Yeni mobilya teslim alınıp kurulumu yapılır, eski mobilya değişim için alınır.'], 'self_service_uygun_mu': False}","['mobilya_turu', 'ofis_lokasyon', 'degisim_gerekcesi']",Hangi mobilyanın değişmesini istiyorsunuz ve mevcut olanın sorunu nedir?
T-3227,"BES kesintimi durdurmak istiyorum, nasil bir surec izlemem gerekiyor?",Hizmet Talebi (Service Request),İnsan Kaynakları,Bordro & Özlük,BES (Bireysel Emeklilik) Kesintisi Talebi,Düşük,"{'cozum_basligi': 'BES kesinti oranı/katılım işlemi düzenleme', 'adimlar': ['Adım 1: Çalışanın mevcut BES katılım durumu ve kesinti oranı sistemden kontrol edilir.', 'Adım 2: Talep edilen değişiklik (katılım, çıkış, oran güncelleme) BES şirketine iletilir.', 'Adım 3: Onay sonrası bordro kesinti kalemi güncellenir ve çalışana bilgi verilir.'], 'self_service_uygun_mu': False}","['ad_soyad', 'talep_turu', 'yeni_kesinti_orani']",BES'ten çıkmak mı istiyorsunuz yoksa kesinti oranınızı mı değiştirmek istiyorsunuz?
T-3228,Sifre sifirlama lazim Derya Doğan,Arıza (Incident),Bilgi Teknolojileri,Güvenlik ve Erişim,Şifre Sıfırlama,Orta,"{'cozum_basligi': 'Şifre sıfırlama işlemi', 'adimlar': ['Adım 1: Kimlik doğrulama (çalışan sicil no / kayıtlı e-posta) yapılır.', 'Adım 2: Self servis şifre sıfırlama portalı üzerinden geçici şifre oluşturulur.', 'Adım 3: Portal üzerinden çözülemiyorsa IT güvenlik ekibi manuel sıfırlama için ticket açar.'], 'self_service_uygun_mu': True}","['kullanici_adi', 'sicil_no', 'sistem_adi']",Şifrenizi mi unuttunuz yoksa hesabınız mı kilitlendi?
T-3229,"SAP programi cok yavas aciliyor, bazen hic yanit vermiyor. Ayrica Bir de mail eklerini indiremiyorum ayni anda",Arıza (Incident),Bilgi Teknolojileri,Yazılım,Uygulama Hatası (Outlook/Teams/Excel vb.),Orta,"{'cozum_basligi': 'Uygulama hatası giderme', 'adimlar': ['Adım 1: Uygulama tamamen kapatılıp yeniden açılır, gerekirse bilgisayar yeniden başlatılır.', 'Adım 2: Uygulama güncellemesi kontrol edilir ve önbellek/geçici dosyalar temizlenir.', 'Adım 3: Hata devam ederse ekran görüntüsüyle birlikte yazılım destek ekibine ticket açılır.'], 'self_service_uygun_mu': True}","['uygulama_adi', 'isletim_sistemi', 'hata_ekran_goruntusu']","Hangi uygulamada ve tam olarak ne zaman bu hatayı alıyorsunuz, ekran görüntüsü paylaşabilir misiniz?"
T-3230,Analik iznim icin rapor ekliyorum ne zaman baslar izin,Hizmet Talebi (Service Request),İnsan Kaynakları,İzin Yönetimi,Doğum/Analık İzni Talebi,Yüksek,"{'cozum_basligi': 'Doğum/analık izni tanımlama süreci', 'adimlar': ['Adım 1: Doktor raporu ve tahmini/gerçek doğum tarihi talep edilir.', 'Adım 2: Yasal doğum öncesi 8 hafta - doğum sonrası 8 hafta izin süresi hesaplanır.', ""Adım 3: İzin süresi SGK'ya bildirilir ve bordro/İK sisteminde işlenir.""], 'self_service_uygun_mu': False}","['ad_soyad', 'tahmini_dogum_tarihi', 'doktor_raporu']","Tahmini doğum tarihiniz nedir, doktor raporunuzu paylaşabilir misiniz?"
T-3231,Rica etsem acil Yazıcı kağıt sıkıştırıyor sürekli 5. kat açık ofis,Arıza (Incident),İdari İşler,Ofis Ekipmanı,Yazıcı/Fotokopi Arıza Bildirimi,Düşük,"{'cozum_basligi': 'Yazıcı/fotokopi arıza giderme', 'adimlar': ['Adım 1: Kağıt sıkışması, kapak açık kalması gibi görünür arızalar kontrol edilir.', 'Adım 2: Cihaz yeniden başlatılır ve sürücü/bağlantı ayarları kontrol edilir.', 'Adım 3: Sorun devam ederse teknik servis çağrısı için ticket açılır.'], 'self_service_uygun_mu': True}","['yazici_lokasyon', 'yazici_marka_model', 'ariza_tanimi']",Hangi kattaki/lokasyondaki yazıcıdan bahsediyorsunuz?
T-3232,"Şirket kartıyla yaptığım döviz harcaması geç yansıdı, kur o gün çok değişmişti, fark var mı bakar mısınız?",Bilgi Talebi (Information),Finans,Masraf & Ödeme,Döviz Kuru Farkı/Uyumsuzluğu,Yüksek,"{'cozum_basligi': 'Döviz kuru farkı/uyumsuzluğu inceleme süreci', 'adimlar': ['Adım 1: Harcama tarihindeki resmi TCMB kuru ile sistemde kullanılan kur karşılaştırılır.', 'Adım 2: Fark tespit edilirse hangi kur kaynağının kullanıldığı muhasebe ile teyit edilir.', 'Adım 3: Hatalı hesaplama varsa düzeltme kaydı oluşturulur ve fark tazmin edilir.'], 'self_service_uygun_mu': False}","['ad_soyad', 'harcama_tarihi', 'doviz_tutar', 'kullanilan_kur']","Harcamanızın tarihini ve hangi döviz cinsinden olduğunu paylaşabilir misiniz, hangi kur baz alınmış görüyorsunuz?"
T-3233,"Kalite ortak paylasim alanina erisim talep eiyorum, yoneticim onaylayacak. Teşekkür ederim şimdiden.",Hizmet Talebi (Service Request),Bilgi Teknolojileri,Güvenlik ve Erişim,Sistem/Klasör Yetki Talebi,Orta,"{'cozum_basligi': 'Sistem/klasör yetki tanımlama süreci', 'adimlar': ['Adım 1: Talep, ilgili departman yöneticisinin onayına gönderilir.', 'Adım 2: Onay sonrası erişim, en az yetki prensibiyle tanımlanır.', 'Adım 3: Yetki tanımlandıktan sonra kullanıcıya bilgilendirme yapılır ve ticket kapatılır.'], 'self_service_uygun_mu': False}","['kullanici_adi', 'erisim_seviyesi', 'departman']",Okuma yetkisi mi yoksa yazma/düzenleme yetkisi mi gerekiyor?
T-3234,"Fotokopi makinesi calismiyor, tuslara basinca tepki vermiyor.",Arıza (Incident),İdari İşler,Ofis Ekipmanı,Yazıcı/Fotokopi Arıza Bildirimi,Düşük,"{'cozum_basligi': 'Yazıcı/fotokopi arıza giderme', 'adimlar': ['Adım 1: Kağıt sıkışması, kapak açık kalması gibi görünür arızalar kontrol edilir.', 'Adım 2: Cihaz yeniden başlatılır ve sürücü/bağlantı ayarları kontrol edilir.', 'Adım 3: Sorun devam ederse teknik servis çağrısı için ticket açılır.'], 'self_service_uygun_mu': True}","['yazici_lokasyon', 'hata_kodu']",Hangi kattaki/lokasyondaki yazıcıdan bahsediyorsunuz?
T-3235,"CRM sistemine yeni giriş yetkisi verilmesi gerekiyor, yöneticim Esra Kara onaylayabilir.",Hizmet Talebi (Service Request),Bilgi Teknolojileri,Güvenlik ve Erişim,Sistem/Klasör Yetki Talebi,Orta,"{'cozum_basligi': 'Sistem/klasör yetki tanımlama süreci', 'adimlar': ['Adım 1: Talep, ilgili departman yöneticisinin onayına gönderilir.', 'Adım 2: Onay sonrası erişim, en az yetki prensibiyle tanımlanır.', 'Adım 3: Yetki tanımlandıktan sonra kullanıcıya bilgilendirme yapılır ve ticket kapatılır.'], 'self_service_uygun_mu': False}","['kullanici_adi', 'klasor_sistem_adi', 'yonetici_onayi']",Okuma yetkisi mi yoksa yazma/düzenleme yetkisi mi gerekiyor?
T-3236,"Rica etsem acil Yöneticim onayladı, Logo Tiger lisansımın aktifleştirilmesini rica ederim. Teşekkür ederim şimdiden.",Hizmet Talebi (Service Request),Bilgi Teknolojileri,Yazılım,Yazılım Lisans/Kurulum Talebi,Orta,"{'cozum_basligi': 'Yazılım lisans/kurulum süreci', 'adimlar': ['Adım 1: Talep, lisans uygunluğu ve yönetici onayı için değerlendirilir.', 'Adım 2: Lisans anahtarı temin edilir veya mevcut lisans havuzundan atama yapılır.', 'Adım 3: Kurulum IT ekibi tarafından uzaktan veya yerinde gerçekleştirilir.'], 'self_service_uygun_mu': False}","['yazilim_adi', 'kullanici_adi', 'onay_bilgisi']",Hangi yazılımın lisansına/kurulumuna ihtiyacınız var ve bu talep yöneticiniz tarafından onaylandı mı?
T-3237,"Çok acil, 1 Ekim tarihindeki iznimi iptal etmek istiyorum. İşlerim çok aksıyor, acil çözüm bekliyorum.",Hizmet Talebi (Service Request),İnsan Kaynakları,İzin Yönetimi,İzin İptal/Değişiklik,Düşük,"{'cozum_basligi': 'İzin iptal/değişiklik işlemi', 'adimlar': ['Adım 1: Mevcut izin kaydı sistemde bulunur ve doğrulanır.', 'Adım 2: İptal/değişiklik talebi yöneticinin onayına yeniden gönderilir.', 'Adım 3: Onay sonrası izin bakiyesi ve takvim güncellenir.'], 'self_service_uygun_mu': True}","['ad_soyad', 'mevcut_izin_tarihi', 'yeni_talep']",İzninizi tamamen iptal mi etmek istiyorsunuz yoksa tarihini mi değiştirmek istiyorsunuz?
T-3238,"Lütfen acil Kart limiti artirimi istiyorum proje harcamalari icin yetersiz kaliyor İşlerim çok aksıyor, acil çözüm bekliyorum.",Hizmet Talebi (Service Request),Finans,Masraf & Ödeme,Kurumsal Kredi Kartı Limit Artırımı,Orta,"{'cozum_basligi': 'Kurumsal kredi kartı limit artırım süreci', 'adimlar': ['Adım 1: Mevcut limit, kullanım geçmişi ve talep gerekçesi kaydedilir.', 'Adım 2: Yönetici ve finans müdürü onayına gönderilir.', 'Adım 3: Onay sonrası banka ile limit artırım talebi iletilir ve süreç takip edilir.'], 'self_service_uygun_mu': False}","['ad_soyad', 'mevcut_limit', 'talep_edilen_limit', 'gerekce']","Mevcut kart limitiniz nedir ve ne kadar artış talep ediyorsunuz, gerekçeniz nedir?"
T-3239,"Anka Danışmanlık bizi aradı fatura ödeemesi gecikmiş, kontrol eder misiniz?",Hizmet Talebi (Service Request),Finans,Masraf & Ödeme,Fatura Ödeme Takibi,Düşük,"{'cozum_basligi': 'Fatura ödeme durumu takibi', 'adimlar': ['Adım 1: Fatura numarası ile muhasebe/ERP sisteminde ödeme kaydı sorgulanır.', 'Adım 2: Ödeme planlanan tarih ve onay durumu kontrol edilir.', 'Adım 3: Gecikme varsa ödeme sorumlusuna hatırlatma yapılır ve tedarikçiye bilgi verilir.'], 'self_service_uygun_mu': True}","['fatura_no', 'tedarikci_adi', 'tutar']","Faturanın vade tarihi geçti mi, ne kadar süredir bekliyor?"
T-3240,"Yeni IBAN bilgisi geldi ama resmi yazi olmadan sistemde guncelleyemiyoruz, tedarikciden evrak istenmeli.",Bilgi Talebi (Information),Finans,Masraf & Ödeme,Tedarikçi IBAN/Vade Mutabakatı,Orta,"{'cozum_basligi': 'Tedarikçi IBAN/vade mutabakat süreci', 'adimlar': ['Adım 1: Tedarikçinin sistemde kayıtlı IBAN ve vade koşulları kontrol edilir.', 'Adım 2: Tedarikçiden güncel IBAN/vade bilgisini teyit eden resmi yazı istenir.', 'Adım 3: Bilgiler güncellendikten sonra mutabakat formu karşılıklı imzalanarak kapatılır.'], 'self_service_uygun_mu': False}","['tedarikci_adi', 'mevcut_iban', 'yeni_iban_bilgisi']",Tedarikçinin IBAN bilgisi mi değişti yoksa vade koşullarında bir anlaşmazlık mı var?
T-3241,"Çok acil, Wifi ye baglanamiyorum İzmir şube sürekli şifre hatası veriyor Teşekkür ederim şimdiden.",Hizmet Talebi (Service Request),Bilgi Teknolojileri,Ağ/Network,Wi-Fi Bağlantı Sorunu,Yüksek,"{'cozum_basligi': 'Wi-Fi bağlantı sorunu çözümü', 'adimlar': ['Adım 1: Cihazın Wi-Fi ayarları kapatılıp açılır, ağa yeniden bağlanılır.', 'Adım 2: Şifre doğru girildi mi ve sinyal gücü yeterli mi kontrol edilir.', 'Adım 3: Sorun sürüyorsa erişim noktası (AP) kontrolü için ticket açılır.'], 'self_service_uygun_mu': True}","['ofis_lokasyon', 'wifi_ag_adi']",Hangi ağa bağlanmaya çalışıyorsunuz ve hangi lokasyondasınız?
T-3242,"Çok acil, 3 gunnluk istirahat raporum var, nasil iletmem gerekiyor sisteme? Gerçekten çok sıkıntı oluyor, bir an önce ilgilenirseniz sevinirim.",Hizmet Talebi (Service Request),İnsan Kaynakları,İzin Yönetimi,Sağlık Raporu/İstirahat Bildirimi,Yüksek,"{'cozum_basligi': 'Sağlık raporu/istirahat bildirimi işleme süreci', 'adimlar': [""Adım 1: Rapor e-Nabız/hastane sisteminden veya elden İK'ya iletilir."", 'Adım 2: Rapor süresi SGK sistemine ve bordroya işlenir.', 'Adım 3: Yöneticiye çalışanın izinli/raporlu olduğu bilgisi iletilir.'], 'self_service_uygun_mu': True}","['ad_soyad', 'rapor_baslangic_bitis_tarihi', 'rapor_belgesi']",Raporunuz kaç gün ve e-Nabız üzerinden mi yoksa elden mi ileteceksiniz?
T-3243,"Onur Çetin - GBP faturasını girmeye çalışıyorum ama sistem sadece TL kabul ediyor, yardımcı olur musunuz?",Hizmet Talebi (Service Request),Finans,Masraf & Ödeme,Çoklu Para Birimli Fatura Girişi,Orta,"{'cozum_basligi': 'Çoklu para birimli fatura giriş desteği', 'adimlar': ['Adım 1: Faturanın orijinal para birimi ve tutarı doğrulanır.', 'Adım 2: ERP sisteminde ilgili para birimi tanımlı değilse muhasebe sistem ekibi tanımlama yapar.', 'Adım 3: Fatura, güncel kur ile TL karşılığı hesaplanarak sisteme işlenir.'], 'self_service_uygun_mu': False}","['fatura_no', 'tedarikci_adi', 'para_birimi', 'tutar']",Faturanın para birimi nedir (USD/EUR/GBP) ve sistemde bu para birimiyle giriş yapabiliyor musunuz?
T-3244,"Cem Çelik - taksi fişim rüzgarla uçtu, kayıp beyan formunu doldurmam yeterli mi?",Hizmet Talebi (Service Request),Finans,Masraf & Ödeme,Harcama Fişi Kayıp Beyanı,Yüksek,"{'cozum_basligi': 'Kayıp harcama fişi beyan ve alternatif belge süreci', 'adimlar': ['Adım 1: Kayıp fiş beyan formu doldurulur, harcama tutarı ve tarihi beyan edilir.', 'Adım 2: Mümkünse kredi kartı ekstresi/dekont gibi alternatif kanıt belgesi talep edilir.', 'Adım 3: Finans ekibi beyanı değerlendirip onaylarsa masraf formu istisnai olarak işleme alınır.'], 'self_service_uygun_mu': False}","['ad_soyad', 'harcama_tutari', 'harcama_tarihi', 'kayip_beyani_gerekcesi']",Fişi kaybettiğinize göre elinizde kredi kartı ekstresi gibi tutarı doğrulayacak başka bir belge var mı?
T-3245,Lütfen acil Veritabani baglantisi kopuyor rapor alamiyorum surekli hata,Arıza (Incident),Bilgi Teknolojileri,Sunucu/Sistem,Veritabanı Erişim Hatası,Kritik,"{'cozum_basligi': 'Veritabanı erişim hatası çözümü', 'adimlar': ['Adım 1: Kullanıcının veritabanı bağlantı ayarları ve yetkileri kontrol edilir.', 'Adım 2: Veritabanı servisinin çalışır durumda olup olmadığı sistem ekibince doğrulanır.', 'Adım 3: Yetki/bağlantı sorunu devam ediyorsa veritabanı yöneticisine (DBA) ticket yönlendirilir.'], 'self_service_uygun_mu': False}","['uygulama_adi', 'hata_kodu', 'erisim_zamani']",Hangi uygulama/veritabanına erişmeye çalışıyorsunuz ve tam hata mesajı nedir?
T-3246,Ucretsiz izin almak istiyorum yurtdisi cikisim var 15 gunluk,Hizmet Talebi (Service Request),İnsan Kaynakları,İzin Yönetimi,Ücretsiz İzin Talebi,Yüksek,"{'cozum_basligi': 'Ücretsiz izin talebi değerlendirme süreci', 'adimlar': ['Adım 1: Talep gerekçesi ve süresi ile birlikte kaydedilir.', 'Adım 2: Yönetici ve İK onayına gönderilir, SGK bildirimi gerekliliği kontrol edilir.', 'Adım 3: Onaylanması halinde ücretsiz izin süresi bordro ve SGK sistemine işlenir.'], 'self_service_uygun_mu': False}","['ad_soyad', 'talep_suresi', 'gerekce']",Ne kadar süreyle ücretsiz izin kullanmak istiyorsunuz ve gerekçeniz nedir?
T-3247,Masaüstü bilgisayarım 24 Haziran tarihinden beri sürekli kendi kendine kapanıyor. Hem de Masaüstümdeki dosyalara da erişemiyorum galiba,Arıza (Incident),Bilgi Teknolojileri,Donanım,Bilgisayar Arıza/Onarım,Orta,"{'cozum_basligi': 'Bilgisayar donanım arızası ilk müdahale', 'adimlar': ['Adım 1: Cihaz kapatılıp yeniden başlatılır, güç kablosu ve bağlantılar kontrol edilir.', 'Adım 2: Uzaktan tanı aracıyla donanım sağlık testi çalıştırılır.', 'Adım 3: Sorun devam ederse yerinde teknik destek için ticket açılır ve teknisyen yönlendirilir.'], 'self_service_uygun_mu': True}","['cihaz_seri_no', 'kullanici_adi', 'ofis_lokasyon', 'ariza_baslangic_zamani']",Sorun ne zaman başladı ve hangi lokasyondaki cihazdan bahsediyoruz?
T-3248,"Çok acil, 3. kat toplantı odası içindeki hoparlör ses vermiyor, katılımcılar bizi duyamıyor.",Arıza (Incident),İdari İşler,Ofis Ekipmanı,Toplantı Odası Ekipman Arızası (ClickShare/Projeksiyon),Düşük,"{'cozum_basligi': 'Toplantı odası ekran/görüntü aktarım arızası giderme', 'adimlar': ['Adım 1: ClickShare/HDMI kablosu ve cihazın güç bağlantısı kontrol edilir.', 'Adım 2: Ekran/projeksiyon cihazı yeniden başlatılır, giriş kaynağı kontrol edilir.', 'Adım 3: Sorun devam ederse toplantı öncesi acil teknik destek için ticket açılır.'], 'self_service_uygun_mu': True}","['oda_adi', 'hata_tanimi']",Hangi toplantı odasından bahsediyorsunuz ve toplantınız ne zaman başlıyor?
T-3249,Sunuu cevap vermiyor sistem tamamen durdu acil mudahale lazim,Arıza (Incident),Bilgi Teknolojileri,Sunucu/Sistem,Sunucu/Servis Kesintisi,Yüksek,"{'cozum_basligi': 'Sunucu/servis kesintisi acil müdahale', 'adimlar': ['Adım 1: Sunucu/servis durumu izleme panelinden kontrol edilir, etkilenen servisler belirlenir.', 'Adım 2: Sunucu ekibi tarafından servis yeniden başlatılır veya yük devretme (failover) uygulanır.', 'Adım 3: Kök neden analizi için kritik öncelikli ticket açılır ve ilgili birimlere bilgi verilir.'], 'self_service_uygun_mu': False}","['etkilenen_sistem_adi', 'baslangic_zamani', 'etkilenen_kullanici_sayisi']",Bu kesinti tüm şirketi mi yoksa belirli bir departmanı mı etkiliyor?
T-3250,"11 Kasım günü tedarikçi firamdan 2 kişi gelecek, resepsiyona bildirim yapar mısınız?",Hizmet Talebi (Service Request),İdari İşler,Güvenlik & Ulaşım,Ziyaretçi Giriş Talebi,Düşük,"{'cozum_basligi': 'Ziyaretçi giriş kaydı oluşturma', 'adimlar': ['Adım 1: Ziyaretçi bilgileri (ad soyad, TC/kimlik, ziyaret amacı) alınır.', 'Adım 2: Güvenlik birimine ziyaret tarihi ve saati bildirilir.', 'Adım 3: Ziyaretçi giriş gününde resepsiyonda kayıt yapılıp kartı teslim edilir.'], 'self_service_uygun_mu': False}","['ziyaretci_ad_soyad', 'ziyaret_tarihi_saati', 'ziyaret_edilen_kisi']","Ziyaretçinin adı, ziyaret tarihi/saati ve kimi ziyaret edeceği bilgisini alabilir miyim?"
T-3251,Yazici acilmiyor fisi taktim yine olmadi,Arıza (Incident),İdari İşler,Ofis Ekipmanı,Yazıcı/Fotokopi Arıza Bildirimi,Orta,"{'cozum_basligi': 'Yazıcı/fotokopi arıza giderme', 'adimlar': ['Adım 1: Kağıt sıkışması, kapak açık kalması gibi görünür arızalar kontrol edilir.', 'Adım 2: Cihaz yeniden başlatılır ve sürücü/bağlantı ayarları kontrol edilir.', 'Adım 3: Sorun devam ederse teknik servis çağrısı için ticket açılır.'], 'self_service_uygun_mu': True}","['yazici_lokasyon', 'yazici_marka_model', 'ariza_tanimi']",Hangi kattaki/lokasyondaki yazıcıdan bahsediyorsunuz?
T-3252,"Rica etsem acil Nihan Arslan - doğum iznim bitiyor yakında, yarı zamanlı çalışma hakkımı öğrenebilir miyim? Ne zaman çözülür acaba?",Hizmet Talebi (Service Request),İnsan Kaynakları,İzin Yönetimi,Doğum/Analık İzni Talebi,Orta,"{'cozum_basligi': 'Doğum/analık izni tanımlama süreci', 'adimlar': ['Adım 1: Doktor raporu ve tahmini/gerçek doğum tarihi talep edilir.', 'Adım 2: Yasal doğum öncesi 8 hafta - doğum sonrası 8 hafta izin süresi hesaplanır.', ""Adım 3: İzin süresi SGK'ya bildirilir ve bordro/İK sisteminde işlenir.""], 'self_service_uygun_mu': False}","['ad_soyad', 'tahmini_dogum_tarihi', 'doktor_raporu']","Tahmini doğum tarihiniz nedir, doktor raporunuzu paylaşabilir misiniz?"
T-3253,"14 Ekim sabahından beri internet kesik kesik çalışıyor, toplantılara giremiyorum.",Arıza (Incident),Bilgi Teknolojileri,Ağ/Network,İnternet Bağlantı Sorunu,Orta,"{'cozum_basligi': 'İnternet bağlantı arızası ilk müdahale', 'adimlar': ['Adım 1: Modem/router yeniden başlatılır, kablo bağlantıları kontrol edilir.', 'Adım 2: Farklı bir cihaz veya prizden bağlantı test edilir.', 'Adım 3: Sorun devam ederse altyapı ekibine ticket açılır ve etkilenen kişi sayısı raporlanır.'], 'self_service_uygun_mu': True}","['ofis_lokasyon', 'internet_saglayici_bilgisi']",Kaç kişiyi etkiliyor bu sorun ve hangi lokasyondasınız?
T-3254,"Kaan Şahin - SGK giriş belgemi mail atabilir misiniz, kredi başvurusu için lazım.",Hizmet Talebi (Service Request),İnsan Kaynakları,Bordro & Özlük,SGK Giriş/Çıkış Evrakı Talebi,Orta,"{'cozum_basligi': 'SGK giriş/çıkış evrakı düzenleme', 'adimlar': ['Adım 1: Talep edilen belgenin türü (işe giriş bildirgesi/işten ayrılış bildirgesi) teyit edilir.', 'Adım 2: SGK e-Bildirge sisteminden ilgili belge sorgulanır ve çıktısı alınır.', 'Adım 3: Belge onaylanıp çalışana e-posta veya elden iletilir.'], 'self_service_uygun_mu': False}","['ad_soyad', 'sicil_no', 'belge_turu', 'kullanim_amaci']","İşe giriş bildirgesi mi yoksa işten ayrılış bildirgesi mi gerekiyor, hangi amaçla kullanılacak?"
T-3255,Acilen Kartus degisimi lazim yazici az mürekkep uyarisi veriyor,Hizmet Talebi (Service Request),İdari İşler,Ofis Ekipmanı,Toner/Kartuş Talebi,Orta,"{'cozum_basligi': 'Toner/kartuş temin süreci', 'adimlar': ['Adım 1: Depo stok durumu kontrol edilir.', 'Adım 2: Uygun toner/kartuş belirtilen yazıcı lokasyonuna teslim edilir.', 'Adım 3: Stokta bulunmuyorsa satınalma süreci tetiklenir ve tahmini teslim süresi bildirilir.'], 'self_service_uygun_mu': False}","['yazici_lokasyon', 'yazici_marka_model', 'toner_kartus_kodu']","Yazıcının marka ve modeli nedir, doğru toner kodunu belirleyebilmemiz için gerekli?"
T-3256,"Lütfen acil Ofisimizdeki koltuklar çok eskidi, ekip olarak değişim talep ediyoruz. Ne zaman çözülür acaba?",Hizmet Talebi (Service Request),İdari İşler,Satınalma/Malzeme,Ofis Mobilya Değişimi,Düşük,"{'cozum_basligi': 'Ofis mobilyası değişim süreci', 'adimlar': ['Adım 1: Mevcut mobilyanın durumu değerlendirilir ve değişim gerekçesi kaydedilir.', 'Adım 2: Bütçe/onay süreci tamamlandıktan sonra satınalma talebi açılır.', 'Adım 3: Yeni mobilya teslim alınıp kurulumu yapılır, eski mobilya değişim için alınır.'], 'self_service_uygun_mu': False}","['mobilya_turu', 'ofis_lokasyon', 'degisim_gerekcesi']",Hangi mobilyanın değişmesini istiyorsunuz ve mevcut olanın sorunu nedir?
T-3257,ERP modulunde stok sorgusu yaparekn 'erisim reddedildi' hatasi cikiyor.,Arıza (Incident),Bilgi Teknolojileri,Sunucu/Sistem,Veritabanı Erişim Hatası,Yüksek,"{'cozum_basligi': 'Veritabanı erişim hatası çözümü', 'adimlar': ['Adım 1: Kullanıcının veritabanı bağlantı ayarları ve yetkileri kontrol edilir.', 'Adım 2: Veritabanı servisinin çalışır durumda olup olmadığı sistem ekibince doğrulanır.', 'Adım 3: Yetki/bağlantı sorunu devam ediyorsa veritabanı yöneticisine (DBA) ticket yönlendirilir.'], 'self_service_uygun_mu': False}","['uygulama_adi', 'hata_kodu', 'erisim_zamani']",Hangi uygulama/veritabanına erişmeye çalışıyorsunuz ve tam hata mesajı nedir?
T-3258,13.485 TL avans talep ediyorum 16 Mayıs seyahati için.,Hizmet Talebi (Service Request),Finans,Masraf & Ödeme,Avans Talebi,Orta,"{'cozum_basligi': 'Avans talebi işleme süreci', 'adimlar': ['Adım 1: Avans talebi tutarı ve gerekçesi (seyahat/proje) kaydedilir.', 'Adım 2: Yönetici ve finans onayına gönderilir.', 'Adım 3: Onay sonrası avans, belirtilen banka hesabına aktarılır.'], 'self_service_uygun_mu': False}","['ad_soyad', 'tutar', 'gerekce', 'seyahat_tarihi']",Avans hangi seyahat/proje için ve ne kadar tutar için gerekiyor?
T-3259,Masraf formum onaya gidiyor ama eski yoneticim ciktiig icin kimse onaylayamiyor.,Arıza (Incident),Finans,Masraf & Ödeme,Onay Akışında Yönetici Görünmüyor Sorunu,Düşük,"{'cozum_basligi': 'Onay akışı yönetici ataması düzeltme süreci', 'adimlar': ['Adım 1: Organizasyon şemasında çalışanın tanımlı yöneticisi sistemden kontrol edilir.', 'Adım 2: Yönetici ayrılmış/değişmiş ise onay akışı güncel yöneticiye yeniden atanır.', 'Adım 3: Bekleyen tüm formlar yeni onay akışına manuel olarak yönlendirilir.'], 'self_service_uygun_mu': False}","['ad_soyad', 'form_no', 'eski_yonetici', 'yeni_yonetici']",Onay akışında hangi form takılı kaldı ve eski yöneticiniz mi hâlâ sistemde görünüyor?
T-3260,"Muhasebe klasorune eirsim yetkim yok, projemde ihtiyacim var.",Hizmet Talebi (Service Request),Bilgi Teknolojileri,Güvenlik ve Erişim,Sistem/Klasör Yetki Talebi,Orta,"{'cozum_basligi': 'Sistem/klasör yetki tanımlama süreci', 'adimlar': ['Adım 1: Talep, ilgili departman yöneticisinin onayına gönderilir.', 'Adım 2: Onay sonrası erişim, en az yetki prensibiyle tanımlanır.', 'Adım 3: Yetki tanımlandıktan sonra kullanıcıya bilgilendirme yapılır ve ticket kapatılır.'], 'self_service_uygun_mu': False}","['kullanici_adi', 'erisim_seviyesi', 'departman']",Hangi klasöre veya sisteme erişim yetkisi talep ediyorsunuz ve yöneticinizin onayı var mı?
T-3261,"İzmir sube kapisinin kilidi bozuk, tam kapanmiyor.",Hizmet Talebi (Service Request),İdari İşler,Bina/Tesis Bakım,Bina İçi Teknik Bakım Talebi,Orta,"{'cozum_basligi': 'Genel bina içi teknik bakım süreci', 'adimlar': ['Adım 1: Talep bina teknik bakım ekibine iletilir ve önceliklendirilir.', 'Adım 2: Uygun teknisyen belirlenen lokasyona yönlendirilir.', 'Adım 3: Bakım/onarım tamamlandıktan sonra talep sahibine bilgi verilir.'], 'self_service_uygun_mu': False}","['ofis_lokasyon', 'sorun_tanimi', 'uygun_zaman_araligi']","Sorun tam olarak nedir ve hangi alanda (kapı, su tesisatı, asansör vb.) yaşanıyor?"
T-3262,"Fatma Kurt - bu yıl kaç gün izin kullandım, kalan hakkımı öğrenebilir miyim?",Bilgi Talebi (Information),İnsan Kaynakları,İzin Yönetimi,Yıllık İzin Talebi/Bakiye Sorgulama,Orta,"{'cozum_basligi': 'Yıllık izin talebi/bakiye sorgulama süreci', 'adimlar': ['Adım 1: İK portalından güncel izin bakiyesi kontrol edilir.', 'Adım 2: Talep edilen tarih aralığı yöneticinin onayına gönderilir.', 'Adım 3: Onay sonrası izin sistemde işlenir ve bordroya yansıtılır.'], 'self_service_uygun_mu': True}","['ad_soyad', 'kalan_izin_sorgusu']","Hangi tarihler arasında izin kullanmak istiyorsunuz, yoksa sadece bakiye mi öğrenmek istiyorsunuz?"
T-3263,"Yurtdışı seyahatim için avans almam gerekiyor, ne kadar süre alır onay?",Hizmet Talebi (Service Request),Finans,Masraf & Ödeme,Avans Talebi,Orta,"{'cozum_basligi': 'Avans talebi işleme süreci', 'adimlar': ['Adım 1: Avans talebi tutarı ve gerekçesi (seyahat/proje) kaydedilir.', 'Adım 2: Yönetici ve finans onayına gönderilir.', 'Adım 3: Onay sonrası avans, belirtilen banka hesabına aktarılır.'], 'self_service_uygun_mu': False}","['ad_soyad', 'tutar', 'gerekce', 'seyahat_tarihi']",Avans hangi seyahat/proje için ve ne kadar tutar için gerekiyor?
T-3264,"Röportaj için basın mensubu geliyor 6 Aralık, güvenlik onayı gerekiyor.",Hizmet Talebi (Service Request),İdari İşler,Güvenlik & Ulaşım,Ziyaretçi Giriş Talebi,Orta,"{'cozum_basligi': 'Ziyaretçi giriş kaydı oluşturma', 'adimlar': ['Adım 1: Ziyaretçi bilgileri (ad soyad, TC/kimlik, ziyaret amacı) alınır.', 'Adım 2: Güvenlik birimine ziyaret tarihi ve saati bildirilir.', 'Adım 3: Ziyaretçi giriş gününde resepsiyonda kayıt yapılıp kartı teslim edilir.'], 'self_service_uygun_mu': False}","['ziyaretci_ad_soyad', 'ziyaret_tarihi_saati', 'ziyaret_edilen_kisi']","Ziyaretçinin adı, ziyaret tarihi/saati ve kimi ziyaret edeceği bilgisini alabilir miyim?"
T-3265,"Dosya sunucusuna erişim kesildi, tüm departmanlar dosyalara ulaşamıyor. Teşekkür ederim şimdiden.",Arıza (Incident),Bilgi Teknolojileri,Sunucu/Sistem,Sunucu/Servis Kesintisi,Kritik,"{'cozum_basligi': 'Sunucu/servis kesintisi acil müdahale', 'adimlar': ['Adım 1: Sunucu/servis durumu izleme panelinden kontrol edilir, etkilenen servisler belirlenir.', 'Adım 2: Sunucu ekibi tarafından servis yeniden başlatılır veya yük devretme (failover) uygulanır.', 'Adım 3: Kök neden analizi için kritik öncelikli ticket açılır ve ilgili birimlere bilgi verilir.'], 'self_service_uygun_mu': False}","['sunucu_adi', 'hata_kodu', 'etki_alani']",Bu kesinti tüm şirketi mi yoksa belirli bir departmanı mı etkiliyor?
T-3266,Tedarikçi firmadan gelecek kişi için otopark yer ayrılabilir mi 7 Ocak?,Hizmet Talebi (Service Request),İdari İşler,Güvenlik & Ulaşım,Misafir Otopark İzni,Düşük,"{'cozum_basligi': 'Misafir otopark giriş izni tanımlama', 'adimlar': ['Adım 1: Misafirin plaka bilgisi ve ziyaret tarihi/saati alınır.', 'Adım 2: Güvenlik birimine otopark giriş izni tanımlanır.', 'Adım 3: Misafir giriş yaptığında güvenlik plaka üzerinden yönlendirme yapar.'], 'self_service_uygun_mu': False}","['misafir_ad_soyad', 'plaka_no', 'ziyaret_tarihi_saati']",Misafirinizin plaka bilgisi ve ziyaret saati nedir?
T-3267,Lütfen acil Bes kesinti oranimi artirmak istiyorum bordromdan,Bilgi Talebi (Information),İnsan Kaynakları,Bordro & Özlük,BES (Bireysel Emeklilik) Kesintisi Talebi,Düşük,"{'cozum_basligi': 'BES kesinti oranı/katılım işlemi düzenleme', 'adimlar': ['Adım 1: Çalışanın mevcut BES katılım durumu ve kesinti oranı sistemden kontrol edilir.', 'Adım 2: Talep edilen değişiklik (katılım, çıkış, oran güncelleme) BES şirketine iletilir.', 'Adım 3: Onay sonrası bordro kesinti kalemi güncellenir ve çalışana bilgi verilir.'], 'self_service_uygun_mu': False}","['ad_soyad', 'talep_turu', 'yeni_kesinti_orani']",BES'ten çıkmak mı istiyorsunuz yoksa kesinti oranınızı mı değiştirmek istiyorsunuz?
T-3268,"ERP sistemi tamamen çöktü, kimse sisteme giremiyor, çok acil!",Arıza (Incident),Bilgi Teknolojileri,Sunucu/Sistem,Sunucu/Servis Kesintisi,Yüksek,"{'cozum_basligi': 'Sunucu/servis kesintisi acil müdahale', 'adimlar': ['Adım 1: Sunucu/servis durumu izleme panelinden kontrol edilir, etkilenen servisler belirlenir.', 'Adım 2: Sunucu ekibi tarafından servis yeniden başlatılır veya yük devretme (failover) uygulanır.', 'Adım 3: Kök neden analizi için kritik öncelikli ticket açılır ve ilgili birimlere bilgi verilir.'], 'self_service_uygun_mu': False}","['sunucu_adi', 'hata_kodu', 'etki_alani']",Bu kesinti tüm şirketi mi yoksa belirli bir departmanı mı etkiliyor?
T-3269,"Toplantı Odası B'da clickshare ekrana bağlanmıyor, 10 dakikaya toplantımız var acil! Ne zaman çözülür acaba?",Arıza (Incident),İdari İşler,Ofis Ekipmanı,Toplantı Odası Ekipman Arızası (ClickShare/Projeksiyon),Yüksek,"{'cozum_basligi': 'Toplantı odası ekran/görüntü aktarım arızası giderme', 'adimlar': ['Adım 1: ClickShare/HDMI kablosu ve cihazın güç bağlantısı kontrol edilir.', 'Adım 2: Ekran/projeksiyon cihazı yeniden başlatılır, giriş kaynağı kontrol edilir.', 'Adım 3: Sorun devam ederse toplantı öncesi acil teknik destek için ticket açılır.'], 'self_service_uygun_mu': True}","['oda_adi', 'hata_tanimi']",ClickShare mi yoksa HDMI/projeksiyon bağlantısında mı sorun yaşıyorsunuz?
T-3270,"Pınar Aktaş - soyadım resmi olarak değişti, bordro ve mail imzamda da güncellenmesi lazım.",Hizmet Talebi (Service Request),İnsan Kaynakları,Bordro & Özlük,Soyadı Değişikliği,Orta,"{'cozum_basligi': 'Soyadı değişikliği kayıt güncelleme süreci', 'adimlar': ['Adım 1: Nüfus cüzdanı/kimlik belgesinin güncel hali çalışandan talep edilir.', 'Adım 2: İK sistemi, bordro sistemi ve e-posta imzası gibi tüm kayıtlarda soyadı güncellenir.', 'Adım 3: Güncelleme tamamlandığında çalışana ve ilgili birimlere (IT, muhasebe) bilgi verilir.'], 'self_service_uygun_mu': False}","['ad_soyad', 'eski_soyad', 'yeni_kimlik_belgesi']","Yeni kimlik belgenizi paylaşabilir misiniz, hangi sistemlerde güncelleme yapmamızı istersiniz?"
T-3271,"Lütfen acil Yeni ise baslayan arkadasimiz icin bir laptop ve monitor kurulumu gerekiyor, 3. kat. Gerçekten çok sıkıntı oluyor, bir an önce ilgilenirseniz sevinirim.",Hizmet Talebi (Service Request),Bilgi Teknolojileri,Donanım,Yeni Ekipman Kurulumu,Orta,"{'cozum_basligi': 'Yeni donanım ekipmanı kurulum süreci', 'adimlar': ['Adım 1: Talep, envanter ve bütçe onayı için yöneticiye/IT sorumlusuna iletilir.', 'Adım 2: Uygun ekipman depo stoğundan veya satın alma sürecinden temin edilir.', 'Adım 3: Kurulum IT saha ekibi tarafından belirlenen tarihte yerinde gerçekleştirilir.'], 'self_service_uygun_mu': False}","['ekipman_turu', 'kullanici_adi', 'ofis_lokasyon', 'talep_tarihi']","Hangi ekipmana ihtiyacınız var ve kimin için, hangi lokasyona kurulacak?"
T-3272,"Burak Kılıç - taksi fişim rüzgarla uçtu, kayıp beyan formunu doldurmam yeterli mi?",Hizmet Talebi (Service Request),Finans,Masraf & Ödeme,Harcama Fişi Kayıp Beyanı,Orta,"{'cozum_basligi': 'Kayıp harcama fişi beyan ve alternatif belge süreci', 'adimlar': ['Adım 1: Kayıp fiş beyan formu doldurulur, harcama tutarı ve tarihi beyan edilir.', 'Adım 2: Mümkünse kredi kartı ekstresi/dekont gibi alternatif kanıt belgesi talep edilir.', 'Adım 3: Finans ekibi beyanı değerlendirip onaylarsa masraf formu istisnai olarak işleme alınır.'], 'self_service_uygun_mu': False}","['ad_soyad', 'harcama_tutari', 'harcama_tarihi', 'kayip_beyani_gerekcesi']",Fişi kaybettiğinize göre elinizde kredi kartı ekstresi gibi tutarı doğrulayacak başka bir belge var mı?
T-3273,Raporlama ekrai 'veritabanina baglanilamiyor' hatasi veriyor.,Arıza (Incident),Bilgi Teknolojileri,Sunucu/Sistem,Veritabanı Erişim Hatası,Kritik,"{'cozum_basligi': 'Veritabanı erişim hatası çözümü', 'adimlar': ['Adım 1: Kullanıcının veritabanı bağlantı ayarları ve yetkileri kontrol edilir.', 'Adım 2: Veritabanı servisinin çalışır durumda olup olmadığı sistem ekibince doğrulanır.', 'Adım 3: Yetki/bağlantı sorunu devam ediyorsa veritabanı yöneticisine (DBA) ticket yönlendirilir.'], 'self_service_uygun_mu': False}","['veritabani_adi', 'hata_mesaji', 'kullanici_adi']",Bu hata sadece sizde mi oluşuyor yoksa tüm ekipte mi?
T-3274,"Çok acil, Tüm kat internetsiz kaldı, 2. kat toplantı koridoru, çok acil!",Arıza (Incident),Bilgi Teknolojileri,Ağ/Network,İnternet Bağlantı Sorunu,Orta,"{'cozum_basligi': 'İnternet bağlantı arızası ilk müdahale', 'adimlar': ['Adım 1: Modem/router yeniden başlatılır, kablo bağlantıları kontrol edilir.', 'Adım 2: Farklı bir cihaz veya prizden bağlantı test edilir.', 'Adım 3: Sorun devam ederse altyapı ekibine ticket açılır ve etkilenen kişi sayısı raporlanır.'], 'self_service_uygun_mu': True}","['ofis_lokasyon', 'etkilenen_kisi_sayisi', 'baslangic_zamani']",Kaç kişiyi etkiliyor bu sorun ve hangi lokasyondasınız?
T-3275,"Selin Kaya - planlarim degisti, 11 Mayis tarihindeki iznimi bir hafta snoraya alabilir miyiz?",Hizmet Talebi (Service Request),İnsan Kaynakları,İzin Yönetimi,İzin İptal/Değişiklik,Düşük,"{'cozum_basligi': 'İzin iptal/değişiklik işlemi', 'adimlar': ['Adım 1: Mevcut izin kaydı sistemde bulunur ve doğrulanır.', 'Adım 2: İptal/değişiklik talebi yöneticinin onayına yeniden gönderilir.', 'Adım 3: Onay sonrası izin bakiyesi ve takvim güncellenir.'], 'self_service_uygun_mu': True}","['ad_soyad', 'mevcut_izin_tarihi', 'yeni_talep']",İzninizi tamamen iptal mi etmek istiyorsunuz yoksa tarihini mi değiştirmek istiyorsunuz?
T-3276,"Esim dogum yapacak yakind, babalik iznimi ayarlamak istiyorum.",Hizmet Talebi (Service Request),İnsan Kaynakları,İzin Yönetimi,Babalık İzni Talebi,Orta,"{'cozum_basligi': 'Babalık izni tanımlama süreci', 'adimlar': ['Adım 1: Doğum tarihi ve doğum belgesi/raporu talep edilir.', 'Adım 2: Yasal 5 günlük babalık izni sisteme tanımlanır.', 'Adım 3: İzin yöneticiye bilgi amaçlı bildirilir ve takvime işlenir.'], 'self_service_uygun_mu': False}","['ad_soyad', 'dogum_tarihi', 'izin_baslangic_tarihi']","Bebeğinizin doğum tarihi nedir, izninizi doğumdan itibaren mi başlatmak istersiniz?"
T-3277,Misafirim gelecek ogleen sonra giris kaydi acilmasi lazim,Hizmet Talebi (Service Request),İdari İşler,Güvenlik & Ulaşım,Ziyaretçi Giriş Talebi,Düşük,"{'cozum_basligi': 'Ziyaretçi giriş kaydı oluşturma', 'adimlar': ['Adım 1: Ziyaretçi bilgileri (ad soyad, TC/kimlik, ziyaret amacı) alınır.', 'Adım 2: Güvenlik birimine ziyaret tarihi ve saati bildirilir.', 'Adım 3: Ziyaretçi giriş gününde resepsiyonda kayıt yapılıp kartı teslim edilir.'], 'self_service_uygun_mu': False}","['ziyaretci_ad_soyad', 'ziyaret_tarihi_saati', 'ziyaret_edilen_kisi']","Ziyaretçinin adı, ziyaret tarihi/saati ve kimi ziyaret edeceği bilgisini alabilir miyim?"
T-3278,"Lütfen acil PowerPoint lisansım bitmiş, yenilenmesi gerekiyor. İşlerim çok aksıyor, acil çözüm bekliyorum.",Hizmet Talebi (Service Request),Bilgi Teknolojileri,Yazılım,Yazılım Lisans/Kurulum Talebi,Düşük,"{'cozum_basligi': 'Yazılım lisans/kurulum süreci', 'adimlar': ['Adım 1: Talep, lisans uygunluğu ve yönetici onayı için değerlendirilir.', 'Adım 2: Lisans anahtarı temin edilir veya mevcut lisans havuzundan atama yapılır.', 'Adım 3: Kurulum IT ekibi tarafından uzaktan veya yerinde gerçekleştirilir.'], 'self_service_uygun_mu': False}","['yazilim_adi', 'kullanici_adi', 'onay_bilgisi']",Hangi yazılımın lisansına/kurulumuna ihtiyacınız var ve bu talep yöneticiniz tarafından onaylandı mı?
T-3279,"Çok acil, Yeni stajyerimiz için email ve sistem hesabı oluşturulmasını rica ederim. Teşekkür ederim şimdiden.",Hizmet Talebi (Service Request),Bilgi Teknolojileri,Güvenlik ve Erişim,Yeni Kullanıcı Hesabı,Orta,"{'cozum_basligi': 'Yeni kullanıcı hesabı açma süreci', 'adimlar': [""Adım 1: İK'dan işe giriş onayı ve pozisyon bilgisi teyit edilir."", 'Adım 2: Aktif Dizin üzerinde hesap oluşturulur ve gerekli grup üyelikleri tanımlanır.', 'Adım 3: E-posta ve sistem erişim bilgileri ilk giriş kılavuzuyla birlikte iletilir.'], 'self_service_uygun_mu': False}","['ad_soyad', 'departman', 'ise_baslama_tarihi', 'pozisyon']",Bu hesap hangi pozisyon için açılacak ve yöneticisi kim olacak?
T-3280,"Hesabım 3 kerre yanlış deneme sonrası kilitlendi, açılması lazım acil.",Arıza (Incident),Bilgi Teknolojileri,Güvenlik ve Erişim,Şifre Sıfırlama,Yüksek,"{'cozum_basligi': 'Şifre sıfırlama işlemi', 'adimlar': ['Adım 1: Kimlik doğrulama (çalışan sicil no / kayıtlı e-posta) yapılır.', 'Adım 2: Self servis şifre sıfırlama portalı üzerinden geçici şifre oluşturulur.', 'Adım 3: Portal üzerinden çözülemiyorsa IT güvenlik ekibi manuel sıfırlama için ticket açar.'], 'self_service_uygun_mu': True}","['kullanici_adi', 'kayitli_email']","Hangi sistemin şifresini sıfırlamamız gerekiyor: e-posta, bilgisayar girişi yoksa başka bir uygulama mı?"
T-3281,İkinci monitorum titresim yapiyor ve renkler bozuk cikiyor. Bir de Bir de mouse'um da bazen donuyor,Arıza (Incident),Bilgi Teknolojileri,Donanım,Monitör/Çevre Birimi Arızası,Düşük,"{'cozum_basligi': 'Monitör/çevre birimi arıza tespiti', 'adimlar': ['Adım 1: Kablo bağlantıları (HDMI/VGA/güç) ve monitör güç düğmesi kontrol edilir.', 'Adım 2: Farklı bir kablo veya port ile test yapılır.', 'Adım 3: Arıza devam ediyorsa cihaz değişimi için IT saha ekibine ticket açılır.'], 'self_service_uygun_mu': True}","['cihaz_turu', 'kullanici_adi', 'ofis_lokasyon']","Sorun hangi çevre biriminde: monitör, klavye, mouse yoksa yazıcı mı?"
T-3282,Lütfen acil Koltugum yukseklik ayari bozuldu surekli asagi iniyor Ne zaman çözülür acaba?,Arıza (Incident),İdari İşler,Bina/Tesis Bakım,Ofis Mobilya Arızası (Ergonomik Masa/Koltuk),Orta,"{'cozum_basligi': 'Ergonomik mobilya arıza/bakım süreci', 'adimlar': ['Adım 1: Arızanın türü (mekanizma, yükseklik ayarı, tekerlek vb.) tespit edilir.', 'Adım 2: Bina bakım ekibi basit onarımı yerinde dener.', 'Adım 3: Onarılamıyorsa parça değişimi veya mobilya değişimi için satınalma sürecine yönlendirilir.'], 'self_service_uygun_mu': False}","['mobilya_turu', 'ofis_lokasyon', 'ariza_tanimi']","Koltuğunuzda mı yoksa masanızda mı sorun var, tam olarak ne arızalandı?"
T-3283,"Tuavletteki aydinlatma tamamen sondu, acil bakilmasi lazim.",Arıza (Incident),İdari İşler,Bina/Tesis Bakım,Elektrik/Aydınlatma Arızası,Düşük,"{'cozum_basligi': 'Elektrik/aydınlatma arıza giderme', 'adimlar': ['Adım 1: Sigorta atmış mı, ampul/armatür arızalı mı kontrol edilir.', 'Adım 2: Bina teknik ekibi lokasyona yönlendirilir.', 'Adım 3: Kalıcı çözüm için gerekiyorsa dış elektrik servisi çağrılır.'], 'self_service_uygun_mu': False}","['ofis_lokasyon', 'ariza_tanimi', 'aciliyet_durumu']",Sorun tüm katta mı yoksa belirli bir bölgede/masada mı yaşanıyor?
T-3284,"Yoneticim onayladi, Outlook lisansimin aktiflestirilmesini rica ederim.",Hizmet Talebi (Service Request),Bilgi Teknolojileri,Yazılım,Yazılım Lisans/Kurulum Talebi,Orta,"{'cozum_basligi': 'Yazılım lisans/kurulum süreci', 'adimlar': ['Adım 1: Talep, lisans uygunluğu ve yönetici onayı için değerlendirilir.', 'Adım 2: Lisans anahtarı temin edilir veya mevcut lisans havuzundan atama yapılır.', 'Adım 3: Kurulum IT ekibi tarafından uzaktan veya yerinde gerçekleştirilir.'], 'self_service_uygun_mu': False}","['yazilim_adi', 'departman', 'lisans_suresi']",Hangi yazılımın lisansına/kurulumuna ihtiyacınız var ve bu talep yöneticiniz tarafından onaylandı mı?
T-3285,"SAP şifremi unuttum, sıfırlama linki de gelmiyor mailime.",Hizmet Talebi (Service Request),Bilgi Teknolojileri,Güvenlik ve Erişim,Şifre Sıfırlama,Yüksek,"{'cozum_basligi': 'Şifre sıfırlama işlemi', 'adimlar': ['Adım 1: Kimlik doğrulama (çalışan sicil no / kayıtlı e-posta) yapılır.', 'Adım 2: Self servis şifre sıfırlama portalı üzerinden geçici şifre oluşturulur.', 'Adım 3: Portal üzerinden çözülemiyorsa IT güvenlik ekibi manuel sıfırlama için ticket açar.'], 'self_service_uygun_mu': True}","['kullanici_adi', 'sicil_no', 'sistem_adi']",Şifrenizi mi unuttunuz yoksa hesabınız mı kilitlendi?
T-3286,"27 Ekim tarihinden beri VPN bağlantım hiç kurulmuyor, evden çalışamıyorum.",Hizmet Talebi (Service Request),Bilgi Teknolojileri,Ağ/Network,VPN Erişim Sorunu,Yüksek,"{'cozum_basligi': 'VPN bağlantı sorunu çözümü', 'adimlar': ['Adım 1: VPN istemcisi güncel mi kontrol edilir, kullanıcı adı/şifre doğrulanır.', 'Adım 2: İnternet bağlantısı ve güvenlik duvarı ayarları kontrol edilir, istemci yeniden başlatılır.', 'Adım 3: Erişim devam etmiyorsa VPN sertifikası/erişim yetkisi için ticket açılır.'], 'self_service_uygun_mu': True}","['kullanici_adi', 'baglanti_lokasyonu', 'vpn_istemci_versiyonu']",Evden mi yoksa başka bir lokasyondan mı bağlanmaya çalışıyorsunuz?
T-3287,Lütfen acil Bordro pdf sistemde görünmüyor bu ay indiremiyorum Ne zaman çözülür acaba?,Bilgi Talebi (Information),İnsan Kaynakları,Bordro & Özlük,Bordro/Maaş Bilgisi Talebi,Düşük,"{'cozum_basligi': 'Bordro/maaş bilgisi inceleme süreci', 'adimlar': ['Adım 1: Çalışanın ilgili ay bordrosu bordro sisteminden çekilip incelenir.', 'Adım 2: Kesinti/ek ödeme kalemleri tek tek karşılaştırılır ve hata olup olmadığı tespit edilir.', 'Adım 3: Hata tespit edilirse düzeltme için bordro/muhasebe ekibine ticket açılır.'], 'self_service_uygun_mu': False}","['ad_soyad', 'donem', 'itiraz_konusu']",Hangi ayın bordrosuyla ilgili ve tam olarak hangi kalemde hata olduğunu düşünüyorsunuz?
T-3288,"Geçen ay bordromda bir hata var sanırım, Nazlı.",Bilgi Talebi (Information),İnsan Kaynakları,Bordro & Özlük,Bordro/Maaş Bilgisi Talebi,Orta,"{'cozum_basligi': 'Bordro/maaş bilgisi inceleme süreci', 'adimlar': ['Adım 1: Çalışanın ilgili ay bordrosu bordro sisteminden çekilip incelenir.', 'Adım 2: Kesinti/ek ödeme kalemleri tek tek karşılaştırılır ve hata olup olmadığı tespit edilir.', 'Adım 3: Hata tespit edilirse düzeltme için bordro/muhasebe ekibine ticket açılır.'], 'self_service_uygun_mu': False}","['ad_soyad', 'donem', 'itiraz_konusu']",Maaşınızda eksik ödeme mi var yoksa fazla kesinti mi görüyorsunuz?
T-3289,Rica etsem acil Avans talebim onaylandi ama param hesabima gecmedi hala Teşekkür ederim şimdiden.,Hizmet Talebi (Service Request),Finans,Masraf & Ödeme,Avans Talebi,Orta,"{'cozum_basligi': 'Avans talebi işleme süreci', 'adimlar': ['Adım 1: Avans talebi tutarı ve gerekçesi (seyahat/proje) kaydedilir.', 'Adım 2: Yönetici ve finans onayına gönderilir.', 'Adım 3: Onay sonrası avans, belirtilen banka hesabına aktarılır.'], 'self_service_uygun_mu': False}","['ad_soyad', 'tutar', 'gerekce', 'seyahat_tarihi']",Avans hangi seyahat/proje için ve ne kadar tutar için gerekiyor?
T-3290,"İrem Arslan - GBP faturasını girmeye çalışıyorum ama sistem sadece TL kabul ediyor, yardımcı olur musunuz?",Arıza (Incident),Finans,Masraf & Ödeme,Çoklu Para Birimli Fatura Girişi,Orta,"{'cozum_basligi': 'Çoklu para birimli fatura giriş desteği', 'adimlar': ['Adım 1: Faturanın orijinal para birimi ve tutarı doğrulanır.', 'Adım 2: ERP sisteminde ilgili para birimi tanımlı değilse muhasebe sistem ekibi tanımlama yapar.', 'Adım 3: Fatura, güncel kur ile TL karşılığı hesaplanarak sisteme işlenir.'], 'self_service_uygun_mu': False}","['fatura_no', 'tedarikci_adi', 'para_birimi', 'tutar']",Faturanın para birimi nedir (USD/EUR/GBP) ve sistemde bu para birimiyle giriş yapabiliyor musunuz?
T-3291,"Seyahat sırasında fişimi kaybettim, harcamaım nasıl beyan edebilirim?",Hizmet Talebi (Service Request),Finans,Masraf & Ödeme,Harcama Fişi Kayıp Beyanı,Orta,"{'cozum_basligi': 'Kayıp harcama fişi beyan ve alternatif belge süreci', 'adimlar': ['Adım 1: Kayıp fiş beyan formu doldurulur, harcama tutarı ve tarihi beyan edilir.', 'Adım 2: Mümkünse kredi kartı ekstresi/dekont gibi alternatif kanıt belgesi talep edilir.', 'Adım 3: Finans ekibi beyanı değerlendirip onaylarsa masraf formu istisnai olarak işleme alınır.'], 'self_service_uygun_mu': False}","['ad_soyad', 'harcama_tutari', 'harcama_tarihi', 'kayip_beyani_gerekcesi']",Fişi kaybettiğinize göre elinizde kredi kartı ekstresi gibi tutarı doğrulayacak başka bir belge var mı?
T-3292,Ayşe Aslan - yurtdışı proje nedeniyle kart limitimin geçici olarak artırılmasını rica ederim.,Hizmet Talebi (Service Request),Finans,Masraf & Ödeme,Kurumsal Kredi Kartı Limit Artırımı,Orta,"{'cozum_basligi': 'Kurumsal kredi kartı limit artırım süreci', 'adimlar': ['Adım 1: Mevcut limit, kullanım geçmişi ve talep gerekçesi kaydedilir.', 'Adım 2: Yönetici ve finans müdürü onayına gönderilir.', 'Adım 3: Onay sonrası banka ile limit artırım talebi iletilir ve süreç takip edilir.'], 'self_service_uygun_mu': False}","['ad_soyad', 'mevcut_limit', 'talep_edilen_limit', 'gerekce']","Mevcut kart limitiniz nedir ve ne kadar artış talep ediyorsunuz, gerekçeniz nedir?"
T-3293,Rica etsem acil Sut iznimi oglden once kullanmak istiyorum mumkun mu Teşekkür ederim şimdiden.,Hizmet Talebi (Service Request),İnsan Kaynakları,İzin Yönetimi,Süt İzni Talebi,Orta,"{'cozum_basligi': 'Süt izni düzenleme süreci', 'adimlar': ['Adım 1: Doğum tarihi teyit edilerek yasal süt izni hakkı (ilk 6 ay günde 1,5 saat) hesaplanır.', 'Adım 2: Çalışma saatlerine nasıl entegre edileceği (sabah/akşam/tek seferde) belirlenir.', 'Adım 3: Yönetici bilgilendirilir ve süt izni takvime/çalışma planına işlenir.'], 'self_service_uygun_mu': False}","['ad_soyad', 'dogum_tarihi', 'tercih_edilen_saat']","Süt izninizi günün hangi saatinde kullanmak istersiniz, sabah mı akşam mı?"
T-3294,Hastaneden rapor alidm yukleyecegim yer neresi bilmiyorum,Hizmet Talebi (Service Request),İnsan Kaynakları,İzin Yönetimi,Sağlık Raporu/İstirahat Bildirimi,Orta,"{'cozum_basligi': 'Sağlık raporu/istirahat bildirimi işleme süreci', 'adimlar': [""Adım 1: Rapor e-Nabız/hastane sisteminden veya elden İK'ya iletilir."", 'Adım 2: Rapor süresi SGK sistemine ve bordroya işlenir.', 'Adım 3: Yöneticiye çalışanın izinli/raporlu olduğu bilgisi iletilir.'], 'self_service_uygun_mu': True}","['ad_soyad', 'rapor_baslangic_bitis_tarihi', 'rapor_belgesi']",Raporunuz kaç gün ve e-Nabız üzerinden mi yoksa elden mi ileteceksiniz?
T-3295,"26 Ağustos'de gönderilen kargom hala gelmedi, takip numarasını paylaşabilirim.",Bilgi Talebi (Information),İdari İşler,Satınalma/Malzeme,Kargo/Kurye Teslimat Takibi,Orta,"{'cozum_basligi': 'Kargo/kurye teslimat takibi', 'adimlar': ['Adım 1: Kargo takip numarası ve gönderici bilgisi ile kargo firması sistemi kontrol edilir.', 'Adım 2: Resepsiyon/depo teslim kaydı kontrol edilerek paketin durumu netleştirilir.', 'Adım 3: Paket bulunamıyorsa kargo firmasına resmi kayıp/gecikme bildirimi açılır.'], 'self_service_uygun_mu': True}","['gonderici_bilgisi', 'teslimat_lokasyonu']",Kargonuzun takip numarası var mı ve hangi firmadan gönderildi?
T-3296,"Asansor cok yavas calisiyor, bazen katta durup acilmiyor.",Arıza (Incident),İdari İşler,Bina/Tesis Bakım,Bina İçi Teknik Bakım Talebi,Yüksek,"{'cozum_basligi': 'Genel bina içi teknik bakım süreci', 'adimlar': ['Adım 1: Talep bina teknik bakım ekibine iletilir ve önceliklendirilir.', 'Adım 2: Uygun teknisyen belirlenen lokasyona yönlendirilir.', 'Adım 3: Bakım/onarım tamamlandıktan sonra talep sahibine bilgi verilir.'], 'self_service_uygun_mu': False}","['ofis_lokasyon', 'sorun_tanimi', 'uygun_zaman_araligi']","Sorun tam olarak nedir ve hangi alanda (kapı, su tesisatı, asansör vb.) yaşanıyor?"
T-3297,"Serkan bilgisayarım açılmıyor, İzmir şube ofisindeyim.",Arıza (Incident),Bilgi Teknolojileri,Donanım,Bilgisayar Arıza/Onarım,Orta,"{'cozum_basligi': 'Bilgisayar donanım arızası ilk müdahale', 'adimlar': ['Adım 1: Cihaz kapatılıp yeniden başlatılır, güç kablosu ve bağlantılar kontrol edilir.', 'Adım 2: Uzaktan tanı aracıyla donanım sağlık testi çalıştırılır.', 'Adım 3: Sorun devam ederse yerinde teknik destek için ticket açılır ve teknisyen yönlendirilir.'], 'self_service_uygun_mu': True}","['cihaz_seri_no', 'kullanici_adi', 'ofis_lokasyon', 'ariza_baslangic_zamani']","Cihazınız hiç açılmıyor mu yoksa açılıp kapanıyor mu, ayrıca cihazın seri numarasını paylaşabilir misiniz?"
T-3298,Misafir otopark izni lazim ogleden snra gelecekler,Hizmet Talebi (Service Request),İdari İşler,Güvenlik & Ulaşım,Misafir Otopark İzni,Düşük,"{'cozum_basligi': 'Misafir otopark giriş izni tanımlama', 'adimlar': ['Adım 1: Misafirin plaka bilgisi ve ziyaret tarihi/saati alınır.', 'Adım 2: Güvenlik birimine otopark giriş izni tanımlanır.', 'Adım 3: Misafir giriş yaptığında güvenlik plaka üzerinden yönlendirme yapar.'], 'self_service_uygun_mu': False}","['misafir_ad_soyad', 'plaka_no', 'ziyaret_tarihi_saati']",Misafirinizin plaka bilgisi ve ziyaret saati nedir?
T-3299,"Çok acil, Hesabım 3 kere yanlış deneme sonrası kilitlendi, açılması lazım acil. Gerçekten çok sıkıntı oluyor, bir an önce ilgilenirseniz sevinirim.",Hizmet Talebi (Service Request),Bilgi Teknolojileri,Güvenlik ve Erişim,Şifre Sıfırlama,Yüksek,"{'cozum_basligi': 'Şifre sıfırlama işlemi', 'adimlar': ['Adım 1: Kimlik doğrulama (çalışan sicil no / kayıtlı e-posta) yapılır.', 'Adım 2: Self servis şifre sıfırlama portalı üzerinden geçici şifre oluşturulur.', 'Adım 3: Portal üzerinden çözülemiyorsa IT güvenlik ekibi manuel sıfırlama için ticket açar.'], 'self_service_uygun_mu': True}","['kullanici_adi', 'sicil_no', 'sistem_adi']",Şifrenizi mi unuttunuz yoksa hesabınız mı kilitlendi?
T-3300,EUR cinsinden keilen faturada sistem otomatik TL'ye ceviriyor ama kur yanlis gorunuyor.,Hizmet Talebi (Service Request),Finans,Masraf & Ödeme,Çoklu Para Birimli Fatura Girişi,Orta,"{'cozum_basligi': 'Çoklu para birimli fatura giriş desteği', 'adimlar': ['Adım 1: Faturanın orijinal para birimi ve tutarı doğrulanır.', 'Adım 2: ERP sisteminde ilgili para birimi tanımlı değilse muhasebe sistem ekibi tanımlama yapar.', 'Adım 3: Fatura, güncel kur ile TL karşılığı hesaplanarak sisteme işlenir.'], 'self_service_uygun_mu': False}","['fatura_no', 'tedarikci_adi', 'para_birimi', 'tutar']",Faturanın para birimi nedir (USD/EUR/GBP) ve sistemde bu para birimiyle giriş yapabiliyor musunuz?
T-3301,"Levent plaza 12. kat'daki elektrik panosundan ses geliyor, biraz endişe verici.",Arıza (Incident),İdari İşler,Bina/Tesis Bakım,Elektrik/Aydınlatma Arızası,Yüksek,"{'cozum_basligi': 'Elektrik/aydınlatma arıza giderme', 'adimlar': ['Adım 1: Sigorta atmış mı, ampul/armatür arızalı mı kontrol edilir.', 'Adım 2: Bina teknik ekibi lokasyona yönlendirilir.', 'Adım 3: Kalıcı çözüm için gerekiyorsa dış elektrik servisi çağrılır.'], 'self_service_uygun_mu': False}","['ofis_lokasyon', 'ariza_tanimi', 'aciliyet_durumu']",Sorun tüm katta mı yoksa belirli bir bölgede/masada mı yaşanıyor?
T-3302,"Berk Yazılım Ltd. IBAN'ını değiştirmiş, mutabakat yapmadan ödeme geçmeyelim.",Bilgi Talebi (Information),Finans,Masraf & Ödeme,Tedarikçi IBAN/Vade Mutabakatı,Yüksek,"{'cozum_basligi': 'Tedarikçi IBAN/vade mutabakat süreci', 'adimlar': ['Adım 1: Tedarikçinin sistemde kayıtlı IBAN ve vade koşulları kontrol edilir.', 'Adım 2: Tedarikçiden güncel IBAN/vade bilgisini teyit eden resmi yazı istenir.', 'Adım 3: Bilgiler güncellendikten sonra mutabakat formu karşılıklı imzalanarak kapatılır.'], 'self_service_uygun_mu': False}","['tedarikci_adi', 'mevcut_iban', 'yeni_iban_bilgisi']",Tedarikçinin IBAN bilgisi mi değişti yoksa vade koşullarında bir anlaşmazlık mı var?
T-3303,"Acilen Yazıcıdan çıktılar çok soluk çıkıyor, okunmuyor neredeyse. Teşekkür ederim şimdiden.",Arıza (Incident),İdari İşler,Ofis Ekipmanı,Yazıcı/Fotokopi Arıza Bildirimi,Yüksek,"{'cozum_basligi': 'Yazıcı/fotokopi arıza giderme', 'adimlar': ['Adım 1: Kağıt sıkışması, kapak açık kalması gibi görünür arızalar kontrol edilir.', 'Adım 2: Cihaz yeniden başlatılır ve sürücü/bağlantı ayarları kontrol edilir.', 'Adım 3: Sorun devam ederse teknik servis çağrısı için ticket açılır.'], 'self_service_uygun_mu': True}","['yazici_lokasyon', 'yazici_marka_model', 'ariza_tanimi']","Yazıcı hiç çalışmıyor mu, kağıt mı sıkıştı yoksa çıktı kalitesi mi kötü?"
T-3304,Aylin Koç - fatura EUR olarak kesildi ama TL'ye çevrilirken güncel kur kullanılmamış sanırım.,Arıza (Incident),Finans,Masraf & Ödeme,Döviz Kuru Farkı/Uyumsuzluğu,Orta,"{'cozum_basligi': 'Döviz kuru farkı/uyumsuzluğu inceleme süreci', 'adimlar': ['Adım 1: Harcama tarihindeki resmi TCMB kuru ile sistemde kullanılan kur karşılaştırılır.', 'Adım 2: Fark tespit edilirse hangi kur kaynağının kullanıldığı muhasebe ile teyit edilir.', 'Adım 3: Hatalı hesaplama varsa düzeltme kaydı oluşturulur ve fark tazmin edilir.'], 'self_service_uygun_mu': False}","['ad_soyad', 'harcama_tarihi', 'doviz_tutar', 'kullanilan_kur']","Harcamanızın tarihini ve hangi döviz cinsinden olduğunu paylaşabilir misiniz, hangi kur baz alınmış görüyorsunuz?"
T-3305,Bilgisayarım açilmiyor acil yardım lazim 5. kat açık ofis,Arıza (Incident),Bilgi Teknolojileri,Donanım,Bilgisayar Arıza/Onarım,Orta,"{'cozum_basligi': 'Bilgisayar donanım arızası ilk müdahale', 'adimlar': ['Adım 1: Cihaz kapatılıp yeniden başlatılır, güç kablosu ve bağlantılar kontrol edilir.', 'Adım 2: Uzaktan tanı aracıyla donanım sağlık testi çalıştırılır.', 'Adım 3: Sorun devam ederse yerinde teknik destek için ticket açılır ve teknisyen yönlendirilir.'], 'self_service_uygun_mu': True}","['cihaz_seri_no', 'kullanici_adi', 'ofis_lokasyon', 'ariza_baslangic_zamani']","Cihazınız hiç açılmıyor mu yoksa açılıp kapanıyor mu, ayrıca cihazın seri numarasını paylaşabilir misiniz?"
T-3306,"Rica etsem acil Çatıdan su sızıntısı var B blok 4. kat tavanında, leke büyüyor giderek.",Hizmet Talebi (Service Request),İdari İşler,Bina/Tesis Bakım,Bina İçi Teknik Bakım Talebi,Düşük,"{'cozum_basligi': 'Genel bina içi teknik bakım süreci', 'adimlar': ['Adım 1: Talep bina teknik bakım ekibine iletilir ve önceliklendirilir.', 'Adım 2: Uygun teknisyen belirlenen lokasyona yönlendirilir.', 'Adım 3: Bakım/onarım tamamlandıktan sonra talep sahibine bilgi verilir.'], 'self_service_uygun_mu': False}","['ofis_lokasyon', 'sorun_tanimi', 'uygun_zaman_araligi']","Sorun tam olarak nedir ve hangi alanda (kapı, su tesisatı, asansör vb.) yaşanıyor?"
T-3307,"Kart limiti artirimi istiyorum proje harcamalari icin yetersiz kaliyor Gerçekten çok sıkıntı oluyor, bir an önce ilgilenirseniz sevinirim.",Hizmet Talebi (Service Request),Finans,Masraf & Ödeme,Kurumsal Kredi Kartı Limit Artırımı,Düşük,"{'cozum_basligi': 'Kurumsal kredi kartı limit artırım süreci', 'adimlar': ['Adım 1: Mevcut limit, kullanım geçmişi ve talep gerekçesi kaydedilir.', 'Adım 2: Yönetici ve finans müdürü onayına gönderilir.', 'Adım 3: Onay sonrası banka ile limit artırım talebi iletilir ve süreç takip edilir.'], 'self_service_uygun_mu': False}","['ad_soyad', 'mevcut_limit', 'talep_edilen_limit', 'gerekce']","Mevcut kart limitiniz nedir ve ne kadar artış talep ediyorsunuz, gerekçeniz nedir?"
T-3308,"Biilgisayar açılırken mavi ekran hatası veriyor, tekrar tekrar deniyorum olmuyor. Teşekkür ederim şimdiden.",Hizmet Talebi (Service Request),Bilgi Teknolojileri,Donanım,Bilgisayar Arıza/Onarım,Orta,"{'cozum_basligi': 'Bilgisayar donanım arızası ilk müdahale', 'adimlar': ['Adım 1: Cihaz kapatılıp yeniden başlatılır, güç kablosu ve bağlantılar kontrol edilir.', 'Adım 2: Uzaktan tanı aracıyla donanım sağlık testi çalıştırılır.', 'Adım 3: Sorun devam ederse yerinde teknik destek için ticket açılır ve teknisyen yönlendirilir.'], 'self_service_uygun_mu': True}","['cihaz_seri_no', 'ofis_lokasyon', 'ariza_tanimi']",Sorun ne zaman başladı ve hangi lokasyondaki cihazdan bahsediyoruz?
T-3309,Tedarikçi firmadan gelecek kişi için otopark yer ayrılabilir mi 10 Ocak?,Hizmet Talebi (Service Request),İdari İşler,Güvenlik & Ulaşım,Misafir Otopark İzni,Orta,"{'cozum_basligi': 'Misafir otopark giriş izni tanımlama', 'adimlar': ['Adım 1: Misafirin plaka bilgisi ve ziyaret tarihi/saati alınır.', 'Adım 2: Güvenlik birimine otopark giriş izni tanımlanır.', 'Adım 3: Misafir giriş yaptığında güvenlik plaka üzerinden yönlendirme yapar.'], 'self_service_uygun_mu': False}","['misafir_ad_soyad', 'plaka_no', 'ziyaret_tarihi_saati']",Misafirinizin plaka bilgisi ve ziyaret saati nedir?
T-3310,"Seyahat masrafım 1,458.91 USD olarak girildi ama kur yanlış hesaplanmış görünüyor.",Bilgi Talebi (Information),Finans,Masraf & Ödeme,Döviz Kuru Farkı/Uyumsuzluğu,Orta,"{'cozum_basligi': 'Döviz kuru farkı/uyumsuzluğu inceleme süreci', 'adimlar': ['Adım 1: Harcama tarihindeki resmi TCMB kuru ile sistemde kullanılan kur karşılaştırılır.', 'Adım 2: Fark tespit edilirse hangi kur kaynağının kullanıldığı muhasebe ile teyit edilir.', 'Adım 3: Hatalı hesaplama varsa düzeltme kaydı oluşturulur ve fark tazmin edilir.'], 'self_service_uygun_mu': False}","['ad_soyad', 'harcama_tarihi', 'doviz_tutar', 'kullanilan_kur']","Harcamanızın tarihini ve hangi döviz cinsinden olduğunu paylaşabilir misiniz, hangi kur baz alınmış görüyorsunuz?"
T-3311,Avans talebim onaylandi ama param hesabima gecmedi hala,Hizmet Talebi (Service Request),Finans,Masraf & Ödeme,Avans Talebi,Yüksek,"{'cozum_basligi': 'Avans talebi işleme süreci', 'adimlar': ['Adım 1: Avans talebi tutarı ve gerekçesi (seyahat/proje) kaydedilir.', 'Adım 2: Yönetici ve finans onayına gönderilir.', 'Adım 3: Onay sonrası avans, belirtilen banka hesabına aktarılır.'], 'self_service_uygun_mu': False}","['ad_soyad', 'tutar', 'gerekce', 'seyahat_tarihi']",Avans hangi seyahat/proje için ve ne kadar tutar için gerekiyor?
T-3312,"Çok acil, Logo Tiger programı çok yavaş açılıyor, bazen hiç yanıt vermiyor. Gerçekten çok sıkıntı oluyor, bir an önce ilgilenirseniz sevinirim.",Arıza (Incident),Bilgi Teknolojileri,Yazılım,Uygulama Hatası (Outlook/Teams/Excel vb.),Düşük,"{'cozum_basligi': 'Uygulama hatası giderme', 'adimlar': ['Adım 1: Uygulama tamamen kapatılıp yeniden açılır, gerekirse bilgisayar yeniden başlatılır.', 'Adım 2: Uygulama güncellemesi kontrol edilir ve önbellek/geçici dosyalar temizlenir.', 'Adım 3: Hata devam ederse ekran görüntüsüyle birlikte yazılım destek ekibine ticket açılır.'], 'self_service_uygun_mu': True}","['uygulama_adi', 'isletim_sistemi', 'hata_ekran_goruntusu']",Uygulama hiç açılmıyor mu yoksa belirli bir işlem sırasında mı hata veriyor?
T-3313,"Telefonum ofis wifisine bağlanıyor ama laptopum bağlanmıyor, graip bir durum.",Hizmet Talebi (Service Request),Bilgi Teknolojileri,Ağ/Network,Wi-Fi Bağlantı Sorunu,Yüksek,"{'cozum_basligi': 'Wi-Fi bağlantı sorunu çözümü', 'adimlar': ['Adım 1: Cihazın Wi-Fi ayarları kapatılıp açılır, ağa yeniden bağlanılır.', 'Adım 2: Şifre doğru girildi mi ve sinyal gücü yeterli mi kontrol edilir.', 'Adım 3: Sorun sürüyorsa erişim noktası (AP) kontrolü için ticket açılır.'], 'self_service_uygun_mu': True}","['ofis_lokasyon', 'cihaz_turu']","Wi-Fi ağı görünüyor mu ama bağlanamıyor musunuz, yoksa hiç görünmüyor mu?"
T-3314,"Kartal Matbaacılık bizi aradı fatura ödemesi gecikmiş, kontrol eder misiniz?",Hizmet Talebi (Service Request),Finans,Masraf & Ödeme,Fatura Ödeme Takibi,Orta,"{'cozum_basligi': 'Fatura ödeme durumu takibi', 'adimlar': ['Adım 1: Fatura numarası ile muhasebe/ERP sisteminde ödeme kaydı sorgulanır.', 'Adım 2: Ödeme planlanan tarih ve onay durumu kontrol edilir.', 'Adım 3: Gecikme varsa ödeme sorumlusuna hatırlatma yapılır ve tedarikçiye bilgi verilir.'], 'self_service_uygun_mu': True}","['fatura_no', 'tedarikci_adi', 'tutar']",Fatura numarasını ve tedarikçi firma adını paylaşabilir misiniz?
T-3315,Sunucu cevap vermiyor sistem tamamen durdu acil mudahale lazim,Arıza (Incident),Bilgi Teknolojileri,Sunucu/Sistem,Sunucu/Servis Kesintisi,Yüksek,"{'cozum_basligi': 'Sunucu/servis kesintisi acil müdahale', 'adimlar': ['Adım 1: Sunucu/servis durumu izleme panelinden kontrol edilir, etkilenen servisler belirlenir.', 'Adım 2: Sunucu ekibi tarafından servis yeniden başlatılır veya yük devretme (failover) uygulanır.', 'Adım 3: Kök neden analizi için kritik öncelikli ticket açılır ve ilgili birimlere bilgi verilir.'], 'self_service_uygun_mu': False}","['etkilenen_sistem_adi', 'baslangic_zamani', 'etkilenen_kullanici_sayisi']",Bu kesinti tüm şirketi mi yoksa belirli bir departmanı mı etkiliyor?
T-3316,Lütfen acil Masraf formum onaaya gidiyor ama eski yoneticim ciktigi icin kimse onaylayamiyor.,Arıza (Incident),Finans,Masraf & Ödeme,Onay Akışında Yönetici Görünmüyor Sorunu,Yüksek,"{'cozum_basligi': 'Onay akışı yönetici ataması düzeltme süreci', 'adimlar': ['Adım 1: Organizasyon şemasında çalışanın tanımlı yöneticisi sistemden kontrol edilir.', 'Adım 2: Yönetici ayrılmış/değişmiş ise onay akışı güncel yöneticiye yeniden atanır.', 'Adım 3: Bekleyen tüm formlar yeni onay akışına manuel olarak yönlendirilir.'], 'self_service_uygun_mu': False}","['ad_soyad', 'form_no', 'eski_yonetici', 'yeni_yonetici']",Onay akışında hangi form takılı kaldı ve eski yöneticiniz mi hâlâ sistemde görünüyor?
T-3317,"Eğitim salonu'da clickshare ekrana bağlanmıyor, 10 dakikaya toplantımız var acil!",Hizmet Talebi (Service Request),İdari İşler,Ofis Ekipmanı,Toplantı Odası Ekipman Arızası (ClickShare/Projeksiyon),Düşük,"{'cozum_basligi': 'Toplantı odası ekran/görüntü aktarım arızası giderme', 'adimlar': ['Adım 1: ClickShare/HDMI kablosu ve cihazın güç bağlantısı kontrol edilir.', 'Adım 2: Ekran/projeksiyon cihazı yeniden başlatılır, giriş kaynağı kontrol edilir.', 'Adım 3: Sorun devam ederse toplantı öncesi acil teknik destek için ticket açılır.'], 'self_service_uygun_mu': True}","['oda_adi', 'ekipman_turu', 'toplanti_saati']",ClickShare mi yoksa HDMI/projeksiyon bağlantısında mı sorun yaşıyorsunuz?
T-3318,"Lütfen acil Yeni bilgisayarımda şifremi değiştirmem gerekiyor ama sistem kabul etmiyor. Gerçekten çok sıkıntı oluyor, bir an önce ilgilenirseniz sevinirim.",Arıza (Incident),Bilgi Teknolojileri,Güvenlik ve Erişim,Şifre Sıfırlama,Orta,"{'cozum_basligi': 'Şifre sıfırlama işlemi', 'adimlar': ['Adım 1: Kimlik doğrulama (çalışan sicil no / kayıtlı e-posta) yapılır.', 'Adım 2: Self servis şifre sıfırlama portalı üzerinden geçici şifre oluşturulur.', 'Adım 3: Portal üzerinden çözülemiyorsa IT güvenlik ekibi manuel sıfırlama için ticket açar.'], 'self_service_uygun_mu': True}","['kullanici_adi', 'sicil_no', 'sistem_adi']",Şifrenizi mi unuttunuz yoksa hesabınız mı kilitlendi?
T-3319,"Yarinki toplanti icin misafirimize otopark izni acilmasi gerekiyor, plakasini paylasacagim.",Hizmet Talebi (Service Request),İdari İşler,Güvenlik & Ulaşım,Misafir Otopark İzni,Düşük,"{'cozum_basligi': 'Misafir otopark giriş izni tanımlama', 'adimlar': ['Adım 1: Misafirin plaka bilgisi ve ziyaret tarihi/saati alınır.', 'Adım 2: Güvenlik birimine otopark giriş izni tanımlanır.', 'Adım 3: Misafir giriş yaptığında güvenlik plaka üzerinden yönlendirme yapar.'], 'self_service_uygun_mu': False}","['misafir_ad_soyad', 'plaka_no', 'ziyaret_tarihi_saati']",Misafirinizin plaka bilgisi ve ziyaret saati nedir?
T-3320,"Pınar Şimşek - Toros Nakliyat ile yıl sonu mutabakatı yapmamız gerekiyor, bakiyeler tutmuyor.",Hizmet Talebi (Service Request),Finans,Masraf & Ödeme,Tedarikçi IBAN/Vade Mutabakatı,Yüksek,"{'cozum_basligi': 'Tedarikçi IBAN/vade mutabakat süreci', 'adimlar': ['Adım 1: Tedarikçinin sistemde kayıtlı IBAN ve vade koşulları kontrol edilir.', 'Adım 2: Tedarikçiden güncel IBAN/vade bilgisini teyit eden resmi yazı istenir.', 'Adım 3: Bilgiler güncellendikten sonra mutabakat formu karşılıklı imzalanarak kapatılır.'], 'self_service_uygun_mu': False}","['tedarikci_adi', 'vade_gun_sayisi']",Tedarikçinin IBAN bilgisi mi değişti yoksa vade koşullarında bir anlaşmazlık mı var?
T-3321,"2. kat toplantı koridoru'daki koltuğum çok yıpranmış, sırt desteği tamamen çökmüş, bel ağrım oluyor artık.",Arıza (Incident),İdari İşler,Bina/Tesis Bakım,Ofis Mobilya Arızası (Ergonomik Masa/Koltuk),Düşük,"{'cozum_basligi': 'Ergonomik mobilya arıza/bakım süreci', 'adimlar': ['Adım 1: Arızanın türü (mekanizma, yükseklik ayarı, tekerlek vb.) tespit edilir.', 'Adım 2: Bina bakım ekibi basit onarımı yerinde dener.', 'Adım 3: Onarılamıyorsa parça değişimi veya mobilya değişimi için satınalma sürecine yönlendirilir.'], 'self_service_uygun_mu': False}","['mobilya_turu', 'ofis_lokasyon', 'ariza_tanimi']","Koltuğunuzda mı yoksa masanızda mı sorun var, tam olarak ne arızalandı?"
T-3322,"Lütfen acil Doktor bugün için tek günlük istirahat verdi, nereye bildirmem lazım? Ne zaman çözülür acaba?",Hizmet Talebi (Service Request),İnsan Kaynakları,İzin Yönetimi,Sağlık Raporu/İstirahat Bildirimi,Orta,"{'cozum_basligi': 'Sağlık raporu/istirahat bildirimi işleme süreci', 'adimlar': [""Adım 1: Rapor e-Nabız/hastane sisteminden veya elden İK'ya iletilir."", 'Adım 2: Rapor süresi SGK sistemine ve bordroya işlenir.', 'Adım 3: Yöneticiye çalışanın izinli/raporlu olduğu bilgisi iletilir.'], 'self_service_uygun_mu': True}","['ad_soyad', 'rapor_baslangic_bitis_tarihi', 'rapor_belgesi']",Raporunuz kaç gün ve e-Nabız üzerinden mi yoksa elden mi ileteceksiniz?
T-3323,"Çok acil, Seyahat masrafım 1,418.29 EUR olarak girildi ama kur yanlış hesaplanmış görünüyor. Gerçekten çok sıkıntı oluyor, bir an önce ilgilenirseniz sevinirim.",Bilgi Talebi (Information),Finans,Masraf & Ödeme,Döviz Kuru Farkı/Uyumsuzluğu,Orta,"{'cozum_basligi': 'Döviz kuru farkı/uyumsuzluğu inceleme süreci', 'adimlar': ['Adım 1: Harcama tarihindeki resmi TCMB kuru ile sistemde kullanılan kur karşılaştırılır.', 'Adım 2: Fark tespit edilirse hangi kur kaynağının kullanıldığı muhasebe ile teyit edilir.', 'Adım 3: Hatalı hesaplama varsa düzeltme kaydı oluşturulur ve fark tazmin edilir.'], 'self_service_uygun_mu': False}","['ad_soyad', 'harcama_tarihi', 'doviz_tutar', 'kullanilan_kur']","Harcamanızın tarihini ve hangi döviz cinsinden olduğunu paylaşabilir misiniz, hangi kur baz alınmış görüyorsunuz?"
T-3324,"Excel dosyam kaydedilirken donuyor, dakikalarca bekliyorum. Bunun yanında Bir de mail eklerini indiremiyorum aynı anda",Arıza (Incident),Bilgi Teknolojileri,Yazılım,Uygulama Hatası (Outlook/Teams/Excel vb.),Orta,"{'cozum_basligi': 'Uygulama hatası giderme', 'adimlar': ['Adım 1: Uygulama tamamen kapatılıp yeniden açılır, gerekirse bilgisayar yeniden başlatılır.', 'Adım 2: Uygulama güncellemesi kontrol edilir ve önbellek/geçici dosyalar temizlenir.', 'Adım 3: Hata devam ederse ekran görüntüsüyle birlikte yazılım destek ekibine ticket açılır.'], 'self_service_uygun_mu': True}","['uygulama_adi', 'hata_mesaji', 'kullanici_adi']","Hangi uygulamada ve tam olarak ne zaman bu hatayı alıyorsunuz, ekran görüntüsü paylaşabilir misiniz?"
T-3325,"Cem Doğan - soyadım resmi olarak değişti, bordro ve mail imzamda da güncellenmesi lazım.",Hizmet Talebi (Service Request),İnsan Kaynakları,Bordro & Özlük,Soyadı Değişikliği,Düşük,"{'cozum_basligi': 'Soyadı değişikliği kayıt güncelleme süreci', 'adimlar': ['Adım 1: Nüfus cüzdanı/kimlik belgesinin güncel hali çalışandan talep edilir.', 'Adım 2: İK sistemi, bordro sistemi ve e-posta imzası gibi tüm kayıtlarda soyadı güncellenir.', 'Adım 3: Güncelleme tamamlandığında çalışana ve ilgili birimlere (IT, muhasebe) bilgi verilir.'], 'self_service_uygun_mu': False}","['ad_soyad', 'eski_soyad', 'yeni_kimlik_belgesi']","Yeni kimlik belgenizi paylaşabilir misiniz, hangi sistemlerde güncelleme yapmamızı istersiniz?"
T-3326,"Yoneticim onayladi, muasebe programi lisansimin aktiflestirilmesini rica ederim.",Hizmet Talebi (Service Request),Bilgi Teknolojileri,Yazılım,Yazılım Lisans/Kurulum Talebi,Orta,"{'cozum_basligi': 'Yazılım lisans/kurulum süreci', 'adimlar': ['Adım 1: Talep, lisans uygunluğu ve yönetici onayı için değerlendirilir.', 'Adım 2: Lisans anahtarı temin edilir veya mevcut lisans havuzundan atama yapılır.', 'Adım 3: Kurulum IT ekibi tarafından uzaktan veya yerinde gerçekleştirilir.'], 'self_service_uygun_mu': False}","['yazilim_adi', 'kullanici_adi', 'onay_bilgisi']",Hangi yazılımın lisansına/kurulumuna ihtiyacınız var ve bu talep yöneticiniz tarafından onaylandı mı?
T-3327,"Acilen Maaşım bu ay eksik yattı sanırım, kontrol edebilir misiniz? Teşekkür ederim şimdiden.",Bilgi Talebi (Information),İnsan Kaynakları,Bordro & Özlük,Bordro/Maaş Bilgisi Talebi,Orta,"{'cozum_basligi': 'Bordro/maaş bilgisi inceleme süreci', 'adimlar': ['Adım 1: Çalışanın ilgili ay bordrosu bordro sisteminden çekilip incelenir.', 'Adım 2: Kesinti/ek ödeme kalemleri tek tek karşılaştırılır ve hata olup olmadığı tespit edilir.', 'Adım 3: Hata tespit edilirse düzeltme için bordro/muhasebe ekibine ticket açılır.'], 'self_service_uygun_mu': False}","['ad_soyad', 'sicil_no', 'ilgili_ay']",Hangi ayın bordrosuyla ilgili ve tam olarak hangi kalemde hata olduğunu düşünüyorsunuz?
T-3328,"Acilen Yazıcı kağıdı bitti, birkaç paket A4 kağıt rica ederim B blok 4. kat.",Hizmet Talebi (Service Request),İdari İşler,Satınalma/Malzeme,Kırtasiye Malzeme Talebi,Düşük,"{'cozum_basligi': 'Kırtasiye malzeme temini', 'adimlar': ['Adım 1: Talep departman yöneticisi onayına iletilir.', 'Adım 2: Depo stoğundan malzemeler hazırlanır.', 'Adım 3: Malzemeler belirtilen teslimat lokasyonuna gönderilir.'], 'self_service_uygun_mu': False}","['malzeme_listesi_miktar', 'departman', 'teslimat_lokasyonu']","Hangi malzemelerden ne miktarda ihtiyacınız var, liste hâlinde belirtebilir misiniz?"
T-3329,"Murat Koç - SGK giriş belgemi mail atabilir misiniz, kredi başvurusu için lazım.",Hizmet Talebi (Service Request),İnsan Kaynakları,Bordro & Özlük,SGK Giriş/Çıkış Evrakı Talebi,Orta,"{'cozum_basligi': 'SGK giriş/çıkış evrakı düzenleme', 'adimlar': ['Adım 1: Talep edilen belgenin türü (işe giriş bildirgesi/işten ayrılış bildirgesi) teyit edilir.', 'Adım 2: SGK e-Bildirge sisteminden ilgili belge sorgulanır ve çıktısı alınır.', 'Adım 3: Belge onaylanıp çalışana e-posta veya elden iletilir.'], 'self_service_uygun_mu': False}","['ad_soyad', 'sicil_no', 'belge_turu', 'kullanim_amaci']","İşe giriş bildirgesi mi yoksa işten ayrılış bildirgesi mi gerekiyor, hangi amaçla kullanılacak?"
T-3330,"Anka Danışmanlık firmasından gelen USD faturayı sisteme giremiyorum, para birimi seçeneği çıkmıyor.",Hizmet Talebi (Service Request),Finans,Masraf & Ödeme,Çoklu Para Birimli Fatura Girişi,Orta,"{'cozum_basligi': 'Çoklu para birimli fatura giriş desteği', 'adimlar': ['Adım 1: Faturanın orijinal para birimi ve tutarı doğrulanır.', 'Adım 2: ERP sisteminde ilgili para birimi tanımlı değilse muhasebe sistem ekibi tanımlama yapar.', 'Adım 3: Fatura, güncel kur ile TL karşılığı hesaplanarak sisteme işlenir.'], 'self_service_uygun_mu': False}","['fatura_no', 'tedarikci_adi', 'para_birimi', 'tutar']",Faturanın para birimi nedir (USD/EUR/GBP) ve sistemde bu para birimiyle giriş yapabiliyor musunuz?
T-3331,"Lütfen acil Eşimi özel sağlık sigortama eklettirmek istiyorum, ne yapmam gerekiyor?",Hizmet Talebi (Service Request),İnsan Kaynakları,Bordro & Özlük,ÖSS (Özel Sağlık Sigortası) Aile Kapsamı Ekleme,Orta,"{'cozum_basligi': 'Özel sağlık sigortasına aile bireyi ekleme süreci', 'adimlar': ['Adım 1: Eklenecek aile bireyinin kimlik bilgileri ve yakınlık derecesi (eş/çocuk) alınır.', 'Adım 2: Talep sigorta şirketine İK tarafından iletilir ve poliçe güncellemesi başlatılır.', 'Adım 3: Poliçe onayı sonrası yeni sağlık kartı çalışana/aile bireyine ulaştırılır.'], 'self_service_uygun_mu': False}","['ad_soyad', 'eklenecek_kisi_bilgisi', 'yakinlik_derecesi']","Eklemek istediğiniz kişi eşiniz mi çocuğunuz mu, kimlik bilgilerini paylaşabilir misiniz?"
T-3332,"8 Mart sabahından beri internet kesik kesik çalışıyor, toplantılara giremiyorum.",Arıza (Incident),Bilgi Teknolojileri,Ağ/Network,İnternet Bağlantı Sorunu,Orta,"{'cozum_basligi': 'İnternet bağlantı arızası ilk müdahale', 'adimlar': ['Adım 1: Modem/router yeniden başlatılır, kablo bağlantıları kontrol edilir.', 'Adım 2: Farklı bir cihaz veya prizden bağlantı test edilir.', 'Adım 3: Sorun devam ederse altyapı ekibine ticket açılır ve etkilenen kişi sayısı raporlanır.'], 'self_service_uygun_mu': True}","['ofis_lokasyon', 'etkilenen_kisi_sayisi', 'baslangic_zamani']",Kaç kişiyi etkiliyor bu sorun ve hangi lokasyondasınız?
T-3333,Resepsiyona kargo geldi mi acaba bilgi alabilir miyim Serkan Yıldız adına?,Hizmet Talebi (Service Request),İdari İşler,Satınalma/Malzeme,Kargo/Kurye Teslimat Takibi,Orta,"{'cozum_basligi': 'Kargo/kurye teslimat takibi', 'adimlar': ['Adım 1: Kargo takip numarası ve gönderici bilgisi ile kargo firması sistemi kontrol edilir.', 'Adım 2: Resepsiyon/depo teslim kaydı kontrol edilerek paketin durumu netleştirilir.', 'Adım 3: Paket bulunamıyorsa kargo firmasına resmi kayıp/gecikme bildirimi açılır.'], 'self_service_uygun_mu': True}","['takip_no', 'kargo_firmasi', 'gonderi_tarihi']","Kargo ne zaman gönderildi, teslimat için beklediğiniz lokasyon neresi?"
T-3334,"Mehmet Arslan - proje icin 5.000 TL avnsa ihtiyacim var, acil onay rica ederim.",Hizmet Talebi (Service Request),Finans,Masraf & Ödeme,Avans Talebi,Düşük,"{'cozum_basligi': 'Avans talebi işleme süreci', 'adimlar': ['Adım 1: Avans talebi tutarı ve gerekçesi (seyahat/proje) kaydedilir.', 'Adım 2: Yönetici ve finans onayına gönderilir.', 'Adım 3: Onay sonrası avans, belirtilen banka hesabına aktarılır.'], 'self_service_uygun_mu': False}","['ad_soyad', 'tutar', 'gerekce', 'seyahat_tarihi']",Avans hangi seyahat/proje için ve ne kadar tutar için gerekiyor?
T-3335,"Lütfen acil Toplantı odasındaki wifi çok zayıf, sunum yaparken bağlantı kesiliyor. Ne zaman çözülür acaba?",Arıza (Incident),Bilgi Teknolojileri,Ağ/Network,Wi-Fi Bağlantı Sorunu,Yüksek,"{'cozum_basligi': 'Wi-Fi bağlantı sorunu çözümü', 'adimlar': ['Adım 1: Cihazın Wi-Fi ayarları kapatılıp açılır, ağa yeniden bağlanılır.', 'Adım 2: Şifre doğru girildi mi ve sinyal gücü yeterli mi kontrol edilir.', 'Adım 3: Sorun sürüyorsa erişim noktası (AP) kontrolü için ticket açılır.'], 'self_service_uygun_mu': True}","['ofis_lokasyon', 'cihaz_turu']","Wi-Fi ağı görünüyor mu ama bağlanamıyor musunuz, yoksa hiç görünmüyor mu?"
T-3336,"Mavi Lojistik Ltd. firmasından gelmesi gereken paket 3 gündür ulaşmadı, takip eder misiniz?",Bilgi Talebi (Information),İdari İşler,Satınalma/Malzeme,Kargo/Kurye Teslimat Takibi,Düşük,"{'cozum_basligi': 'Kargo/kurye teslimat takibi', 'adimlar': ['Adım 1: Kargo takip numarası ve gönderici bilgisi ile kargo firması sistemi kontrol edilir.', 'Adım 2: Resepsiyon/depo teslim kaydı kontrol edilerek paketin durumu netleştirilir.', 'Adım 3: Paket bulunamıyorsa kargo firmasına resmi kayıp/gecikme bildirimi açılır.'], 'self_service_uygun_mu': True}","['takip_no', 'kargo_firmasi', 'gonderi_tarihi']","Kargo ne zaman gönderildi, teslimat için beklediğiniz lokasyon neresi?"
T-3337,"Müşterimiz kendi aracıyla gelecek 28 Ocak, otoparka giriş izni rica ederim.",Hizmet Talebi (Service Request),İdari İşler,Güvenlik & Ulaşım,Misafir Otopark İzni,Orta,"{'cozum_basligi': 'Misafir otopark giriş izni tanımlama', 'adimlar': ['Adım 1: Misafirin plaka bilgisi ve ziyaret tarihi/saati alınır.', 'Adım 2: Güvenlik birimine otopark giriş izni tanımlanır.', 'Adım 3: Misafir giriş yaptığında güvenlik plaka üzerinden yönlendirme yapar.'], 'self_service_uygun_mu': False}","['misafir_ad_soyad', 'plaka_no', 'ziyaret_tarihi_saati']",Misafirinizin plaka bilgisi ve ziyaret saati nedir?
T-3338,21 Eylül tarihinde işe başlayacak Elif Aktaş için yeni hesap açılması gerekiyor.,Hizmet Talebi (Service Request),Bilgi Teknolojileri,Güvenlik ve Erişim,Yeni Kullanıcı Hesabı,Yüksek,"{'cozum_basligi': 'Yeni kullanıcı hesabı açma süreci', 'adimlar': [""Adım 1: İK'dan işe giriş onayı ve pozisyon bilgisi teyit edilir."", 'Adım 2: Aktif Dizin üzerinde hesap oluşturulur ve gerekli grup üyelikleri tanımlanır.', 'Adım 3: E-posta ve sistem erişim bilgileri ilk giriş kılavuzuyla birlikte iletilir.'], 'self_service_uygun_mu': False}","['ad_soyad', 'departman', 'ise_baslama_tarihi', 'pozisyon']","Yeni çalışanın işe başlama tarihi ve departmanı nedir, hangi sistemlere erişimi olması gerekiyor?"
T-3339,"Kulaklığımın mikrofonu çalışmıyor, toplantılarda beni duyamıyorlar. Ayrıca Bir de mouse'um da bazen donuyor",Arıza (Incident),Bilgi Teknolojileri,Donanım,Monitör/Çevre Birimi Arızası,Orta,"{'cozum_basligi': 'Monitör/çevre birimi arıza tespiti', 'adimlar': ['Adım 1: Kablo bağlantıları (HDMI/VGA/güç) ve monitör güç düğmesi kontrol edilir.', 'Adım 2: Farklı bir kablo veya port ile test yapılır.', 'Adım 3: Arıza devam ediyorsa cihaz değişimi için IT saha ekibine ticket açılır.'], 'self_service_uygun_mu': True}","['cihaz_turu', 'kullanici_adi', 'ofis_lokasyon']","Sorun hangi çevre biriminde: monitör, klavye, mouse yoksa yazıcı mı?"
T-3340,Wifi ye baglanamiyorum Ankara ofisi sürekli şifre hatası veriyor,Arıza (Incident),Bilgi Teknolojileri,Ağ/Network,Wi-Fi Bağlantı Sorunu,Orta,"{'cozum_basligi': 'Wi-Fi bağlantı sorunu çözümü', 'adimlar': ['Adım 1: Cihazın Wi-Fi ayarları kapatılıp açılır, ağa yeniden bağlanılır.', 'Adım 2: Şifre doğru girildi mi ve sinyal gücü yeterli mi kontrol edilir.', 'Adım 3: Sorun sürüyorsa erişim noktası (AP) kontrolü için ticket açılır.'], 'self_service_uygun_mu': True}","['ofis_lokasyon', 'wifi_ag_adi']",Hangi ağa bağlanmaya çalışıyorsunuz ve hangi lokasyondasınız?
T-3341,"Lütfen acil ERP sistemi tamamen çöktü, kimse sisteme giremiyor, çok acil! Gerçekten çok sıkıntı oluyor, bir an önce ilgilenirseniz sevinirim.",Arıza (Incident),Bilgi Teknolojileri,Sunucu/Sistem,Sunucu/Servis Kesintisi,Kritik,"{'cozum_basligi': 'Sunucu/servis kesintisi acil müdahale', 'adimlar': ['Adım 1: Sunucu/servis durumu izleme panelinden kontrol edilir, etkilenen servisler belirlenir.', 'Adım 2: Sunucu ekibi tarafından servis yeniden başlatılır veya yük devretme (failover) uygulanır.', 'Adım 3: Kök neden analizi için kritik öncelikli ticket açılır ve ilgili birimlere bilgi verilir.'], 'self_service_uygun_mu': False}","['sunucu_adi', 'hata_kodu', 'etki_alani']","Hangi sistem/servis erişilemiyor ve kaç kullanıcıyı etkiliyor, sorun ne zaman başladı?"
T-3342,"16 Ağustos sabahından beri internet kesik kesik çalışıyor, toplantılara giremiyorum. Hem de Wifi de aynı şekilde çok zayıf çekiyor bu arada",Arıza (Incident),Bilgi Teknolojileri,Ağ/Network,İnternet Bağlantı Sorunu,Yüksek,"{'cozum_basligi': 'İnternet bağlantı arızası ilk müdahale', 'adimlar': ['Adım 1: Modem/router yeniden başlatılır, kablo bağlantıları kontrol edilir.', 'Adım 2: Farklı bir cihaz veya prizden bağlantı test edilir.', 'Adım 3: Sorun devam ederse altyapı ekibine ticket açılır ve etkilenen kişi sayısı raporlanır.'], 'self_service_uygun_mu': True}","['ofis_lokasyon', 'etkilenen_kisi_sayisi', 'baslangic_zamani']",Kaç kişiyi etkiliyor bu sorun ve hangi lokasyondasınız?
T-3343,"Lütfen acil Yıldız Kara - prim ödemem bordroya yansımamış görünüyor, bakabilir misiniz?",Arıza (Incident),İnsan Kaynakları,Bordro & Özlük,Bordro/Maaş Bilgisi Talebi,Düşük,"{'cozum_basligi': 'Bordro/maaş bilgisi inceleme süreci', 'adimlar': ['Adım 1: Çalışanın ilgili ay bordrosu bordro sisteminden çekilip incelenir.', 'Adım 2: Kesinti/ek ödeme kalemleri tek tek karşılaştırılır ve hata olup olmadığı tespit edilir.', 'Adım 3: Hata tespit edilirse düzeltme için bordro/muhasebe ekibine ticket açılır.'], 'self_service_uygun_mu': False}","['ad_soyad', 'donem', 'itiraz_konusu']",Hangi ayın bordrosuyla ilgili ve tam olarak hangi kalemde hata olduğunu düşünüyorsunuz?
T-3344,"Dosya sunucusuna erişim kesilid, tüm departmanlar dosyalara ulaşamıyor. Ne zaman çözülür acaba?",Arıza (Incident),Bilgi Teknolojileri,Sunucu/Sistem,Sunucu/Servis Kesintisi,Kritik,"{'cozum_basligi': 'Sunucu/servis kesintisi acil müdahale', 'adimlar': ['Adım 1: Sunucu/servis durumu izleme panelinden kontrol edilir, etkilenen servisler belirlenir.', 'Adım 2: Sunucu ekibi tarafından servis yeniden başlatılır veya yük devretme (failover) uygulanır.', 'Adım 3: Kök neden analizi için kritik öncelikli ticket açılır ve ilgili birimlere bilgi verilir.'], 'self_service_uygun_mu': False}","['etkilenen_sistem_adi', 'baslangic_zamani', 'etkilenen_kullanici_sayisi']",Bu kesinti tüm şirketi mi yoksa belirli bir departmanı mı etkiliyor?
T-3345,"Acilen Eski projeden kalan klasör yetkim hâlâ aktif, kaldırılmasını rica ederim.",Hizmet Talebi (Service Request),Bilgi Teknolojileri,Güvenlik ve Erişim,Sistem/Klasör Yetki Talebi,Orta,"{'cozum_basligi': 'Sistem/klasör yetki tanımlama süreci', 'adimlar': ['Adım 1: Talep, ilgili departman yöneticisinin onayına gönderilir.', 'Adım 2: Onay sonrası erişim, en az yetki prensibiyle tanımlanır.', 'Adım 3: Yetki tanımlandıktan sonra kullanıcıya bilgilendirme yapılır ve ticket kapatılır.'], 'self_service_uygun_mu': False}","['kullanici_adi', 'erisim_seviyesi', 'departman']",Okuma yetkisi mi yoksa yazma/düzenleme yetkisi mi gerekiyor?
T-3346,"Rica etsem acil Evlilik bildirimimi yapmak istiyorum, gerekli evraklraı nereye iletebilirim?",Hizmet Talebi (Service Request),İnsan Kaynakları,Bordro & Özlük,Evlilik Bildirimi,Orta,"{'cozum_basligi': 'Evlilik durum değişikliği kayıt süreci', 'adimlar': ['Adım 1: Evlilik cüzdanı fotokopisi/belgesi çalışandan talep edilir.', 'Adım 2: Medeni hal ve varsa soyadı bilgisi İK sisteminde güncellenir.', 'Adım 3: Vergi matrahı, SGK ve varsa özel sağlık sigortası kayıtları güncellenmesi için ilgili birimlere bilgi verilir.'], 'self_service_uygun_mu': False}","['ad_soyad', 'evlilik_tarihi', 'evlilik_cuzdani_belgesi']","Evlilik tarihinizi ve evlilik cüzdanı belgesini paylaşabilir misiniz, medeni hal güncellemesi için gerekiyor?"
T-3347,"Elif Demir - GBP faturasini girmeye calisiyorum ama sistem sadece TL kabul ediyor, yardimci olur musunuz?",Arıza (Incident),Finans,Masraf & Ödeme,Çoklu Para Birimli Fatura Girişi,Orta,"{'cozum_basligi': 'Çoklu para birimli fatura giriş desteği', 'adimlar': ['Adım 1: Faturanın orijinal para birimi ve tutarı doğrulanır.', 'Adım 2: ERP sisteminde ilgili para birimi tanımlı değilse muhasebe sistem ekibi tanımlama yapar.', 'Adım 3: Fatura, güncel kur ile TL karşılığı hesaplanarak sisteme işlenir.'], 'self_service_uygun_mu': False}","['fatura_no', 'tedarikci_adi', 'para_birimi', 'tutar']",Faturanın para birimi nedir (USD/EUR/GBP) ve sistemde bu para birimiyle giriş yapabiliyor musunuz?
T-3348,"759 TL tutarındaki fatura hâlâ ödenmemiş görünüyor, Toros Nakliyat.",Hizmet Talebi (Service Request),Finans,Masraf & Ödeme,Fatura Ödeme Takibi,Düşük,"{'cozum_basligi': 'Fatura ödeme durumu takibi', 'adimlar': ['Adım 1: Fatura numarası ile muhasebe/ERP sisteminde ödeme kaydı sorgulanır.', 'Adım 2: Ödeme planlanan tarih ve onay durumu kontrol edilir.', 'Adım 3: Gecikme varsa ödeme sorumlusuna hatırlatma yapılır ve tedarikçiye bilgi verilir.'], 'self_service_uygun_mu': True}","['fatura_no', 'tedarikci_adi', 'tutar']","Faturanın vade tarihi geçti mi, ne kadar süredir bekliyor?"
T-3349,"16 Kasım tarihinde evleniyorum, 3 günlük evlilik iznimi kullanmak istiyorum.",Hizmet Talebi (Service Request),İnsan Kaynakları,İzin Yönetimi,Evlilik İzni Talebi,Düşük,"{'cozum_basligi': 'Evlilik izni tanımlama süreci', 'adimlar': ['Adım 1: Evlilik tarihi ve evlilik cüzdanı bilgisi talep edilir.', 'Adım 2: İş kanunu kapsamındaki 3 günlük evlilik izni sisteme tanımlanır.', 'Adım 3: Yönetici onayı sonrası izin takvime işlenir.'], 'self_service_uygun_mu': False}","['ad_soyad', 'evlilik_tarihi', 'izin_baslangic_tarihi']",Evlilik tarihiniz nedir ve izninizi ne zaman kullanmak istiyorsunuz?
T-3350,"Yöneticim onayladı, Excel lisansımın aktifleştirilmesini rica ederim.",Hizmet Talebi (Service Request),Bilgi Teknolojileri,Yazılım,Yazılım Lisans/Kurulum Talebi,Orta,"{'cozum_basligi': 'Yazılım lisans/kurulum süreci', 'adimlar': ['Adım 1: Talep, lisans uygunluğu ve yönetici onayı için değerlendirilir.', 'Adım 2: Lisans anahtarı temin edilir veya mevcut lisans havuzundan atama yapılır.', 'Adım 3: Kurulum IT ekibi tarafından uzaktan veya yerinde gerçekleştirilir.'], 'self_service_uygun_mu': False}","['yazilim_adi', 'kullanici_adi', 'onay_bilgisi']",Yeni bir kurulum mu yoksa mevcut lisansın yenilenmesi mi gerekiyor?
T-3351,"Çok acil, Evlendim belgemi ekliyorum bilgilerimin güncelenmesini rica ederim Bu konuda epeydir mağdurum, lütfen hızlı dönüş yapar mısınız?",Hizmet Talebi (Service Request),İnsan Kaynakları,Bordro & Özlük,Evlilik Bildirimi,Orta,"{'cozum_basligi': 'Evlilik durum değişikliği kayıt süreci', 'adimlar': ['Adım 1: Evlilik cüzdanı fotokopisi/belgesi çalışandan talep edilir.', 'Adım 2: Medeni hal ve varsa soyadı bilgisi İK sisteminde güncellenir.', 'Adım 3: Vergi matrahı, SGK ve varsa özel sağlık sigortası kayıtları güncellenmesi için ilgili birimlere bilgi verilir.'], 'self_service_uygun_mu': False}","['ad_soyad', 'yeni_medeni_hal', 'es_bilgisi']","Evlilik tarihinizi ve evlilik cüzdanı belgesini paylaşabilir misiniz, medeni hal güncellemesi için gerekiyor?"
T-3352,"Seda Yılmaz - masaüstü bilgisayarımın fanı çok ses yapıyor ve ısınıyor, dikkatimi dağıtıyor.",Arıza (Incident),Bilgi Teknolojileri,Donanım,Bilgisayar Arıza/Onarım,Orta,"{'cozum_basligi': 'Bilgisayar donanım arızası ilk müdahale', 'adimlar': ['Adım 1: Cihaz kapatılıp yeniden başlatılır, güç kablosu ve bağlantılar kontrol edilir.', 'Adım 2: Uzaktan tanı aracıyla donanım sağlık testi çalıştırılır.', 'Adım 3: Sorun devam ederse yerinde teknik destek için ticket açılır ve teknisyen yönlendirilir.'], 'self_service_uygun_mu': True}","['cihaz_seri_no', 'kullanici_adi', 'ofis_lokasyon', 'ariza_baslangic_zamani']",Sorun ne zaman başladı ve hangi lokasyondaki cihazdan bahsediyoruz?
T-3353,"Çok acil, CRM uzerinden musteri kaydi cekerken sistem tmieout hatasi veriyor. Bu konuda epeydir mağdurum, lütfen hızlı dönüş yapar mısınız?",Arıza (Incident),Bilgi Teknolojileri,Sunucu/Sistem,Veritabanı Erişim Hatası,Kritik,"{'cozum_basligi': 'Veritabanı erişim hatası çözümü', 'adimlar': ['Adım 1: Kullanıcının veritabanı bağlantı ayarları ve yetkileri kontrol edilir.', 'Adım 2: Veritabanı servisinin çalışır durumda olup olmadığı sistem ekibince doğrulanır.', 'Adım 3: Yetki/bağlantı sorunu devam ediyorsa veritabanı yöneticisine (DBA) ticket yönlendirilir.'], 'self_service_uygun_mu': False}","['uygulama_adi', 'hata_kodu', 'erisim_zamani']",Hangi uygulama/veritabanına erişmeye çalışıyorsunuz ve tam hata mesajı nedir?
T-3354,"Acilen Bordromda fazla mesai ücreti görünmüyor, 16 Aralık ayına ait. Teşekkür ederim şimdiden.",Bilgi Talebi (Information),İnsan Kaynakları,Bordro & Özlük,Bordro/Maaş Bilgisi Talebi,Yüksek,"{'cozum_basligi': 'Bordro/maaş bilgisi inceleme süreci', 'adimlar': ['Adım 1: Çalışanın ilgili ay bordrosu bordro sisteminden çekilip incelenir.', 'Adım 2: Kesinti/ek ödeme kalemleri tek tek karşılaştırılır ve hata olup olmadığı tespit edilir.', 'Adım 3: Hata tespit edilirse düzeltme için bordro/muhasebe ekibine ticket açılır.'], 'self_service_uygun_mu': False}","['ad_soyad', 'donem', 'itiraz_konusu']",Maaşınızda eksik ödeme mi var yoksa fazla kesinti mi görüyorsunuz?
T-3355,"Lütfen acil 2. kat toplantı koridoru kapısının kilidi bozuk, tam kapanmıyor.",Hizmet Talebi (Service Request),İdari İşler,Bina/Tesis Bakım,Bina İçi Teknik Bakım Talebi,Orta,"{'cozum_basligi': 'Genel bina içi teknik bakım süreci', 'adimlar': ['Adım 1: Talep bina teknik bakım ekibine iletilir ve önceliklendirilir.', 'Adım 2: Uygun teknisyen belirlenen lokasyona yönlendirilir.', 'Adım 3: Bakım/onarım tamamlandıktan sonra talep sahibine bilgi verilir.'], 'self_service_uygun_mu': False}","['ofis_lokasyon', 'sorun_tanimi', 'uygun_zaman_araligi']","Sorun tam olarak nedir ve hangi alanda (kapı, su tesisatı, asansör vb.) yaşanıyor?"
T-3356,"Tedarikçimiz ödeme yapılmadığını söylüyor ama sistemde 'ödendi' görünüyor, tutarsızlık var. İşlerim çok aksıyor, acil çözüm bekliyorum.",Hizmet Talebi (Service Request),Finans,Masraf & Ödeme,Fatura Ödeme Takibi,Orta,"{'cozum_basligi': 'Fatura ödeme durumu takibi', 'adimlar': ['Adım 1: Fatura numarası ile muhasebe/ERP sisteminde ödeme kaydı sorgulanır.', 'Adım 2: Ödeme planlanan tarih ve onay durumu kontrol edilir.', 'Adım 3: Gecikme varsa ödeme sorumlusuna hatırlatma yapılır ve tedarikçiye bilgi verilir.'], 'self_service_uygun_mu': True}","['fatura_no', 'vade_tarihi']","Faturanın vade tarihi geçti mi, ne kadar süredir bekliyor?"
T-3357,"Bu ay gelir vergim aniden çok arttı, matrah hesaplamasında hata var mı acaba?",Bilgi Talebi (Information),İnsan Kaynakları,Bordro & Özlük,Bordro Vergi Matrahı İtirazı,Orta,"{'cozum_basligi': 'Bordro vergi matrahı itiraz inceleme süreci', 'adimlar': ['Adım 1: İtiraz edilen dönemin vergi matrahı ve dilim hesaplaması bordro ekibi tarafından yeniden kontrol edilir.', 'Adım 2: Kümülatif matrah hesaplamasında hata olup olmadığı muhasebe ile teyit edilir.', 'Adım 3: Hata tespit edilirse düzeltme bir sonraki bordro döneminde uygulanır ve çalışana açıklama yapılır.'], 'self_service_uygun_mu': False}","['ad_soyad', 'donem', 'itiraz_detayi']","Vergi diliminin değiştiğini mi düşünüyorsunuz, yoksa kümülatif matrah hesaplamasında bir hata mı görüyorsunuz?"
T-3358,"Acilen Doktor bugün için tek günlük istirahat verdi, nereye bildirmem lazım? Gerçekten çok sıkıntı oluyor, bir an önce ilgilenirseniz sevinirim.",Hizmet Talebi (Service Request),İnsan Kaynakları,İzin Yönetimi,Sağlık Raporu/İstirahat Bildirimi,Düşük,"{'cozum_basligi': 'Sağlık raporu/istirahat bildirimi işleme süreci', 'adimlar': [""Adım 1: Rapor e-Nabız/hastane sisteminden veya elden İK'ya iletilir."", 'Adım 2: Rapor süresi SGK sistemine ve bordroya işlenir.', 'Adım 3: Yöneticiye çalışanın izinli/raporlu olduğu bilgisi iletilir.'], 'self_service_uygun_mu': True}","['ad_soyad', 'rapor_baslangic_bitis_tarihi', 'rapor_belgesi']",Raporunuz kaç gün ve e-Nabız üzerinden mi yoksa elden mi ileteceksiniz?
T-3359,"Lütfen acil Yazıcı kartuşu değişmesi gerekiyor, mürekkep bitti sanırım. Bu konuda epeydir mağdurum, lütfen hızlı dönüş yapar mısınız?",Hizmet Talebi (Service Request),İdari İşler,Ofis Ekipmanı,Toner/Kartuş Talebi,Düşük,"{'cozum_basligi': 'Toner/kartuş temin süreci', 'adimlar': ['Adım 1: Depo stok durumu kontrol edilir.', 'Adım 2: Uygun toner/kartuş belirtilen yazıcı lokasyonuna teslim edilir.', 'Adım 3: Stokta bulunmuyorsa satınalma süreci tetiklenir ve tahmini teslim süresi bildirilir.'], 'self_service_uygun_mu': False}","['yazici_lokasyon', 'yazici_marka_model', 'toner_kartus_kodu']","Yazıcının marka ve modeli nedir, doğru toner kodunu belirleyebilmemiz için gerekli?"
T-3360,"Ege Temizlik Hizmetleri bizi aradı fatura ödemesi gecikmiş, kontrol eder misiniz?",Bilgi Talebi (Information),Finans,Masraf & Ödeme,Fatura Ödeme Takibi,Düşük,"{'cozum_basligi': 'Fatura ödeme durumu takibi', 'adimlar': ['Adım 1: Fatura numarası ile muhasebe/ERP sisteminde ödeme kaydı sorgulanır.', 'Adım 2: Ödeme planlanan tarih ve onay durumu kontrol edilir.', 'Adım 3: Gecikme varsa ödeme sorumlusuna hatırlatma yapılır ve tedarikçiye bilgi verilir.'], 'self_service_uygun_mu': True}","['fatura_no', 'tedarikci_adi', 'tutar']","Faturanın vade tarihi geçti mi, ne kadar süredir bekliyor?"
T-3361,Lütfen acil Harcama formu onaya dustu ama 5 gundur kimse onaylamadi,Arıza (Incident),Finans,Masraf & Ödeme,Masraf/Harcama Formu Onayı,Orta,"{'cozum_basligi': 'Masraf/harcama formu onay süreci takibi', 'adimlar': ['Adım 1: Formun onay akışındaki mevcut adımı (yönetici/finans) sistemden kontrol edilir.', 'Adım 2: Bekleyen onaycıya hatırlatma bildirimi gönderilir.', 'Adım 3: Onay gecikmesi devam ederse finans ekibi manuel müdahale için ticket açar.'], 'self_service_uygun_mu': True}","['form_no', 'tutar', 'onay_bekleyen_kisi']",Formun numarasını veya harcama tutarını paylaşabilir misiniz?
T-3362,"Lütfen acil Elektrikli yükseklik ayarlı masam artık yukarı kalkmıyor, düğmeye basınca ses geliyor ama hareket etmiyor. İşlerim çok aksıyor, acil çözüm bekliyorum.",Hizmet Talebi (Service Request),İdari İşler,Bina/Tesis Bakım,Ofis Mobilya Arızası (Ergonomik Masa/Koltuk),Düşük,"{'cozum_basligi': 'Ergonomik mobilya arıza/bakım süreci', 'adimlar': ['Adım 1: Arızanın türü (mekanizma, yükseklik ayarı, tekerlek vb.) tespit edilir.', 'Adım 2: Bina bakım ekibi basit onarımı yerinde dener.', 'Adım 3: Onarılamıyorsa parça değişimi veya mobilya değişimi için satınalma sürecine yönlendirilir.'], 'self_service_uygun_mu': False}","['mobilya_turu', 'ofis_lokasyon', 'ariza_tanimi']","Koltuğunuzda mı yoksa masanızda mı sorun var, tam olarak ne arızalandı?"
T-3363,"Acilen Vize için yazı lazım, çalışma belgesi çıkartbilir misiniz? Teşekkür ederim şimdiden.",Hizmet Talebi (Service Request),İnsan Kaynakları,Bordro & Özlük,Özlük/Çalışma Belgesi Talebi,Orta,"{'cozum_basligi': 'Özlük/çalışma belgesi düzenleme', 'adimlar': ['Adım 1: Talep edilen belge türü ve kullanım amacı teyit edilir.', 'Adım 2: İK sistemi üzerinden güncel çalışan bilgileriyle belge hazırlanır.', 'Adım 3: Belge imzalandıktan sonra çalışana e-posta veya elden teslim edilir.'], 'self_service_uygun_mu': True}","['ad_soyad', 'sicil_no', 'belge_turu', 'kullanim_amaci']","Hangi belgeye ihtiyacınız var (çalışma belgesi, hizmet dökümü vb.) ve hangi amaçla kullanılacak?"
T-3364,"Genel Müdürlük binası'da misafir wifi ağına bağlanamıyorum, şifreyi doğru giriyorum.",Hizmet Talebi (Service Request),Bilgi Teknolojileri,Ağ/Network,Wi-Fi Bağlantı Sorunu,Yüksek,"{'cozum_basligi': 'Wi-Fi bağlantı sorunu çözümü', 'adimlar': ['Adım 1: Cihazın Wi-Fi ayarları kapatılıp açılır, ağa yeniden bağlanılır.', 'Adım 2: Şifre doğru girildi mi ve sinyal gücü yeterli mi kontrol edilir.', 'Adım 3: Sorun sürüyorsa erişim noktası (AP) kontrolü için ticket açılır.'], 'self_service_uygun_mu': True}","['ofis_lokasyon', 'cihaz_turu']",Hangi ağa bağlanmaya çalışıyorsunuz ve hangi lokasyondasınız?
T-3365,"Seyahat sirasinda fisimi kaybettim, harcamami nasil beyan edeblirim?",Hizmet Talebi (Service Request),Finans,Masraf & Ödeme,Harcama Fişi Kayıp Beyanı,Yüksek,"{'cozum_basligi': 'Kayıp harcama fişi beyan ve alternatif belge süreci', 'adimlar': ['Adım 1: Kayıp fiş beyan formu doldurulur, harcama tutarı ve tarihi beyan edilir.', 'Adım 2: Mümkünse kredi kartı ekstresi/dekont gibi alternatif kanıt belgesi talep edilir.', 'Adım 3: Finans ekibi beyanı değerlendirip onaylarsa masraf formu istisnai olarak işleme alınır.'], 'self_service_uygun_mu': False}","['ad_soyad', 'harcama_tutari', 'harcama_tarihi', 'kayip_beyani_gerekcesi']",Fişi kaybettiğinize göre elinizde kredi kartı ekstresi gibi tutarı doğrulayacak başka bir belge var mı?
T-3366,Lütfen acil Vergi dilimi degisti diye maasim dustu ama hesaplama yanlis gibi geldi bana,Arıza (Incident),İnsan Kaynakları,Bordro & Özlük,Bordro Vergi Matrahı İtirazı,Orta,"{'cozum_basligi': 'Bordro vergi matrahı itiraz inceleme süreci', 'adimlar': ['Adım 1: İtiraz edilen dönemin vergi matrahı ve dilim hesaplaması bordro ekibi tarafından yeniden kontrol edilir.', 'Adım 2: Kümülatif matrah hesaplamasında hata olup olmadığı muhasebe ile teyit edilir.', 'Adım 3: Hata tespit edilirse düzeltme bir sonraki bordro döneminde uygulanır ve çalışana açıklama yapılır.'], 'self_service_uygun_mu': False}","['ad_soyad', 'donem', 'itiraz_detayi']","Vergi diliminin değiştiğini mi düşünüyorsunuz, yoksa kümülatif matrah hesaplamasında bir hata mı görüyorsunuz?"
T-3367,"Toplantı odasındaki wifi çok zayıf, sunum yaparken bağlantı kesiliyor.",Arıza (Incident),Bilgi Teknolojileri,Ağ/Network,Wi-Fi Bağlantı Sorunu,Düşük,"{'cozum_basligi': 'Wi-Fi bağlantı sorunu çözümü', 'adimlar': ['Adım 1: Cihazın Wi-Fi ayarları kapatılıp açılır, ağa yeniden bağlanılır.', 'Adım 2: Şifre doğru girildi mi ve sinyal gücü yeterli mi kontrol edilir.', 'Adım 3: Sorun sürüyorsa erişim noktası (AP) kontrolü için ticket açılır.'], 'self_service_uygun_mu': True}","['ofis_lokasyon', 'wifi_ag_adi']","Wi-Fi ağı görünüyor mu ama bağlanamıyor musunuz, yoksa hiç görünmüyor mu?"
T-3368,"Acilen Müşteriye gönderdiğimiz kargo hâlâ yolda görünüyor, gecikme var mı öğrenebilir miyiz? Teşekkür ederim şimdiden.",Bilgi Talebi (Information),İdari İşler,Satınalma/Malzeme,Kargo/Kurye Teslimat Takibi,Orta,"{'cozum_basligi': 'Kargo/kurye teslimat takibi', 'adimlar': ['Adım 1: Kargo takip numarası ve gönderici bilgisi ile kargo firması sistemi kontrol edilir.', 'Adım 2: Resepsiyon/depo teslim kaydı kontrol edilerek paketin durumu netleştirilir.', 'Adım 3: Paket bulunamıyorsa kargo firmasına resmi kayıp/gecikme bildirimi açılır.'], 'self_service_uygun_mu': True}","['takip_no', 'kargo_firmasi', 'gonderi_tarihi']","Kargo ne zaman gönderildi, teslimat için beklediğiniz lokasyon neresi?"
T-3369,"Acilen Yeni doğan bebeğimi sağlık sigortasına eklemek istiyorum, evraklar neler? Bu konuda epeydir mağdurum, lütfen hızlı dönüş yapar mısınız?",Hizmet Talebi (Service Request),İnsan Kaynakları,Bordro & Özlük,ÖSS (Özel Sağlık Sigortası) Aile Kapsamı Ekleme,Düşük,"{'cozum_basligi': 'Özel sağlık sigortasına aile bireyi ekleme süreci', 'adimlar': ['Adım 1: Eklenecek aile bireyinin kimlik bilgileri ve yakınlık derecesi (eş/çocuk) alınır.', 'Adım 2: Talep sigorta şirketine İK tarafından iletilir ve poliçe güncellemesi başlatılır.', 'Adım 3: Poliçe onayı sonrası yeni sağlık kartı çalışana/aile bireyine ulaştırılır.'], 'self_service_uygun_mu': False}","['ad_soyad', 'eklenecek_kisi_tc', 'poliçe_baslangic_tarihi']","Eklemek istediğiniz kişi eşiniz mi çocuğunuz mu, kimlik bilgilerini paylaşabilir misiniz?"
T-3370,"Çok acil, Yeni gelen arkadaş icin masa sandalye lazim Ne zaman çözülür acaba?",Hizmet Talebi (Service Request),İdari İşler,Satınalma/Malzeme,Ofis Mobilya Değişimi,Düşük,"{'cozum_basligi': 'Ofis mobilyası değişim süreci', 'adimlar': ['Adım 1: Mevcut mobilyanın durumu değerlendirilir ve değişim gerekçesi kaydedilir.', 'Adım 2: Bütçe/onay süreci tamamlandıktan sonra satınalma talebi açılır.', 'Adım 3: Yeni mobilya teslim alınıp kurulumu yapılır, eski mobilya değişim için alınır.'], 'self_service_uygun_mu': False}","['mobilya_turu', 'ofis_lokasyon', 'degisim_gerekcesi']",Hangi mobilyanın değişmesini istiyorsunuz ve mevcut olanın sorunu nedir?
T-3371,"Esra Özdemir - prim ödemem bordroya yansımamış görünüyor, bakabilir misiniz?",Bilgi Talebi (Information),İnsan Kaynakları,Bordro & Özlük,Bordro/Maaş Bilgisi Talebi,Düşük,"{'cozum_basligi': 'Bordro/maaş bilgisi inceleme süreci', 'adimlar': ['Adım 1: Çalışanın ilgili ay bordrosu bordro sisteminden çekilip incelenir.', 'Adım 2: Kesinti/ek ödeme kalemleri tek tek karşılaştırılır ve hata olup olmadığı tespit edilir.', 'Adım 3: Hata tespit edilirse düzeltme için bordro/muhasebe ekibine ticket açılır.'], 'self_service_uygun_mu': False}","['ad_soyad', 'donem', 'itiraz_konusu']",Hangi ayın bordrosuyla ilgili ve tam olarak hangi kalemde hata olduğunu düşünüyorsunuz?
T-3372,"10 Eylül sabahından beri internet kesik kesik çalışıyor, toplantılara giremiyorum.",Arıza (Incident),Bilgi Teknolojileri,Ağ/Network,İnternet Bağlantı Sorunu,Düşük,"{'cozum_basligi': 'İnternet bağlantı arızası ilk müdahale', 'adimlar': ['Adım 1: Modem/router yeniden başlatılır, kablo bağlantıları kontrol edilir.', 'Adım 2: Farklı bir cihaz veya prizden bağlantı test edilir.', 'Adım 3: Sorun devam ederse altyapı ekibine ticket açılır ve etkilenen kişi sayısı raporlanır.'], 'self_service_uygun_mu': True}","['ofis_lokasyon', 'internet_saglayici_bilgisi']",Kaç kişiyi etkiliyor bu sorun ve hangi lokasyondasınız?
T-3373,"ERP sistemi tamamen coktu, kime sisteme giremiyor, cok acil!",Arıza (Incident),Bilgi Teknolojileri,Sunucu/Sistem,Sunucu/Servis Kesintisi,Yüksek,"{'cozum_basligi': 'Sunucu/servis kesintisi acil müdahale', 'adimlar': ['Adım 1: Sunucu/servis durumu izleme panelinden kontrol edilir, etkilenen servisler belirlenir.', 'Adım 2: Sunucu ekibi tarafından servis yeniden başlatılır veya yük devretme (failover) uygulanır.', 'Adım 3: Kök neden analizi için kritik öncelikli ticket açılır ve ilgili birimlere bilgi verilir.'], 'self_service_uygun_mu': False}","['sunucu_adi', 'hata_kodu', 'etki_alani']",Bu kesinti tüm şirketi mi yoksa belirli bir departmanı mı etkiliyor?
T-3374,11.547 TL tutarındaki harcama formum 2 gündür beklemede.,Arıza (Incident),Finans,Masraf & Ödeme,Masraf/Harcama Formu Onayı,Düşük,"{'cozum_basligi': 'Masraf/harcama formu onay süreci takibi', 'adimlar': ['Adım 1: Formun onay akışındaki mevcut adımı (yönetici/finans) sistemden kontrol edilir.', 'Adım 2: Bekleyen onaycıya hatırlatma bildirimi gönderilir.', 'Adım 3: Onay gecikmesi devam ederse finans ekibi manuel müdahale için ticket açar.'], 'self_service_uygun_mu': True}","['form_no', 'tutar', 'onay_bekleyen_kisi']",Formun numarasını veya harcama tutarını paylaşabilir misiniz?
T-3375,"Formu onaylayacak kisi sistemde 'pasif kullanici' olarak gorunuyor, isleem tikandi.",Hizmet Talebi (Service Request),Finans,Masraf & Ödeme,Onay Akışında Yönetici Görünmüyor Sorunu,Orta,"{'cozum_basligi': 'Onay akışı yönetici ataması düzeltme süreci', 'adimlar': ['Adım 1: Organizasyon şemasında çalışanın tanımlı yöneticisi sistemden kontrol edilir.', 'Adım 2: Yönetici ayrılmış/değişmiş ise onay akışı güncel yöneticiye yeniden atanır.', 'Adım 3: Bekleyen tüm formlar yeni onay akışına manuel olarak yönlendirilir.'], 'self_service_uygun_mu': False}","['ad_soyad', 'form_no', 'eski_yonetici', 'yeni_yonetici']",Onay akışında hangi form takılı kaldı ve eski yöneticiniz mi hâlâ sistemde görünüyor?
T-3376,"12 Mart günü tedarikçi firmadan 2 kişi gelece, resepsiyona bildirim yapar mısınız?",Hizmet Talebi (Service Request),İdari İşler,Güvenlik & Ulaşım,Ziyaretçi Giriş Talebi,Orta,"{'cozum_basligi': 'Ziyaretçi giriş kaydı oluşturma', 'adimlar': ['Adım 1: Ziyaretçi bilgileri (ad soyad, TC/kimlik, ziyaret amacı) alınır.', 'Adım 2: Güvenlik birimine ziyaret tarihi ve saati bildirilir.', 'Adım 3: Ziyaretçi giriş gününde resepsiyonda kayıt yapılıp kartı teslim edilir.'], 'self_service_uygun_mu': False}","['ziyaretci_ad_soyad', 'ziyaret_tarihi_saati', 'ziyaret_edilen_kisi']","Ziyaretçinin adı, ziyaret tarihi/saati ve kimi ziyaret edeceği bilgisini alabilir miyim?"
T-3377,4.853 TL tutarındaki harcama formum 2 gündür beklemedde.,Hizmet Talebi (Service Request),Finans,Masraf & Ödeme,Masraf/Harcama Formu Onayı,Düşük,"{'cozum_basligi': 'Masraf/harcama formu onay süreci takibi', 'adimlar': ['Adım 1: Formun onay akışındaki mevcut adımı (yönetici/finans) sistemden kontrol edilir.', 'Adım 2: Bekleyen onaycıya hatırlatma bildirimi gönderilir.', 'Adım 3: Onay gecikmesi devam ederse finans ekibi manuel müdahale için ticket açar.'], 'self_service_uygun_mu': True}","['ad_soyad', 'harcama_tarihi', 'tutar']",Formun numarasını veya harcama tutarını paylaşabilir misiniz?
T-3378,"Hesabım 3 kere yanlış deneme sonrası kilitlendi, açılmması lazım acil.",Arıza (Incident),Bilgi Teknolojileri,Güvenlik ve Erişim,Şifre Sıfırlama,Orta,"{'cozum_basligi': 'Şifre sıfırlama işlemi', 'adimlar': ['Adım 1: Kimlik doğrulama (çalışan sicil no / kayıtlı e-posta) yapılır.', 'Adım 2: Self servis şifre sıfırlama portalı üzerinden geçici şifre oluşturulur.', 'Adım 3: Portal üzerinden çözülemiyorsa IT güvenlik ekibi manuel sıfırlama için ticket açar.'], 'self_service_uygun_mu': True}","['kullanici_adi', 'kayitli_email']","Hangi sistemin şifresini sıfırlamamız gerekiyor: e-posta, bilgisayar girişi yoksa başka bir uygulama mı?"
T-3379,"Çok acil, 2. kat toplantı koridoru'daki elektrik panosundan ses geliyor, biraz endişe verici.",Arıza (Incident),İdari İşler,Bina/Tesis Bakım,Elektrik/Aydınlatma Arızası,Düşük,"{'cozum_basligi': 'Elektrik/aydınlatma arıza giderme', 'adimlar': ['Adım 1: Sigorta atmış mı, ampul/armatür arızalı mı kontrol edilir.', 'Adım 2: Bina teknik ekibi lokasyona yönlendirilir.', 'Adım 3: Kalıcı çözüm için gerekiyorsa dış elektrik servisi çağrılır.'], 'self_service_uygun_mu': False}","['ofis_lokasyon', 'ariza_tanimi', 'aciliyet_durumu']",Sorun tüm katta mı yoksa belirli bir bölgede/masada mı yaşanıyor?
T-3380,"Çok acil, Toplantı odasındaki klima hiç soğutmuyor, çok bunaltıcı oluyor uzun toplantılarda. İşlerim çok aksıyor, acil çözüm bekliyorum.",Arıza (Incident),İdari İşler,Bina/Tesis Bakım,Klima/Isıtma Arızası,Orta,"{'cozum_basligi': 'Klima/ısıtma sistemi arıza giderme', 'adimlar': ['Adım 1: Termostat ayarları ve cihazın açık olup olmadığı kontrol edilir.', 'Adım 2: Bina teknik ekibi filtre/gaz durumunu yerinde kontrol eder.', 'Adım 3: Kalıcı arıza tespit edilirse bakım/onarım için dış servis çağrılır.'], 'self_service_uygun_mu': False}","['ofis_lokasyon', 'cihaz_konumu', 'sorun_tanimi']","Klima hiç çalışmıyor mu yoksa soğutmuyor/ısıtmıyor mu, hangi bölgedesiniz?"
T-3381,"Seyahat masrafim 4,393.44 GBP olarak girildi ama kur yanlis hesaplanmis gorunuyor.",Bilgi Talebi (Information),Finans,Masraf & Ödeme,Döviz Kuru Farkı/Uyumsuzluğu,Orta,"{'cozum_basligi': 'Döviz kuru farkı/uyumsuzluğu inceleme süreci', 'adimlar': ['Adım 1: Harcama tarihindeki resmi TCMB kuru ile sistemde kullanılan kur karşılaştırılır.', 'Adım 2: Fark tespit edilirse hangi kur kaynağının kullanıldığı muhasebe ile teyit edilir.', 'Adım 3: Hatalı hesaplama varsa düzeltme kaydı oluşturulur ve fark tazmin edilir.'], 'self_service_uygun_mu': False}","['ad_soyad', 'harcama_tarihi', 'doviz_tutar', 'kullanilan_kur']","Harcamanızın tarihini ve hangi döviz cinsinden olduğunu paylaşabilir misiniz, hangi kur baz alınmış görüyorsunuz?"
T-3382,"Yöneticim onayladı, CRM sistemi lisansımın aktifleştirilmesini rica ederim.",Hizmet Talebi (Service Request),Bilgi Teknolojileri,Yazılım,Yazılım Lisans/Kurulum Talebi,Orta,"{'cozum_basligi': 'Yazılım lisans/kurulum süreci', 'adimlar': ['Adım 1: Talep, lisans uygunluğu ve yönetici onayı için değerlendirilir.', 'Adım 2: Lisans anahtarı temin edilir veya mevcut lisans havuzundan atama yapılır.', 'Adım 3: Kurulum IT ekibi tarafından uzaktan veya yerinde gerçekleştirilir.'], 'self_service_uygun_mu': False}","['yazilim_adi', 'departman', 'lisans_suresi']",Yeni bir kurulum mu yoksa mevcut lisansın yenilenmesi mi gerekiyor?
T-3383,"Buse Özdemir - seyahat masraf formum reddedildi ama sebep yazmıyor, öğrenebilir miyim?",Hizmet Talebi (Service Request),Finans,Masraf & Ödeme,Masraf/Harcama Formu Onayı,Orta,"{'cozum_basligi': 'Masraf/harcama formu onay süreci takibi', 'adimlar': ['Adım 1: Formun onay akışındaki mevcut adımı (yönetici/finans) sistemden kontrol edilir.', 'Adım 2: Bekleyen onaycıya hatırlatma bildirimi gönderilir.', 'Adım 3: Onay gecikmesi devam ederse finans ekibi manuel müdahale için ticket açar.'], 'self_service_uygun_mu': True}","['ad_soyad', 'harcama_tarihi', 'tutar']",Formun numarasını veya harcama tutarını paylaşabilir misiniz?
T-3384,"Çok acil, Emre Kaya - ailevi bir durum nedeniyle 2 haftalık ücretsiz izin talep ediyorum. İşlerim çok aksıyor, acil çözüm bekliyorum.",Hizmet Talebi (Service Request),İnsan Kaynakları,İzin Yönetimi,Ücretsiz İzin Talebi,Orta,"{'cozum_basligi': 'Ücretsiz izin talebi değerlendirme süreci', 'adimlar': ['Adım 1: Talep gerekçesi ve süresi ile birlikte kaydedilir.', 'Adım 2: Yönetici ve İK onayına gönderilir, SGK bildirimi gerekliliği kontrol edilir.', 'Adım 3: Onaylanması halinde ücretsiz izin süresi bordro ve SGK sistemine işlenir.'], 'self_service_uygun_mu': False}","['ad_soyad', 'talep_suresi', 'gerekce']",Ne kadar süreyle ücretsiz izin kullanmak istiyorsunuz ve gerekçeniz nedir?
T-3385,Acilen Hukuk deparrtmanına 3 adet yeni bilgisayar kurulumu yapılması gerekiyor 12 Ekim itibariyle. Ne zaman çözülür acaba?,Hizmet Talebi (Service Request),Bilgi Teknolojileri,Donanım,Yeni Ekipman Kurulumu,Orta,"{'cozum_basligi': 'Yeni donanım ekipmanı kurulum süreci', 'adimlar': ['Adım 1: Talep, envanter ve bütçe onayı için yöneticiye/IT sorumlusuna iletilir.', 'Adım 2: Uygun ekipman depo stoğundan veya satın alma sürecinden temin edilir.', 'Adım 3: Kurulum IT saha ekibi tarafından belirlenen tarihte yerinde gerçekleştirilir.'], 'self_service_uygun_mu': False}","['ekipman_turu', 'departman', 'teslim_tarihi']",Yeni işe başlayan biri için mi yoksa mevcut ekipmanın değişimi için mi bu talep?
T-3386,"Çok acil, Veritabani baglantisi kopuyor rapor alamiyorum surekli hata Teşekkür ederim şimdiden.",Arıza (Incident),Bilgi Teknolojileri,Sunucu/Sistem,Veritabanı Erişim Hatası,Orta,"{'cozum_basligi': 'Veritabanı erişim hatası çözümü', 'adimlar': ['Adım 1: Kullanıcının veritabanı bağlantı ayarları ve yetkileri kontrol edilir.', 'Adım 2: Veritabanı servisinin çalışır durumda olup olmadığı sistem ekibince doğrulanır.', 'Adım 3: Yetki/bağlantı sorunu devam ediyorsa veritabanı yöneticisine (DBA) ticket yönlendirilir.'], 'self_service_uygun_mu': False}","['uygulama_adi', 'hata_kodu', 'erisim_zamani']",Bu hata sadece sizde mi oluşuyor yoksa tüm ekipte mi?
T-3387,Raporlama ekranı 'veritabanına bağlanılamıyor' hatası veriyor.,Arıza (Incident),Bilgi Teknolojileri,Sunucu/Sistem,Veritabanı Erişim Hatası,Kritik,"{'cozum_basligi': 'Veritabanı erişim hatası çözümü', 'adimlar': ['Adım 1: Kullanıcının veritabanı bağlantı ayarları ve yetkileri kontrol edilir.', 'Adım 2: Veritabanı servisinin çalışır durumda olup olmadığı sistem ekibince doğrulanır.', 'Adım 3: Yetki/bağlantı sorunu devam ediyorsa veritabanı yöneticisine (DBA) ticket yönlendirilir.'], 'self_service_uygun_mu': False}","['veritabani_adi', 'hata_mesaji', 'kullanici_adi']",Bu hata sadece sizde mi oluşuyor yoksa tüm ekipte mi?
T-3388,Rica etsem acil Vpn baglantisi cok yavas dosyalara erismek imkansiz hale geldi. Ayrıca Ayrıca outlook'um da senkronize olmuyor evden bağlanınca,Arıza (Incident),Bilgi Teknolojileri,Ağ/Network,VPN Erişim Sorunu,Düşük,"{'cozum_basligi': 'VPN bağlantı sorunu çözümü', 'adimlar': ['Adım 1: VPN istemcisi güncel mi kontrol edilir, kullanıcı adı/şifre doğrulanır.', 'Adım 2: İnternet bağlantısı ve güvenlik duvarı ayarları kontrol edilir, istemci yeniden başlatılır.', 'Adım 3: Erişim devam etmiyorsa VPN sertifikası/erişim yetkisi için ticket açılır.'], 'self_service_uygun_mu': True}","['kullanici_adi', 'baglanti_lokasyonu', 'vpn_istemci_versiyonu']",Evden mi yoksa başka bir lokasyondan mı bağlanmaya çalışıyorsunuz?
T-3389,"Lojistik için dosya, zımba teli ve post-it talep ediyoruz. Ne zaman çözülür acaba?",Hizmet Talebi (Service Request),İdari İşler,Satınalma/Malzeme,Kırtasiye Malzeme Talebi,Düşük,"{'cozum_basligi': 'Kırtasiye malzeme temini', 'adimlar': ['Adım 1: Talep departman yöneticisi onayına iletilir.', 'Adım 2: Depo stoğundan malzemeler hazırlanır.', 'Adım 3: Malzemeler belirtilen teslimat lokasyonuna gönderilir.'], 'self_service_uygun_mu': False}","['malzeme_listesi_miktar', 'departman', 'teslimat_lokasyonu']","Hangi malzemelerden ne miktarda ihtiyacınız var, liste hâlinde belirtebilir misiniz?"
T-3390,"Lütfen acil Sandalyemin tekerleklerinden biri kırıldı, oturması sallanıyor. Ne zaman çözülür acaba?",Hizmet Talebi (Service Request),İdari İşler,Bina/Tesis Bakım,Ofis Mobilya Arızası (Ergonomik Masa/Koltuk),Orta,"{'cozum_basligi': 'Ergonomik mobilya arıza/bakım süreci', 'adimlar': ['Adım 1: Arızanın türü (mekanizma, yükseklik ayarı, tekerlek vb.) tespit edilir.', 'Adım 2: Bina bakım ekibi basit onarımı yerinde dener.', 'Adım 3: Onarılamıyorsa parça değişimi veya mobilya değişimi için satınalma sürecine yönlendirilir.'], 'self_service_uygun_mu': False}","['mobilya_turu', 'ofis_lokasyon', 'ariza_tanimi']","Koltuğunuzda mı yoksa masanızda mı sorun var, tam olarak ne arızalandı?"
T-3391,"Lütfen acil Ahmet Özdemir - 5 günlük sağlık raporum var, işe döndüğümde bir evrak getirmem gerekiyor mu?",Hizmet Talebi (Service Request),İnsan Kaynakları,İzin Yönetimi,Sağlık Raporu/İstirahat Bildirimi,Orta,"{'cozum_basligi': 'Sağlık raporu/istirahat bildirimi işleme süreci', 'adimlar': [""Adım 1: Rapor e-Nabız/hastane sisteminden veya elden İK'ya iletilir."", 'Adım 2: Rapor süresi SGK sistemine ve bordroya işlenir.', 'Adım 3: Yöneticiye çalışanın izinli/raporlu olduğu bilgisi iletilir.'], 'self_service_uygun_mu': True}","['ad_soyad', 'rapor_baslangic_bitis_tarihi', 'rapor_belgesi']",Raporunuz kaç gün ve e-Nabız üzerinden mi yoksa elden mi ileteceksiniz?
T-3392,"Serkan Özdemir - planlarim degisti, 1 Kasim tarihindeki iznimi bir hafta soonraya alabilir miyiz?",Hizmet Talebi (Service Request),İnsan Kaynakları,İzin Yönetimi,İzin İptal/Değişiklik,Orta,"{'cozum_basligi': 'İzin iptal/değişiklik işlemi', 'adimlar': ['Adım 1: Mevcut izin kaydı sistemde bulunur ve doğrulanır.', 'Adım 2: İptal/değişiklik talebi yöneticinin onayına yeniden gönderilir.', 'Adım 3: Onay sonrası izin bakiyesi ve takvim güncellenir.'], 'self_service_uygun_mu': True}","['ad_soyad', 'mevcut_izin_tarihi', 'yeni_talep']",İzninizi tamamen iptal mi etmek istiyorsunuz yoksa tarihini mi değiştirmek istiyorsunuz?
T-3393,"Acilen Yazıcı kağıdı bitti, birkaç paket A4 kağıt rica ederim Bodrum kat arşiv. Bu konuda epeydir mağdurum, lütfen hızlı dönüş yapar mısınız?",Hizmet Talebi (Service Request),İdari İşler,Satınalma/Malzeme,Kırtasiye Malzeme Talebi,Düşük,"{'cozum_basligi': 'Kırtasiye malzeme temini', 'adimlar': ['Adım 1: Talep departman yöneticisi onayına iletilir.', 'Adım 2: Depo stoğundan malzemeler hazırlanır.', 'Adım 3: Malzemeler belirtilen teslimat lokasyonuna gönderilir.'], 'self_service_uygun_mu': False}","['malzeme_listesi_miktar', 'departman', 'teslimat_lokasyonu']","Hangi malzemelerden ne miktarda ihtiyacınız var, liste hâlinde belirtebilir misiniz?"
T-3394,"Selin Catering Hizmetleri bizi aradı fatura ödemesi gecikmiş, kontrol eder misiniz?",Hizmet Talebi (Service Request),Finans,Masraf & Ödeme,Fatura Ödeme Takibi,Orta,"{'cozum_basligi': 'Fatura ödeme durumu takibi', 'adimlar': ['Adım 1: Fatura numarası ile muhasebe/ERP sisteminde ödeme kaydı sorgulanır.', 'Adım 2: Ödeme planlanan tarih ve onay durumu kontrol edilir.', 'Adım 3: Gecikme varsa ödeme sorumlusuna hatırlatma yapılır ve tedarikçiye bilgi verilir.'], 'self_service_uygun_mu': True}","['fatura_no', 'vade_tarihi']","Faturanın vade tarihi geçti mi, ne kadar süredir bekliyor?"
T-3395,"Hakan Öztürk - seyahat masraf formum reddedildi ama sebep yazmıyor, öğrenebilir miyim?",Hizmet Talebi (Service Request),Finans,Masraf & Ödeme,Masraf/Harcama Formu Onayı,Orta,"{'cozum_basligi': 'Masraf/harcama formu onay süreci takibi', 'adimlar': ['Adım 1: Formun onay akışındaki mevcut adımı (yönetici/finans) sistemden kontrol edilir.', 'Adım 2: Bekleyen onaycıya hatırlatma bildirimi gönderilir.', 'Adım 3: Onay gecikmesi devam ederse finans ekibi manuel müdahale için ticket açar.'], 'self_service_uygun_mu': True}","['ad_soyad', 'harcama_tarihi', 'tutar']",Form kaç gündür bekliyor ve onay akışında şu an kimde bekliyor biliyor musunuz?
T-3396,11.920 TL tutarındaki harcama formum 2 gündür beklemede.,Arıza (Incident),Finans,Masraf & Ödeme,Masraf/Harcama Formu Onayı,Orta,"{'cozum_basligi': 'Masraf/harcama formu onay süreci takibi', 'adimlar': ['Adım 1: Formun onay akışındaki mevcut adımı (yönetici/finans) sistemden kontrol edilir.', 'Adım 2: Bekleyen onaycıya hatırlatma bildirimi gönderilir.', 'Adım 3: Onay gecikmesi devam ederse finans ekibi manuel müdahale için ticket açar.'], 'self_service_uygun_mu': True}","['form_no', 'tutar', 'onay_bekleyen_kisi']",Form kaç gündür bekliyor ve onay akışında şu an kimde bekliyor biliyor musunuz?
T-3397,"CRM sistemine yeni giriş yetkisi verilmesi gerekiyor, yöneticim Murat Özdemir onaylayabilir. Gerçekten çok sıkıntı oluyor, bir an önce ilgilenirseniz sevinirim.",Hizmet Talebi (Service Request),Bilgi Teknolojileri,Güvenlik ve Erişim,Sistem/Klasör Yetki Talebi,Orta,"{'cozum_basligi': 'Sistem/klasör yetki tanımlama süreci', 'adimlar': ['Adım 1: Talep, ilgili departman yöneticisinin onayına gönderilir.', 'Adım 2: Onay sonrası erişim, en az yetki prensibiyle tanımlanır.', 'Adım 3: Yetki tanımlandıktan sonra kullanıcıya bilgilendirme yapılır ve ticket kapatılır.'], 'self_service_uygun_mu': False}","['kullanici_adi', 'erisim_seviyesi', 'departman']",Hangi klasöre veya sisteme erişim yetkisi talep ediyorsunuz ve yöneticinizin onayı var mı?
T-3398,"İzmir şube kapısının kilidi bozuk, tam kapanmıyor.",Arıza (Incident),İdari İşler,Bina/Tesis Bakım,Bina İçi Teknik Bakım Talebi,Yüksek,"{'cozum_basligi': 'Genel bina içi teknik bakım süreci', 'adimlar': ['Adım 1: Talep bina teknik bakım ekibine iletilir ve önceliklendirilir.', 'Adım 2: Uygun teknisyen belirlenen lokasyona yönlendirilir.', 'Adım 3: Bakım/onarım tamamlandıktan sonra talep sahibine bilgi verilir.'], 'self_service_uygun_mu': False}","['ofis_lokasyon', 'sorun_tanimi', 'uygun_zaman_araligi']","Sorun tam olarak nedir ve hangi alanda (kapı, su tesisatı, asansör vb.) yaşanıyor?"
T-3399,"20 Temmuz'de gönderilen kargom hala gelmedi, takip numarasını paylaşabilirim.",Hizmet Talebi (Service Request),İdari İşler,Satınalma/Malzeme,Kargo/Kurye Teslimat Takibi,Orta,"{'cozum_basligi': 'Kargo/kurye teslimat takibi', 'adimlar': ['Adım 1: Kargo takip numarası ve gönderici bilgisi ile kargo firması sistemi kontrol edilir.', 'Adım 2: Resepsiyon/depo teslim kaydı kontrol edilerek paketin durumu netleştirilir.', 'Adım 3: Paket bulunamıyorsa kargo firmasına resmi kayıp/gecikme bildirimi açılır.'], 'self_service_uygun_mu': True}","['takip_no', 'kargo_firmasi', 'gonderi_tarihi']","Kargo ne zaman gönderildi, teslimat için beklediğiniz lokasyon neresi?"
T-3400,"Lütfen acil Yöneticim onayladı, PowerPoint lisansımın aktifleştirilmesini rica ederim. Bu konuda epeydir mağdurum, lütfen hızlı dönüş yapar mısınız?",Hizmet Talebi (Service Request),Bilgi Teknolojileri,Yazılım,Yazılım Lisans/Kurulum Talebi,Yüksek,"{'cozum_basligi': 'Yazılım lisans/kurulum süreci', 'adimlar': ['Adım 1: Talep, lisans uygunluğu ve yönetici onayı için değerlendirilir.', 'Adım 2: Lisans anahtarı temin edilir veya mevcut lisans havuzundan atama yapılır.', 'Adım 3: Kurulum IT ekibi tarafından uzaktan veya yerinde gerçekleştirilir.'], 'self_service_uygun_mu': False}","['yazilim_adi', 'departman', 'lisans_suresi']",Yeni bir kurulum mu yoksa mevcut lisansın yenilenmesi mi gerekiyor?
T-3401,"3 Aralık tarihinde evlendim, medeni halimin güncellenmesi gerekiyor sistemde.",Hizmet Talebi (Service Request),İnsan Kaynakları,Bordro & Özlük,Evlilik Bildirimi,Düşük,"{'cozum_basligi': 'Evlilik durum değişikliği kayıt süreci', 'adimlar': ['Adım 1: Evlilik cüzdanı fotokopisi/belgesi çalışandan talep edilir.', 'Adım 2: Medeni hal ve varsa soyadı bilgisi İK sisteminde güncellenir.', 'Adım 3: Vergi matrahı, SGK ve varsa özel sağlık sigortası kayıtları güncellenmesi için ilgili birimlere bilgi verilir.'], 'self_service_uygun_mu': False}","['ad_soyad', 'evlilik_tarihi', 'evlilik_cuzdani_belgesi']","Evlilik tarihinizi ve evlilik cüzdanı belgesini paylaşabilir misiniz, medeni hal güncellemesi için gerekiyor?"
T-3402,"Rica etsem acil Telefonum ofis wifisine bağlanıyor ama laptopum bağlanmıyor, garip bir durum.",Arıza (Incident),Bilgi Teknolojileri,Ağ/Network,Wi-Fi Bağlantı Sorunu,Orta,"{'cozum_basligi': 'Wi-Fi bağlantı sorunu çözümü', 'adimlar': ['Adım 1: Cihazın Wi-Fi ayarları kapatılıp açılır, ağa yeniden bağlanılır.', 'Adım 2: Şifre doğru girildi mi ve sinyal gücü yeterli mi kontrol edilir.', 'Adım 3: Sorun sürüyorsa erişim noktası (AP) kontrolü için ticket açılır.'], 'self_service_uygun_mu': True}","['ofis_lokasyon', 'wifi_ag_adi']","Wi-Fi ağı görünüyor mu ama bağlanamıyor musunuz, yoksa hiç görünmüyor mu?"
T-3403,"Aylin Özturk - maas bordrosu ve calisma belgesi ihtiyacim var, ev kirasi icin isteniyor.",Hizmet Talebi (Service Request),İnsan Kaynakları,Bordro & Özlük,Özlük/Çalışma Belgesi Talebi,Orta,"{'cozum_basligi': 'Özlük/çalışma belgesi düzenleme', 'adimlar': ['Adım 1: Talep edilen belge türü ve kullanım amacı teyit edilir.', 'Adım 2: İK sistemi üzerinden güncel çalışan bilgileriyle belge hazırlanır.', 'Adım 3: Belge imzalandıktan sonra çalışana e-posta veya elden teslim edilir.'], 'self_service_uygun_mu': True}","['ad_soyad', 'sicil_no', 'belge_turu', 'kullanim_amaci']","Hangi belgeye ihtiyacınız var (çalışma belgesi, hizmet dökümü vb.) ve hangi amaçla kullanılacak?"
T-3404,Paylasimli klasore erisemiyorum yetki hatasi aliyorum,Hizmet Talebi (Service Request),Bilgi Teknolojileri,Güvenlik ve Erişim,Sistem/Klasör Yetki Talebi,Orta,"{'cozum_basligi': 'Sistem/klasör yetki tanımlama süreci', 'adimlar': ['Adım 1: Talep, ilgili departman yöneticisinin onayına gönderilir.', 'Adım 2: Onay sonrası erişim, en az yetki prensibiyle tanımlanır.', 'Adım 3: Yetki tanımlandıktan sonra kullanıcıya bilgilendirme yapılır ve ticket kapatılır.'], 'self_service_uygun_mu': False}","['kullanici_adi', 'klasor_sistem_adi', 'yonetici_onayi']",Okuma yetkisi mi yoksa yazma/düzenleme yetkisi mi gerekiyor?
T-3405,"Acilen Yillik izin talebimi onaylatmam lazim aciliyeti var seyahat planim var Bu konuda epeydir mağdurum, lütfen hızlı dönüş yapar mısınız?",Hizmet Talebi (Service Request),İnsan Kaynakları,İzin Yönetimi,Yıllık İzin Talebi/Bakiye Sorgulama,Orta,"{'cozum_basligi': 'Yıllık izin talebi/bakiye sorgulama süreci', 'adimlar': ['Adım 1: İK portalından güncel izin bakiyesi kontrol edilir.', 'Adım 2: Talep edilen tarih aralığı yöneticinin onayına gönderilir.', 'Adım 3: Onay sonrası izin sistemde işlenir ve bordroya yansıtılır.'], 'self_service_uygun_mu': True}","['ad_soyad', 'kalan_izin_sorgusu']","Hangi tarihler arasında izin kullanmak istiyorsunuz, yoksa sadece bakiye mi öğrenmek istiyorsunuz?"
T-3406,"Kadikoy ofis kapisinin kilidi bzuk, tam kapanmiyor.",Arıza (Incident),İdari İşler,Bina/Tesis Bakım,Bina İçi Teknik Bakım Talebi,Orta,"{'cozum_basligi': 'Genel bina içi teknik bakım süreci', 'adimlar': ['Adım 1: Talep bina teknik bakım ekibine iletilir ve önceliklendirilir.', 'Adım 2: Uygun teknisyen belirlenen lokasyona yönlendirilir.', 'Adım 3: Bakım/onarım tamamlandıktan sonra talep sahibine bilgi verilir.'], 'self_service_uygun_mu': False}","['ofis_lokasyon', 'sorun_tanimi', 'uygun_zaman_araligi']","Sorun tam olarak nedir ve hangi alanda (kapı, su tesisatı, asansör vb.) yaşanıyor?"
T-3407,"Çok acil, Outlook mailleri gelmiyor son 2 saattir hicbir mail almadim Gerçekten çok sıkıntı oluyor, bir an önce ilgilenirseniz sevinirim.",Hizmet Talebi (Service Request),Bilgi Teknolojileri,Yazılım,Uygulama Hatası (Outlook/Teams/Excel vb.),Yüksek,"{'cozum_basligi': 'Uygulama hatası giderme', 'adimlar': ['Adım 1: Uygulama tamamen kapatılıp yeniden açılır, gerekirse bilgisayar yeniden başlatılır.', 'Adım 2: Uygulama güncellemesi kontrol edilir ve önbellek/geçici dosyalar temizlenir.', 'Adım 3: Hata devam ederse ekran görüntüsüyle birlikte yazılım destek ekibine ticket açılır.'], 'self_service_uygun_mu': True}","['uygulama_adi', 'isletim_sistemi', 'hata_ekran_goruntusu']",Uygulama hiç açılmıyor mu yoksa belirli bir işlem sırasında mı hata veriyor?
T-3408,Coklu para birimi faturasi gireken sistem hata veriyor,Arıza (Incident),Finans,Masraf & Ödeme,Çoklu Para Birimli Fatura Girişi,Düşük,"{'cozum_basligi': 'Çoklu para birimli fatura giriş desteği', 'adimlar': ['Adım 1: Faturanın orijinal para birimi ve tutarı doğrulanır.', 'Adım 2: ERP sisteminde ilgili para birimi tanımlı değilse muhasebe sistem ekibi tanımlama yapar.', 'Adım 3: Fatura, güncel kur ile TL karşılığı hesaplanarak sisteme işlenir.'], 'self_service_uygun_mu': False}","['fatura_no', 'tedarikci_adi', 'para_birimi', 'tutar']",Faturanın para birimi nedir (USD/EUR/GBP) ve sistemde bu para birimiyle giriş yapabiliyor musunuz?
T-3409,"Rica etsem acil 585 TL tutarındaki fatura hâlâ ödenmemiş görünüyor, Deniz Teknoloji A.Ş.. İşlerim çok aksıyor, acil çözüm bekliyorum.",Hizmet Talebi (Service Request),Finans,Masraf & Ödeme,Fatura Ödeme Takibi,Orta,"{'cozum_basligi': 'Fatura ödeme durumu takibi', 'adimlar': ['Adım 1: Fatura numarası ile muhasebe/ERP sisteminde ödeme kaydı sorgulanır.', 'Adım 2: Ödeme planlanan tarih ve onay durumu kontrol edilir.', 'Adım 3: Gecikme varsa ödeme sorumlusuna hatırlatma yapılır ve tedarikçiye bilgi verilir.'], 'self_service_uygun_mu': True}","['fatura_no', 'tedarikci_adi', 'tutar']","Faturanın vade tarihi geçti mi, ne kadar süredir bekliyor?"
T-3410,"Acilen Toros Nakliyat bizi aradı fatura ödemesi gecikmiş, kontrol eder misiniz? Gerçekten çok sıkıntı oluyor, bir an önce ilgilenirseniz sevinirim.",Bilgi Talebi (Information),Finans,Masraf & Ödeme,Fatura Ödeme Takibi,Orta,"{'cozum_basligi': 'Fatura ödeme durumu takibi', 'adimlar': ['Adım 1: Fatura numarası ile muhasebe/ERP sisteminde ödeme kaydı sorgulanır.', 'Adım 2: Ödeme planlanan tarih ve onay durumu kontrol edilir.', 'Adım 3: Gecikme varsa ödeme sorumlusuna hatırlatma yapılır ve tedarikçiye bilgi verilir.'], 'self_service_uygun_mu': True}","['fatura_no', 'vade_tarihi']","Faturanın vade tarihi geçti mi, ne kadar süredir bekliyor?"
T-3411,"Yeni ardesim icin uygun bir servis hatti var mi acaba, bilgi alabilir miyim?",Hizmet Talebi (Service Request),İdari İşler,Güvenlik & Ulaşım,Servis Güzergah Talebi,Yüksek,"{'cozum_basligi': 'Personel servis güzergahı düzenleme', 'adimlar': ['Adım 1: Talep edilen adres mevcut güzergahlara uygunluk açısından incelenir.', 'Adım 2: Ulaşım/idari işler ekibi güzergah planlamasını günceller.', 'Adım 3: Yeni güzergah bilgisi çalışana ve servis şoförüne iletilir.'], 'self_service_uygun_mu': False}","['ev_adresi', 'mevcut_hat_no', 'talep_turu']",Mevcut servis güzergahınızda mı değişiklik istiyorsunuz yoksa yeni bir durak mı ekleniyor?
T-3412,"3. kat'daki elektrik panosundan ses geliyor, biraz endişe verici.",Arıza (Incident),İdari İşler,Bina/Tesis Bakım,Elektrik/Aydınlatma Arızası,Düşük,"{'cozum_basligi': 'Elektrik/aydınlatma arıza giderme', 'adimlar': ['Adım 1: Sigorta atmış mı, ampul/armatür arızalı mı kontrol edilir.', 'Adım 2: Bina teknik ekibi lokasyona yönlendirilir.', 'Adım 3: Kalıcı çözüm için gerekiyorsa dış elektrik servisi çağrılır.'], 'self_service_uygun_mu': False}","['ofis_lokasyon', 'ariza_tanimi', 'aciliyet_durumu']",Sorun tüm katta mı yoksa belirli bir bölgede/masada mı yaşanıyor?
T-3413,Bebegimiz dogdu babalik iznimi kullanmak istiyorum 2 Aralık den itibaren,Hizmet Talebi (Service Request),İnsan Kaynakları,İzin Yönetimi,Babalık İzni Talebi,Orta,"{'cozum_basligi': 'Babalık izni tanımlama süreci', 'adimlar': ['Adım 1: Doğum tarihi ve doğum belgesi/raporu talep edilir.', 'Adım 2: Yasal 5 günlük babalık izni sisteme tanımlanır.', 'Adım 3: İzin yöneticiye bilgi amaçlı bildirilir ve takvime işlenir.'], 'self_service_uygun_mu': False}","['ad_soyad', 'dogum_tarihi', 'izin_baslangic_tarihi']","Bebeğinizin doğum tarihi nedir, izninizi doğumdan itibaren mi başlatmak istersiniz?"
T-3414,"Teams programı çok yavaş açılıyor, bazen hiç yanıt vermiyor. Bunun yanında Bir de mail eklerini indiremiyorum aynı anda",Arıza (Incident),Bilgi Teknolojileri,Yazılım,Uygulama Hatası (Outlook/Teams/Excel vb.),Orta,"{'cozum_basligi': 'Uygulama hatası giderme', 'adimlar': ['Adım 1: Uygulama tamamen kapatılıp yeniden açılır, gerekirse bilgisayar yeniden başlatılır.', 'Adım 2: Uygulama güncellemesi kontrol edilir ve önbellek/geçici dosyalar temizlenir.', 'Adım 3: Hata devam ederse ekran görüntüsüyle birlikte yazılım destek ekibine ticket açılır.'], 'self_service_uygun_mu': True}","['uygulama_adi', 'isletim_sistemi', 'hata_ekran_goruntusu']","Hangi uygulamada ve tam olarak ne zaman bu hatayı alıyorsunuz, ekran görüntüsü paylaşabilir misiniz?"
T-3415,"Rica etsem acil Yeni personel icin hesap acilmasi lazim aciliyeti var ise baslama 17 Ekim Gerçekten çok sıkıntı oluyor, bir an önce ilgilenirseniz sevinirim.",Hizmet Talebi (Service Request),Bilgi Teknolojileri,Güvenlik ve Erişim,Yeni Kullanıcı Hesabı,Orta,"{'cozum_basligi': 'Yeni kullanıcı hesabı açma süreci', 'adimlar': [""Adım 1: İK'dan işe giriş onayı ve pozisyon bilgisi teyit edilir."", 'Adım 2: Aktif Dizin üzerinde hesap oluşturulur ve gerekli grup üyelikleri tanımlanır.', 'Adım 3: E-posta ve sistem erişim bilgileri ilk giriş kılavuzuyla birlikte iletilir.'], 'self_service_uygun_mu': False}","['ad_soyad', 'yonetici_adi', 'gerekli_sistemler']","Yeni çalışanın işe başlama tarihi ve departmanı nedir, hangi sistemlere erişimi olması gerekiyor?"
T-3416,20 Kasim tarihleri arasi 5 gun yillik izin kullanmak istiiyorum.,Hizmet Talebi (Service Request),İnsan Kaynakları,İzin Yönetimi,Yıllık İzin Talebi/Bakiye Sorgulama,Düşük,"{'cozum_basligi': 'Yıllık izin talebi/bakiye sorgulama süreci', 'adimlar': ['Adım 1: İK portalından güncel izin bakiyesi kontrol edilir.', 'Adım 2: Talep edilen tarih aralığı yöneticinin onayına gönderilir.', 'Adım 3: Onay sonrası izin sistemde işlenir ve bordroya yansıtılır.'], 'self_service_uygun_mu': True}","['ad_soyad', 'izin_baslangic_bitis_tarihi']","Hangi tarihler arasında izin kullanmak istiyorsunuz, yoksa sadece bakiye mi öğrenmek istiyorsunuz?"
T-3417,"Dosya sunucusuna erişim kesildi, tüm departmanlar dosyalara ulaamıyor.",Arıza (Incident),Bilgi Teknolojileri,Sunucu/Sistem,Sunucu/Servis Kesintisi,Kritik,"{'cozum_basligi': 'Sunucu/servis kesintisi acil müdahale', 'adimlar': ['Adım 1: Sunucu/servis durumu izleme panelinden kontrol edilir, etkilenen servisler belirlenir.', 'Adım 2: Sunucu ekibi tarafından servis yeniden başlatılır veya yük devretme (failover) uygulanır.', 'Adım 3: Kök neden analizi için kritik öncelikli ticket açılır ve ilgili birimlere bilgi verilir.'], 'self_service_uygun_mu': False}","['sunucu_adi', 'hata_kodu', 'etki_alani']",Bu kesinti tüm şirketi mi yoksa belirli bir departmanı mı etkiliyor?
T-3418,Kalite departmanina 3 adet yeni bilgisayar kurulumu yapilmasi gerekiyor 9 Agustos itibariyle.,Hizmet Talebi (Service Request),Bilgi Teknolojileri,Donanım,Yeni Ekipman Kurulumu,Düşük,"{'cozum_basligi': 'Yeni donanım ekipmanı kurulum süreci', 'adimlar': ['Adım 1: Talep, envanter ve bütçe onayı için yöneticiye/IT sorumlusuna iletilir.', 'Adım 2: Uygun ekipman depo stoğundan veya satın alma sürecinden temin edilir.', 'Adım 3: Kurulum IT saha ekibi tarafından belirlenen tarihte yerinde gerçekleştirilir.'], 'self_service_uygun_mu': False}","['ekipman_turu', 'departman', 'teslim_tarihi']","Hangi ekipmana ihtiyacınız var ve kimin için, hangi lokasyona kurulacak?"
T-3419,SGK için hizmet dökümü belgeesi rica ederim.,Hizmet Talebi (Service Request),İnsan Kaynakları,Bordro & Özlük,Özlük/Çalışma Belgesi Talebi,Orta,"{'cozum_basligi': 'Özlük/çalışma belgesi düzenleme', 'adimlar': ['Adım 1: Talep edilen belge türü ve kullanım amacı teyit edilir.', 'Adım 2: İK sistemi üzerinden güncel çalışan bilgileriyle belge hazırlanır.', 'Adım 3: Belge imzalandıktan sonra çalışana e-posta veya elden teslim edilir.'], 'self_service_uygun_mu': True}","['ad_soyad', 'sicil_no', 'belge_turu', 'kullanim_amaci']","Hangi belgeye ihtiyacınız var (çalışma belgesi, hizmet dökümü vb.) ve hangi amaçla kullanılacak?"
T-3420,"Rica etsem acil Fotokopi makinesi çalışmıyor, tuşlara basınca tepki vermiyor. Gerçekten çok sıkıntı oluyor, bir an önce ilgilenirseniz sevinirim.",Arıza (Incident),İdari İşler,Ofis Ekipmanı,Yazıcı/Fotokopi Arıza Bildirimi,Orta,"{'cozum_basligi': 'Yazıcı/fotokopi arıza giderme', 'adimlar': ['Adım 1: Kağıt sıkışması, kapak açık kalması gibi görünür arızalar kontrol edilir.', 'Adım 2: Cihaz yeniden başlatılır ve sürücü/bağlantı ayarları kontrol edilir.', 'Adım 3: Sorun devam ederse teknik servis çağrısı için ticket açılır.'], 'self_service_uygun_mu': True}","['yazici_lokasyon', 'yazici_marka_model', 'ariza_tanimi']",Hangi kattaki/lokasyondaki yazıcıdan bahsediyorsunuz?
T-3421,"Cansu Şimşek - soyadım resmi olarak değişti, bordro ve mail imzamda da güncellenmesi lazım.",Hizmet Talebi (Service Request),İnsan Kaynakları,Bordro & Özlük,Soyadı Değişikliği,Düşük,"{'cozum_basligi': 'Soyadı değişikliği kayıt güncelleme süreci', 'adimlar': ['Adım 1: Nüfus cüzdanı/kimlik belgesinin güncel hali çalışandan talep edilir.', 'Adım 2: İK sistemi, bordro sistemi ve e-posta imzası gibi tüm kayıtlarda soyadı güncellenir.', 'Adım 3: Güncelleme tamamlandığında çalışana ve ilgili birimlere (IT, muhasebe) bilgi verilir.'], 'self_service_uygun_mu': False}","['ad_soyad', 'eski_soyad', 'yeni_kimlik_belgesi']","Yeni kimlik belgenizi paylaşabilir misiniz, hangi sistemlerde güncelleme yapmamızı istersiniz?"
T-3422,"Acilen Satin Alma icni dosya, zimba teli ve post-it talep ediyoruz.",Hizmet Talebi (Service Request),İdari İşler,Satınalma/Malzeme,Kırtasiye Malzeme Talebi,Orta,"{'cozum_basligi': 'Kırtasiye malzeme temini', 'adimlar': ['Adım 1: Talep departman yöneticisi onayına iletilir.', 'Adım 2: Depo stoğundan malzemeler hazırlanır.', 'Adım 3: Malzemeler belirtilen teslimat lokasyonuna gönderilir.'], 'self_service_uygun_mu': False}","['malzeme_listesi_miktar', 'departman', 'teslimat_lokasyonu']","Hangi malzemelerden ne miktarda ihtiyacınız var, liste hâlinde belirtebilir misiniz?"
T-3423,Cem Kurt - yöneticim departman değiştirdi ama sistemde hâlâ eski yöneticim onaycı olarak görünüyor.,Hizmet Talebi (Service Request),Finans,Masraf & Ödeme,Onay Akışında Yönetici Görünmüyor Sorunu,Düşük,"{'cozum_basligi': 'Onay akışı yönetici ataması düzeltme süreci', 'adimlar': ['Adım 1: Organizasyon şemasında çalışanın tanımlı yöneticisi sistemden kontrol edilir.', 'Adım 2: Yönetici ayrılmış/değişmiş ise onay akışı güncel yöneticiye yeniden atanır.', 'Adım 3: Bekleyen tüm formlar yeni onay akışına manuel olarak yönlendirilir.'], 'self_service_uygun_mu': False}","['ad_soyad', 'form_no', 'eski_yonetici', 'yeni_yonetici']",Onay akışında hangi form takılı kaldı ve eski yöneticiniz mi hâlâ sistemde görünüyor?
T-3424,"Murat Kara - doğum iznim bitiyor yakında, yarı zamanlı çalışma hakkımı öğrenebilir miyim?",Hizmet Talebi (Service Request),İnsan Kaynakları,İzin Yönetimi,Doğum/Analık İzni Talebi,Orta,"{'cozum_basligi': 'Doğum/analık izni tanımlama süreci', 'adimlar': ['Adım 1: Doktor raporu ve tahmini/gerçek doğum tarihi talep edilir.', 'Adım 2: Yasal doğum öncesi 8 hafta - doğum sonrası 8 hafta izin süresi hesaplanır.', ""Adım 3: İzin süresi SGK'ya bildirilir ve bordro/İK sisteminde işlenir.""], 'self_service_uygun_mu': False}","['ad_soyad', 'tahmini_dogum_tarihi', 'doktor_raporu']","Tahmini doğum tarihiniz nedir, doktor raporunuzu paylaşabilir misiniz?"
T-3425,"Kadıköy ofis yazıcısının toneri neredeyse bitti, yedek talep ediyoru.",Hizmet Talebi (Service Request),İdari İşler,Ofis Ekipmanı,Toner/Kartuş Talebi,Düşük,"{'cozum_basligi': 'Toner/kartuş temin süreci', 'adimlar': ['Adım 1: Depo stok durumu kontrol edilir.', 'Adım 2: Uygun toner/kartuş belirtilen yazıcı lokasyonuna teslim edilir.', 'Adım 3: Stokta bulunmuyorsa satınalma süreci tetiklenir ve tahmini teslim süresi bildirilir.'], 'self_service_uygun_mu': False}","['yazici_lokasyon', 'yazici_marka_model', 'toner_kartus_kodu']","Yazıcının marka ve modeli nedir, doğru toner kodunu belirleyebilmemiz için gerekli?"
T-3426,"ERP modulu lisansim bitmis, yenilenmesi geerekiyor.",Hizmet Talebi (Service Request),Bilgi Teknolojileri,Yazılım,Yazılım Lisans/Kurulum Talebi,Orta,"{'cozum_basligi': 'Yazılım lisans/kurulum süreci', 'adimlar': ['Adım 1: Talep, lisans uygunluğu ve yönetici onayı için değerlendirilir.', 'Adım 2: Lisans anahtarı temin edilir veya mevcut lisans havuzundan atama yapılır.', 'Adım 3: Kurulum IT ekibi tarafından uzaktan veya yerinde gerçekleştirilir.'], 'self_service_uygun_mu': False}","['yazilim_adi', 'kullanici_adi', 'onay_bilgisi']",Hangi yazılımın lisansına/kurulumuna ihtiyacınız var ve bu talep yöneticiniz tarafından onaylandı mı?
T-3427,Rica etsem acil Bilgisayarım açilmiyor acil yardım lazim Levent plaza 12. kat,Arıza (Incident),Bilgi Teknolojileri,Donanım,Bilgisayar Arıza/Onarım,Yüksek,"{'cozum_basligi': 'Bilgisayar donanım arızası ilk müdahale', 'adimlar': ['Adım 1: Cihaz kapatılıp yeniden başlatılır, güç kablosu ve bağlantılar kontrol edilir.', 'Adım 2: Uzaktan tanı aracıyla donanım sağlık testi çalıştırılır.', 'Adım 3: Sorun devam ederse yerinde teknik destek için ticket açılır ve teknisyen yönlendirilir.'], 'self_service_uygun_mu': True}","['cihaz_seri_no', 'kullanici_adi', 'ofis_lokasyon', 'ariza_baslangic_zamani']","Cihazınız hiç açılmıyor mu yoksa açılıp kapanıyor mu, ayrıca cihazın seri numarasını paylaşabilir misiniz?"
T-3428,"Rica etsem acil Doğum yaptım, süt iznimi nasıl kullanabilirim çalışma saatlermie nasıl yansır? Gerçekten çok sıkıntı oluyor, bir an önce ilgilenirseniz sevinirim.",Hizmet Talebi (Service Request),İnsan Kaynakları,İzin Yönetimi,Süt İzni Talebi,Yüksek,"{'cozum_basligi': 'Süt izni düzenleme süreci', 'adimlar': ['Adım 1: Doğum tarihi teyit edilerek yasal süt izni hakkı (ilk 6 ay günde 1,5 saat) hesaplanır.', 'Adım 2: Çalışma saatlerine nasıl entegre edileceği (sabah/akşam/tek seferde) belirlenir.', 'Adım 3: Yönetici bilgilendirilir ve süt izni takvime/çalışma planına işlenir.'], 'self_service_uygun_mu': False}","['ad_soyad', 'dogum_tarihi', 'tercih_edilen_saat']","Süt izninizi günün hangi saatinde kullanmak istersiniz, sabah mı akşam mı?"
T-3429,Fatura odemesi ne zaman yapilacak vadesi getci sanirim,Hizmet Talebi (Service Request),Finans,Masraf & Ödeme,Fatura Ödeme Takibi,Orta,"{'cozum_basligi': 'Fatura ödeme durumu takibi', 'adimlar': ['Adım 1: Fatura numarası ile muhasebe/ERP sisteminde ödeme kaydı sorgulanır.', 'Adım 2: Ödeme planlanan tarih ve onay durumu kontrol edilir.', 'Adım 3: Gecikme varsa ödeme sorumlusuna hatırlatma yapılır ve tedarikçiye bilgi verilir.'], 'self_service_uygun_mu': True}","['fatura_no', 'tedarikci_adi', 'tutar']","Faturanın vade tarihi geçti mi, ne kadar süredir bekliyor?"
T-3430,"Yusuf Çetin - soyadım resmi olarak değişti, bordro ve mail imzamda da güncellenmesi lazım.",Hizmet Talebi (Service Request),İnsan Kaynakları,Bordro & Özlük,Soyadı Değişikliği,Orta,"{'cozum_basligi': 'Soyadı değişikliği kayıt güncelleme süreci', 'adimlar': ['Adım 1: Nüfus cüzdanı/kimlik belgesinin güncel hali çalışandan talep edilir.', 'Adım 2: İK sistemi, bordro sistemi ve e-posta imzası gibi tüm kayıtlarda soyadı güncellenir.', 'Adım 3: Güncelleme tamamlandığında çalışana ve ilgili birimlere (IT, muhasebe) bilgi verilir.'], 'self_service_uygun_mu': False}","['ad_soyad', 'eski_soyad', 'yeni_kimlik_belgesi']","Yeni kimlik belgenizi paylaşabilir misiniz, hangi sistemlerde güncelleme yapmamızı istersiniz?"
T-3431,"Rica etsem acil Servisim saatinde gelmiyor son 1 haftadir surekli gec kaliyor İşlerim çok aksıyor, acil çözüm bekliyorum.",Hizmet Talebi (Service Request),İdari İşler,Güvenlik & Ulaşım,Servis Güzergah Talebi,Orta,"{'cozum_basligi': 'Personel servis güzergahı düzenleme', 'adimlar': ['Adım 1: Talep edilen adres mevcut güzergahlara uygunluk açısından incelenir.', 'Adım 2: Ulaşım/idari işler ekibi güzergah planlamasını günceller.', 'Adım 3: Yeni güzergah bilgisi çalışana ve servis şoförüne iletilir.'], 'self_service_uygun_mu': False}","['ev_adresi', 'mevcut_hat_no', 'talep_turu']",Mevcut servis güzergahınızda mı değişiklik istiyorsunuz yoksa yeni bir durak mı ekleniyor?
T-3432,"Yazıcı kağıdı bitti, birkaç paket A4 kağıt rica ederim 2. kat toplantı koridoru.",Hizmet Talebi (Service Request),İdari İşler,Satınalma/Malzeme,Kırtasiye Malzeme Talebi,Düşük,"{'cozum_basligi': 'Kırtasiye malzeme temini', 'adimlar': ['Adım 1: Talep departman yöneticisi onayına iletilir.', 'Adım 2: Depo stoğundan malzemeler hazırlanır.', 'Adım 3: Malzemeler belirtilen teslimat lokasyonuna gönderilir.'], 'self_service_uygun_mu': False}","['malzeme_listesi_miktar', 'departman', 'teslimat_lokasyonu']","Hangi malzemelerden ne miktarda ihtiyacınız var, liste hâlinde belirtebilir misiniz?"
T-3433,"Mehmet Çetin - maas bordrosu ve calisma belgesi ihtiyacim var, ev kirasi icin isteniyor.",Hizmet Talebi (Service Request),İnsan Kaynakları,Bordro & Özlük,Özlük/Çalışma Belgesi Talebi,Orta,"{'cozum_basligi': 'Özlük/çalışma belgesi düzenleme', 'adimlar': ['Adım 1: Talep edilen belge türü ve kullanım amacı teyit edilir.', 'Adım 2: İK sistemi üzerinden güncel çalışan bilgileriyle belge hazırlanır.', 'Adım 3: Belge imzalandıktan sonra çalışana e-posta veya elden teslim edilir.'], 'self_service_uygun_mu': True}","['ad_soyad', 'sicil_no', 'belge_turu', 'kullanim_amaci']","Hangi belgeye ihtiyacınız var (çalışma belgesi, hizmet dökümü vb.) ve hangi amaçla kullanılacak?"
T-3434,Lütfen acil Yurtdisi harcamamda kur farki var odenen tutar dusuk geldi,Arıza (Incident),Finans,Masraf & Ödeme,Döviz Kuru Farkı/Uyumsuzluğu,Düşük,"{'cozum_basligi': 'Döviz kuru farkı/uyumsuzluğu inceleme süreci', 'adimlar': ['Adım 1: Harcama tarihindeki resmi TCMB kuru ile sistemde kullanılan kur karşılaştırılır.', 'Adım 2: Fark tespit edilirse hangi kur kaynağının kullanıldığı muhasebe ile teyit edilir.', 'Adım 3: Hatalı hesaplama varsa düzeltme kaydı oluşturulur ve fark tazmin edilir.'], 'self_service_uygun_mu': False}","['ad_soyad', 'harcama_tarihi', 'doviz_tutar', 'kullanilan_kur']","Harcamanızın tarihini ve hangi döviz cinsinden olduğunu paylaşabilir misiniz, hangi kur baz alınmış görüyorsunuz?"
T-3435,"Tolga Şimsek - kumulatif vergi matrahila ilgili itirazim var, gecen yilki hesaplamayla tutarsiz gorunuyor.",Bilgi Talebi (Information),İnsan Kaynakları,Bordro & Özlük,Bordro Vergi Matrahı İtirazı,Yüksek,"{'cozum_basligi': 'Bordro vergi matrahı itiraz inceleme süreci', 'adimlar': ['Adım 1: İtiraz edilen dönemin vergi matrahı ve dilim hesaplaması bordro ekibi tarafından yeniden kontrol edilir.', 'Adım 2: Kümülatif matrah hesaplamasında hata olup olmadığı muhasebe ile teyit edilir.', 'Adım 3: Hata tespit edilirse düzeltme bir sonraki bordro döneminde uygulanır ve çalışana açıklama yapılır.'], 'self_service_uygun_mu': False}","['ad_soyad', 'donem', 'itiraz_detayi']","Vergi diliminin değiştiğini mi düşünüyorsunuz, yoksa kümülatif matrah hesaplamasında bir hata mı görüyorsunuz?"
T-3436,"11.103 TL tutarındaki fatura hâlâ ödenmemiş görünüyor, Ege Temizlik Hizmetleri.",Bilgi Talebi (Information),Finans,Masraf & Ödeme,Fatura Ödeme Takibi,Orta,"{'cozum_basligi': 'Fatura ödeme durumu takibi', 'adimlar': ['Adım 1: Fatura numarası ile muhasebe/ERP sisteminde ödeme kaydı sorgulanır.', 'Adım 2: Ödeme planlanan tarih ve onay durumu kontrol edilir.', 'Adım 3: Gecikme varsa ödeme sorumlusuna hatırlatma yapılır ve tedarikçiye bilgi verilir.'], 'self_service_uygun_mu': True}","['fatura_no', 'vade_tarihi']",Fatura numarasını ve tedarikçi firma adını paylaşabilir misiniz?
T-3437,"Çok acil, Coklu para birimi faturasi girerken sistem hata veriyor",Arıza (Incident),Finans,Masraf & Ödeme,Çoklu Para Birimli Fatura Girişi,Orta,"{'cozum_basligi': 'Çoklu para birimli fatura giriş desteği', 'adimlar': ['Adım 1: Faturanın orijinal para birimi ve tutarı doğrulanır.', 'Adım 2: ERP sisteminde ilgili para birimi tanımlı değilse muhasebe sistem ekibi tanımlama yapar.', 'Adım 3: Fatura, güncel kur ile TL karşılığı hesaplanarak sisteme işlenir.'], 'self_service_uygun_mu': False}","['fatura_no', 'tedarikci_adi', 'para_birimi', 'tutar']",Faturanın para birimi nedir (USD/EUR/GBP) ve sistemde bu para birimiyle giriş yapabiliyor musunuz?
T-3438,"Acilen Elektrikli yükseklik ayarlı masam artık yukarı kalkmıyor, düğmeye basınca ses geliyor ama hareket etmiyor.",Arıza (Incident),İdari İşler,Bina/Tesis Bakım,Ofis Mobilya Arızası (Ergonomik Masa/Koltuk),Orta,"{'cozum_basligi': 'Ergonomik mobilya arıza/bakım süreci', 'adimlar': ['Adım 1: Arızanın türü (mekanizma, yükseklik ayarı, tekerlek vb.) tespit edilir.', 'Adım 2: Bina bakım ekibi basit onarımı yerinde dener.', 'Adım 3: Onarılamıyorsa parça değişimi veya mobilya değişimi için satınalma sürecine yönlendirilir.'], 'self_service_uygun_mu': False}","['mobilya_turu', 'ofis_lokasyon', 'ariza_tanimi']","Koltuğunuzda mı yoksa masanızda mı sorun var, tam olarak ne arızalandı?"
T-3439,Lütfen acil Fiş fotoğraflarını yükledim ama form bir türlü finansa düşmüyor sistemde. Teşekkür ederim şimdiden.,Hizmet Talebi (Service Request),Finans,Masraf & Ödeme,Masraf/Harcama Formu Onayı,Düşük,"{'cozum_basligi': 'Masraf/harcama formu onay süreci takibi', 'adimlar': ['Adım 1: Formun onay akışındaki mevcut adımı (yönetici/finans) sistemden kontrol edilir.', 'Adım 2: Bekleyen onaycıya hatırlatma bildirimi gönderilir.', 'Adım 3: Onay gecikmesi devam ederse finans ekibi manuel müdahale için ticket açar.'], 'self_service_uygun_mu': True}","['form_no', 'tutar', 'onay_bekleyen_kisi']",Formun numarasını veya harcama tutarını paylaşabilir misiniz?
T-3440,"Lütfen acil Bodrum kat arşiv'daki koltuğum çok yıpranmış, sırt desteği tamamen çökmüş, bel ağrım oluyor artık. Gerçekten çok sıkıntı oluyor, bir an önce ilgilenirseniz sevinirim.",Hizmet Talebi (Service Request),İdari İşler,Bina/Tesis Bakım,Ofis Mobilya Arızası (Ergonomik Masa/Koltuk),Düşük,"{'cozum_basligi': 'Ergonomik mobilya arıza/bakım süreci', 'adimlar': ['Adım 1: Arızanın türü (mekanizma, yükseklik ayarı, tekerlek vb.) tespit edilir.', 'Adım 2: Bina bakım ekibi basit onarımı yerinde dener.', 'Adım 3: Onarılamıyorsa parça değişimi veya mobilya değişimi için satınalma sürecine yönlendirilir.'], 'self_service_uygun_mu': False}","['mobilya_turu', 'ofis_lokasyon', 'ariza_tanimi']","Koltuğunuzda mı yoksa masanızda mı sorun var, tam olarak ne arızalandı?"
T-3441,"Çok acil, Veritabani baglantisi kopuyor rapor alamiyorum surekli hata",Arıza (Incident),Bilgi Teknolojileri,Sunucu/Sistem,Veritabanı Erişim Hatası,Orta,"{'cozum_basligi': 'Veritabanı erişim hatası çözümü', 'adimlar': ['Adım 1: Kullanıcının veritabanı bağlantı ayarları ve yetkileri kontrol edilir.', 'Adım 2: Veritabanı servisinin çalışır durumda olup olmadığı sistem ekibince doğrulanır.', 'Adım 3: Yetki/bağlantı sorunu devam ediyorsa veritabanı yöneticisine (DBA) ticket yönlendirilir.'], 'self_service_uygun_mu': False}","['veritabani_adi', 'hata_mesaji', 'kullanici_adi']",Bu hata sadece sizde mi oluşuyor yoksa tüm ekipte mi?
T-3442,"Lütfen acil Muhasebe klasörüne erişim yetkim yok, projemde ihtiyacım var. İşlerim çok aksıyor, acil çözüm bekliyorum.",Hizmet Talebi (Service Request),Bilgi Teknolojileri,Güvenlik ve Erişim,Sistem/Klasör Yetki Talebi,Orta,"{'cozum_basligi': 'Sistem/klasör yetki tanımlama süreci', 'adimlar': ['Adım 1: Talep, ilgili departman yöneticisinin onayına gönderilir.', 'Adım 2: Onay sonrası erişim, en az yetki prensibiyle tanımlanır.', 'Adım 3: Yetki tanımlandıktan sonra kullanıcıya bilgilendirme yapılır ve ticket kapatılır.'], 'self_service_uygun_mu': False}","['kullanici_adi', 'klasor_sistem_adi', 'yonetici_onayi']",Hangi klasöre veya sisteme erişim yetkisi talep ediyorsunuz ve yöneticinizin onayı var mı?
T-3443,"Çok acil, Mavi Lojistik Ltd. IBAN'ını değiştirmiş, mutabakat yapmadan ödeme geçmeyelim. Gerçekten çok sıkıntı oluyor, bir an önce ilgilenirseniz sevinirim.",Bilgi Talebi (Information),Finans,Masraf & Ödeme,Tedarikçi IBAN/Vade Mutabakatı,Düşük,"{'cozum_basligi': 'Tedarikçi IBAN/vade mutabakat süreci', 'adimlar': ['Adım 1: Tedarikçinin sistemde kayıtlı IBAN ve vade koşulları kontrol edilir.', 'Adım 2: Tedarikçiden güncel IBAN/vade bilgisini teyit eden resmi yazı istenir.', 'Adım 3: Bilgiler güncellendikten sonra mutabakat formu karşılıklı imzalanarak kapatılır.'], 'self_service_uygun_mu': False}","['tedarikci_adi', 'mevcut_iban', 'yeni_iban_bilgisi']",Tedarikçinin IBAN bilgisi mi değişti yoksa vade koşullarında bir anlaşmazlık mı var?
T-3444,Fatma Şimşek - yurtdışı proje nedeniyle kart limitimin geçici oalrak artırılmasını rica ederim.,Hizmet Talebi (Service Request),Finans,Masraf & Ödeme,Kurumsal Kredi Kartı Limit Artırımı,Orta,"{'cozum_basligi': 'Kurumsal kredi kartı limit artırım süreci', 'adimlar': ['Adım 1: Mevcut limit, kullanım geçmişi ve talep gerekçesi kaydedilir.', 'Adım 2: Yönetici ve finans müdürü onayına gönderilir.', 'Adım 3: Onay sonrası banka ile limit artırım talebi iletilir ve süreç takip edilir.'], 'self_service_uygun_mu': False}","['ad_soyad', 'mevcut_limit', 'talep_edilen_limit', 'gerekce']","Mevcut kart limitiniz nedir ve ne kadar artış talep ediyorsunuz, gerekçeniz nedir?"
T-3445,Evlilik iznimi ne zaman kullanabilirim dugunden once mi sonra mi,Hizmet Talebi (Service Request),İnsan Kaynakları,İzin Yönetimi,Evlilik İzni Talebi,Düşük,"{'cozum_basligi': 'Evlilik izni tanımlama süreci', 'adimlar': ['Adım 1: Evlilik tarihi ve evlilik cüzdanı bilgisi talep edilir.', 'Adım 2: İş kanunu kapsamındaki 3 günlük evlilik izni sisteme tanımlanır.', 'Adım 3: Yönetici onayı sonrası izin takvime işlenir.'], 'self_service_uygun_mu': False}","['ad_soyad', 'evlilik_tarihi', 'izin_baslangic_tarihi']",Evlilik tarihiniz nedir ve izninizi ne zaman kullanmak istiyorsunuz?
T-3446,"Lütfen acil Yurtdışı seyahtaim için avans almam gerekiyor, ne kadar süre alır onay?",Hizmet Talebi (Service Request),Finans,Masraf & Ödeme,Avans Talebi,Orta,"{'cozum_basligi': 'Avans talebi işleme süreci', 'adimlar': ['Adım 1: Avans talebi tutarı ve gerekçesi (seyahat/proje) kaydedilir.', 'Adım 2: Yönetici ve finans onayına gönderilir.', 'Adım 3: Onay sonrası avans, belirtilen banka hesabına aktarılır.'], 'self_service_uygun_mu': False}","['ad_soyad', 'tutar', 'gerekce', 'seyahat_tarihi']",Avans hangi seyahat/proje için ve ne kadar tutar için gerekiyor?
T-3447,9.261 TL avans talep ediyorum 23 Kasım seyahati için.,Hizmet Talebi (Service Request),Finans,Masraf & Ödeme,Avans Talebi,Düşük,"{'cozum_basligi': 'Avans talebi işleme süreci', 'adimlar': ['Adım 1: Avans talebi tutarı ve gerekçesi (seyahat/proje) kaydedilir.', 'Adım 2: Yönetici ve finans onayına gönderilir.', 'Adım 3: Onay sonrası avans, belirtilen banka hesabına aktarılır.'], 'self_service_uygun_mu': False}","['ad_soyad', 'tutar', 'gerekce', 'seyahat_tarihi']",Avans hangi seyahat/proje için ve ne kadar tutar için gerekiyor?
T-3448,"25 Temmuz sabahindan beri internet kesik kesik calisiyor, toplantilara giremiyorum.",Arıza (Incident),Bilgi Teknolojileri,Ağ/Network,İnternet Bağlantı Sorunu,Kritik,"{'cozum_basligi': 'İnternet bağlantı arızası ilk müdahale', 'adimlar': ['Adım 1: Modem/router yeniden başlatılır, kablo bağlantıları kontrol edilir.', 'Adım 2: Farklı bir cihaz veya prizden bağlantı test edilir.', 'Adım 3: Sorun devam ederse altyapı ekibine ticket açılır ve etkilenen kişi sayısı raporlanır.'], 'self_service_uygun_mu': True}","['ofis_lokasyon', 'internet_saglayici_bilgisi']","İnternet hiç mi yok yoksa çok mu yavaş, ayrıca sadece siz mi etkileniyorsunuz yoksa tüm kat mı?"
T-3449,"Syahat sirasinda fisimi kaybettim, harcamami nasil beyan edebilirim?",Hizmet Talebi (Service Request),Finans,Masraf & Ödeme,Harcama Fişi Kayıp Beyanı,Düşük,"{'cozum_basligi': 'Kayıp harcama fişi beyan ve alternatif belge süreci', 'adimlar': ['Adım 1: Kayıp fiş beyan formu doldurulur, harcama tutarı ve tarihi beyan edilir.', 'Adım 2: Mümkünse kredi kartı ekstresi/dekont gibi alternatif kanıt belgesi talep edilir.', 'Adım 3: Finans ekibi beyanı değerlendirip onaylarsa masraf formu istisnai olarak işleme alınır.'], 'self_service_uygun_mu': False}","['ad_soyad', 'harcama_tutari', 'harcama_tarihi', 'kayip_beyani_gerekcesi']",Fişi kaybettiğinize göre elinizde kredi kartı ekstresi gibi tutarı doğrulayacak başka bir belge var mı?
T-3450,"Lütfen acil Dokunmatik ekranım artık dokunuşlara tepki vermiyor, 8 Mayıs'den beri böyle. Bu konuda epeydir mağdurum, lütfen hızlı dönüş yapar mısınız?",Arıza (Incident),Bilgi Teknolojileri,Donanım,Monitör/Çevre Birimi Arızası,Düşük,"{'cozum_basligi': 'Monitör/çevre birimi arıza tespiti', 'adimlar': ['Adım 1: Kablo bağlantıları (HDMI/VGA/güç) ve monitör güç düğmesi kontrol edilir.', 'Adım 2: Farklı bir kablo veya port ile test yapılır.', 'Adım 3: Arıza devam ediyorsa cihaz değişimi için IT saha ekibine ticket açılır.'], 'self_service_uygun_mu': True}","['cihaz_turu', 'kullanici_adi', 'ofis_lokasyon']",Ekranda hiç görüntü mü yok yoksa titreme/renk bozukluğu mu var?
T-3451,Acilen Raporlama ekranı 'veritabanına bağlanılamıyor' hatası veriyor.,Arıza (Incident),Bilgi Teknolojileri,Sunucu/Sistem,Veritabanı Erişim Hatası,Orta,"{'cozum_basligi': 'Veritabanı erişim hatası çözümü', 'adimlar': ['Adım 1: Kullanıcının veritabanı bağlantı ayarları ve yetkileri kontrol edilir.', 'Adım 2: Veritabanı servisinin çalışır durumda olup olmadığı sistem ekibince doğrulanır.', 'Adım 3: Yetki/bağlantı sorunu devam ediyorsa veritabanı yöneticisine (DBA) ticket yönlendirilir.'], 'self_service_uygun_mu': False}","['veritabani_adi', 'hata_mesaji', 'kullanici_adi']",Hangi uygulama/veritabanına erişmeye çalışıyorsunuz ve tam hata mesajı nedir?
T-3452,Internetim koopuyor surekli video konferans yaparken cok rahatsiz edici,Arıza (Incident),Bilgi Teknolojileri,Ağ/Network,İnternet Bağlantı Sorunu,Orta,"{'cozum_basligi': 'İnternet bağlantı arızası ilk müdahale', 'adimlar': ['Adım 1: Modem/router yeniden başlatılır, kablo bağlantıları kontrol edilir.', 'Adım 2: Farklı bir cihaz veya prizden bağlantı test edilir.', 'Adım 3: Sorun devam ederse altyapı ekibine ticket açılır ve etkilenen kişi sayısı raporlanır.'], 'self_service_uygun_mu': True}","['ofis_lokasyon', 'internet_saglayici_bilgisi']","İnternet hiç mi yok yoksa çok mu yavaş, ayrıca sadece siz mi etkileniyorsunuz yoksa tüm kat mı?"
T-3453,"Yöneticim onayladı, muhasebe programı lisansımın aktifleştirilmesini rica ederim.",Hizmet Talebi (Service Request),Bilgi Teknolojileri,Yazılım,Yazılım Lisans/Kurulum Talebi,Düşük,"{'cozum_basligi': 'Yazılım lisans/kurulum süreci', 'adimlar': ['Adım 1: Talep, lisans uygunluğu ve yönetici onayı için değerlendirilir.', 'Adım 2: Lisans anahtarı temin edilir veya mevcut lisans havuzundan atama yapılır.', 'Adım 3: Kurulum IT ekibi tarafından uzaktan veya yerinde gerçekleştirilir.'], 'self_service_uygun_mu': False}","['yazilim_adi', 'departman', 'lisans_suresi']",Hangi yazılımın lisansına/kurulumuna ihtiyacınız var ve bu talep yöneticiniz tarafından onaylandı mı?
T-3454,Yeni gelen arkadas icin maas sandalye lazim,Hizmet Talebi (Service Request),İdari İşler,Satınalma/Malzeme,Ofis Mobilya Değişimi,Düşük,"{'cozum_basligi': 'Ofis mobilyası değişim süreci', 'adimlar': ['Adım 1: Mevcut mobilyanın durumu değerlendirilir ve değişim gerekçesi kaydedilir.', 'Adım 2: Bütçe/onay süreci tamamlandıktan sonra satınalma talebi açılır.', 'Adım 3: Yeni mobilya teslim alınıp kurulumu yapılır, eski mobilya değişim için alınır.'], 'self_service_uygun_mu': False}","['mobilya_turu', 'ofis_lokasyon', 'degisim_gerekcesi']",Hangi mobilyanın değişmesini istiyorsunuz ve mevcut olanın sorunu nedir?
T-3455,CRM üzerinden müşteri kaydı çekerken sistem timeout hatası veriyor.,Arıza (Incident),Bilgi Teknolojileri,Sunucu/Sistem,Veritabanı Erişim Hatası,Kritik,"{'cozum_basligi': 'Veritabanı erişim hatası çözümü', 'adimlar': ['Adım 1: Kullanıcının veritabanı bağlantı ayarları ve yetkileri kontrol edilir.', 'Adım 2: Veritabanı servisinin çalışır durumda olup olmadığı sistem ekibince doğrulanır.', 'Adım 3: Yetki/bağlantı sorunu devam ediyorsa veritabanı yöneticisine (DBA) ticket yönlendirilir.'], 'self_service_uygun_mu': False}","['uygulama_adi', 'hata_kodu', 'erisim_zamani']",Hangi uygulama/veritabanına erişmeye çalışıyorsunuz ve tam hata mesajı nedir?
T-3456,Yemek fisini kaybettim ama kredi karti ekstresi var elimmde,Hizmet Talebi (Service Request),Finans,Masraf & Ödeme,Harcama Fişi Kayıp Beyanı,Orta,"{'cozum_basligi': 'Kayıp harcama fişi beyan ve alternatif belge süreci', 'adimlar': ['Adım 1: Kayıp fiş beyan formu doldurulur, harcama tutarı ve tarihi beyan edilir.', 'Adım 2: Mümkünse kredi kartı ekstresi/dekont gibi alternatif kanıt belgesi talep edilir.', 'Adım 3: Finans ekibi beyanı değerlendirip onaylarsa masraf formu istisnai olarak işleme alınır.'], 'self_service_uygun_mu': False}","['ad_soyad', 'harcama_tutari', 'harcama_tarihi', 'kayip_beyani_gerekcesi']",Fişi kaybettiğinize göre elinizde kredi kartı ekstresi gibi tutarı doğrulayacak başka bir belge var mı?
T-3457,"Ekran paylaşımı sürekli kopuyor toplantı sırasında, çok can sıkıcı bir durum oldu.",Hizmet Talebi (Service Request),İdari İşler,Ofis Ekipmanı,Toplantı Odası Ekipman Arızası (ClickShare/Projeksiyon),Yüksek,"{'cozum_basligi': 'Toplantı odası ekran/görüntü aktarım arızası giderme', 'adimlar': ['Adım 1: ClickShare/HDMI kablosu ve cihazın güç bağlantısı kontrol edilir.', 'Adım 2: Ekran/projeksiyon cihazı yeniden başlatılır, giriş kaynağı kontrol edilir.', 'Adım 3: Sorun devam ederse toplantı öncesi acil teknik destek için ticket açılır.'], 'self_service_uygun_mu': True}","['oda_adi', 'ekipman_turu', 'toplanti_saati']",Hangi toplantı odasından bahsediyorsunuz ve toplantınız ne zaman başlıyor?
T-3458,"Çok acil, CRM sistemine yeni girs yetkisi verilmesi gerekiyor, yoneticim Serkan Şimsek onaylayabilir. Gerçekten çok sıkıntı oluyor, bir an önce ilgilenirseniz sevinirim.",Hizmet Talebi (Service Request),Bilgi Teknolojileri,Güvenlik ve Erişim,Sistem/Klasör Yetki Talebi,Orta,"{'cozum_basligi': 'Sistem/klasör yetki tanımlama süreci', 'adimlar': ['Adım 1: Talep, ilgili departman yöneticisinin onayına gönderilir.', 'Adım 2: Onay sonrası erişim, en az yetki prensibiyle tanımlanır.', 'Adım 3: Yetki tanımlandıktan sonra kullanıcıya bilgilendirme yapılır ve ticket kapatılır.'], 'self_service_uygun_mu': False}","['kullanici_adi', 'erisim_seviyesi', 'departman']",Hangi klasöre veya sisteme erişim yetkisi talep ediyorsunuz ve yöneticinizin onayı var mı?
T-3459,Tedarikçi firmadan gelecek kişi için otopark yer ayrılabilir mi 16 Kasım?,Hizmet Talebi (Service Request),İdari İşler,Güvenlik & Ulaşım,Misafir Otopark İzni,Yüksek,"{'cozum_basligi': 'Misafir otopark giriş izni tanımlama', 'adimlar': ['Adım 1: Misafirin plaka bilgisi ve ziyaret tarihi/saati alınır.', 'Adım 2: Güvenlik birimine otopark giriş izni tanımlanır.', 'Adım 3: Misafir giriş yaptığında güvenlik plaka üzerinden yönlendirme yapar.'], 'self_service_uygun_mu': False}","['misafir_ad_soyad', 'plaka_no', 'ziyaret_tarihi_saati']",Misafirinizin plaka bilgisi ve ziyaret saati nedir?
T-3460,Rica etsem acil Kart limiti artirimi istiyorum proje harcamalari icin yetersiz kaliyor,Hizmet Talebi (Service Request),Finans,Masraf & Ödeme,Kurumsal Kredi Kartı Limit Artırımı,Orta,"{'cozum_basligi': 'Kurumsal kredi kartı limit artırım süreci', 'adimlar': ['Adım 1: Mevcut limit, kullanım geçmişi ve talep gerekçesi kaydedilir.', 'Adım 2: Yönetici ve finans müdürü onayına gönderilir.', 'Adım 3: Onay sonrası banka ile limit artırım talebi iletilir ve süreç takip edilir.'], 'self_service_uygun_mu': False}","['ad_soyad', 'mevcut_limit', 'talep_edilen_limit', 'gerekce']","Mevcut kart limitiniz nedir ve ne kadar artış talep ediyorsunuz, gerekçeniz nedir?"
T-3461,"Otel faturami kaybettim, otel tekrar gonderebilir mi yoksa beyan mi yapmam lazim?",Hizmet Talebi (Service Request),Finans,Masraf & Ödeme,Harcama Fişi Kayıp Beyanı,Orta,"{'cozum_basligi': 'Kayıp harcama fişi beyan ve alternatif belge süreci', 'adimlar': ['Adım 1: Kayıp fiş beyan formu doldurulur, harcama tutarı ve tarihi beyan edilir.', 'Adım 2: Mümkünse kredi kartı ekstresi/dekont gibi alternatif kanıt belgesi talep edilir.', 'Adım 3: Finans ekibi beyanı değerlendirip onaylarsa masraf formu istisnai olarak işleme alınır.'], 'self_service_uygun_mu': False}","['ad_soyad', 'harcama_tutari', 'harcama_tarihi', 'kayip_beyani_gerekcesi']",Fişi kaybettiğinize göre elinizde kredi kartı ekstresi gibi tutarı doğrulayacak başka bir belge var mı?
T-3462,Sifre sifirlama lazim Selin Çetin,Arıza (Incident),Bilgi Teknolojileri,Güvenlik ve Erişim,Şifre Sıfırlama,Orta,"{'cozum_basligi': 'Şifre sıfırlama işlemi', 'adimlar': ['Adım 1: Kimlik doğrulama (çalışan sicil no / kayıtlı e-posta) yapılır.', 'Adım 2: Self servis şifre sıfırlama portalı üzerinden geçici şifre oluşturulur.', 'Adım 3: Portal üzerinden çözülemiyorsa IT güvenlik ekibi manuel sıfırlama için ticket açar.'], 'self_service_uygun_mu': True}","['kullanici_adi', 'sicil_no', 'sistem_adi']","Hangi sistemin şifresini sıfırlamamız gerekiyor: e-posta, bilgisayar girişi yoksa başka bir uygulama mı?"
T-3463,"Zeynep Aslan - taksi fişim rüzgarla uçtu, kayıp beyan formunu doldurmam yeterli mi?",Hizmet Talebi (Service Request),Finans,Masraf & Ödeme,Harcama Fişi Kayıp Beyanı,Düşük,"{'cozum_basligi': 'Kayıp harcama fişi beyan ve alternatif belge süreci', 'adimlar': ['Adım 1: Kayıp fiş beyan formu doldurulur, harcama tutarı ve tarihi beyan edilir.', 'Adım 2: Mümkünse kredi kartı ekstresi/dekont gibi alternatif kanıt belgesi talep edilir.', 'Adım 3: Finans ekibi beyanı değerlendirip onaylarsa masraf formu istisnai olarak işleme alınır.'], 'self_service_uygun_mu': False}","['ad_soyad', 'harcama_tutari', 'harcama_tarihi', 'kayip_beyani_gerekcesi']",Fişi kaybettiğinize göre elinizde kredi kartı ekstresi gibi tutarı doğrulayacak başka bir belge var mı?
T-3464,Lütfen acil Ofis çok sıcak klima çalışmıyor Ankara ofisi Teşekkür ederim şimdiden.,Arıza (Incident),İdari İşler,Bina/Tesis Bakım,Klima/Isıtma Arızası,Orta,"{'cozum_basligi': 'Klima/ısıtma sistemi arıza giderme', 'adimlar': ['Adım 1: Termostat ayarları ve cihazın açık olup olmadığı kontrol edilir.', 'Adım 2: Bina teknik ekibi filtre/gaz durumunu yerinde kontrol eder.', 'Adım 3: Kalıcı arıza tespit edilirse bakım/onarım için dış servis çağrılır.'], 'self_service_uygun_mu': False}","['ofis_lokasyon', 'cihaz_konumu', 'sorun_tanimi']","Klima hiç çalışmıyor mu yoksa soğutmuyor/ısıtmıyor mu, hangi bölgedesiniz?"
T-3465,"Çok acil, Ekran paylaşımı sürekli kopuyor toplantı sırasında, çok can sıkıcı bir durum oldu. Bu konuda epeydir mağdurum, lütfen hızlı dönüş yapar mısınız?",Arıza (Incident),İdari İşler,Ofis Ekipmanı,Toplantı Odası Ekipman Arızası (ClickShare/Projeksiyon),Yüksek,"{'cozum_basligi': 'Toplantı odası ekran/görüntü aktarım arızası giderme', 'adimlar': ['Adım 1: ClickShare/HDMI kablosu ve cihazın güç bağlantısı kontrol edilir.', 'Adım 2: Ekran/projeksiyon cihazı yeniden başlatılır, giriş kaynağı kontrol edilir.', 'Adım 3: Sorun devam ederse toplantı öncesi acil teknik destek için ticket açılır.'], 'self_service_uygun_mu': True}","['oda_adi', 'hata_tanimi']",Hangi toplantı odasından bahsediyorsunuz ve toplantınız ne zaman başlıyor?
T-3466,Koltugum yukseklik ayari bozuldu sruekli asagi iniyor,Hizmet Talebi (Service Request),İdari İşler,Bina/Tesis Bakım,Ofis Mobilya Arızası (Ergonomik Masa/Koltuk),Yüksek,"{'cozum_basligi': 'Ergonomik mobilya arıza/bakım süreci', 'adimlar': ['Adım 1: Arızanın türü (mekanizma, yükseklik ayarı, tekerlek vb.) tespit edilir.', 'Adım 2: Bina bakım ekibi basit onarımı yerinde dener.', 'Adım 3: Onarılamıyorsa parça değişimi veya mobilya değişimi için satınalma sürecine yönlendirilir.'], 'self_service_uygun_mu': False}","['mobilya_turu', 'ofis_lokasyon', 'ariza_tanimi']","Koltuğunuzda mı yoksa masanızda mı sorun var, tam olarak ne arızalandı?"
T-3467,"Yazıcı kağıdı bitti, birkaç paket A4 kağıt rica ederim Üretim tesisi idari bina.",Hizmet Talebi (Service Request),İdari İşler,Satınalma/Malzeme,Kırtasiye Malzeme Talebi,Düşük,"{'cozum_basligi': 'Kırtasiye malzeme temini', 'adimlar': ['Adım 1: Talep departman yöneticisi onayına iletilir.', 'Adım 2: Depo stoğundan malzemeler hazırlanır.', 'Adım 3: Malzemeler belirtilen teslimat lokasyonuna gönderilir.'], 'self_service_uygun_mu': False}","['malzeme_listesi_miktar', 'departman', 'teslimat_lokasyonu']","Hangi malzemelerden ne miktarda ihtiyacınız var, liste hâlinde belirtebilir misiniz?"
T-3468,"Rica etsem acil Mehmet Koç - proje için 5.000 TL avansa ihtiyacım var, acil onay rica ederim.",Hizmet Talebi (Service Request),Finans,Masraf & Ödeme,Avans Talebi,Yüksek,"{'cozum_basligi': 'Avans talebi işleme süreci', 'adimlar': ['Adım 1: Avans talebi tutarı ve gerekçesi (seyahat/proje) kaydedilir.', 'Adım 2: Yönetici ve finans onayına gönderilir.', 'Adım 3: Onay sonrası avans, belirtilen banka hesabına aktarılır.'], 'self_service_uygun_mu': False}","['ad_soyad', 'tutar', 'gerekce', 'seyahat_tarihi']",Avans hangi seyahat/proje için ve ne kadar tutar için gerekiyor?
T-3469,"Rica etsem acil Fatih Öztürk - kümülatif vergi matrahımla ilgili itirazım var, geçen yılki hesaplamayla tutarsız görünüyor.",Arıza (Incident),İnsan Kaynakları,Bordro & Özlük,Bordro Vergi Matrahı İtirazı,Düşük,"{'cozum_basligi': 'Bordro vergi matrahı itiraz inceleme süreci', 'adimlar': ['Adım 1: İtiraz edilen dönemin vergi matrahı ve dilim hesaplaması bordro ekibi tarafından yeniden kontrol edilir.', 'Adım 2: Kümülatif matrah hesaplamasında hata olup olmadığı muhasebe ile teyit edilir.', 'Adım 3: Hata tespit edilirse düzeltme bir sonraki bordro döneminde uygulanır ve çalışana açıklama yapılır.'], 'self_service_uygun_mu': False}","['ad_soyad', 'donem', 'itiraz_detayi']","Vergi diliminin değiştiğini mi düşünüyorsunuz, yoksa kümülatif matrah hesaplamasında bir hata mı görüyorsunuz?"
T-3470,Acilen Toner bitti acil Levent plaza 12. kat Ne zaman çözülür acaba?,Hizmet Talebi (Service Request),İdari İşler,Ofis Ekipmanı,Toner/Kartuş Talebi,Düşük,"{'cozum_basligi': 'Toner/kartuş temin süreci', 'adimlar': ['Adım 1: Depo stok durumu kontrol edilir.', 'Adım 2: Uygun toner/kartuş belirtilen yazıcı lokasyonuna teslim edilir.', 'Adım 3: Stokta bulunmuyorsa satınalma süreci tetiklenir ve tahmini teslim süresi bildirilir.'], 'self_service_uygun_mu': False}","['yazici_lokasyon', 'yazici_marka_model', 'toner_kartus_kodu']","Yazıcının marka ve modeli nedir, doğru toner kodunu belirleyebilmemiz için gerekli?"
T-3471,"Gecen ay bordomda bir hata var sanirim, Emre.",Bilgi Talebi (Information),İnsan Kaynakları,Bordro & Özlük,Bordro/Maaş Bilgisi Talebi,Düşük,"{'cozum_basligi': 'Bordro/maaş bilgisi inceleme süreci', 'adimlar': ['Adım 1: Çalışanın ilgili ay bordrosu bordro sisteminden çekilip incelenir.', 'Adım 2: Kesinti/ek ödeme kalemleri tek tek karşılaştırılır ve hata olup olmadığı tespit edilir.', 'Adım 3: Hata tespit edilirse düzeltme için bordro/muhasebe ekibine ticket açılır.'], 'self_service_uygun_mu': False}","['ad_soyad', 'donem', 'itiraz_konusu']",Hangi ayın bordrosuyla ilgili ve tam olarak hangi kalemde hata olduğunu düşünüyorsunuz?
T-3472,"SGK için hizmet dökümü belgesi rica ederim. Gerçekten çok sıkıntı oluyor, bir an önce ilgilenirseniz sevinirim.",Hizmet Talebi (Service Request),İnsan Kaynakları,Bordro & Özlük,Özlük/Çalışma Belgesi Talebi,Orta,"{'cozum_basligi': 'Özlük/çalışma belgesi düzenleme', 'adimlar': ['Adım 1: Talep edilen belge türü ve kullanım amacı teyit edilir.', 'Adım 2: İK sistemi üzerinden güncel çalışan bilgileriyle belge hazırlanır.', 'Adım 3: Belge imzalandıktan sonra çalışana e-posta veya elden teslim edilir.'], 'self_service_uygun_mu': True}","['ad_soyad', 'sicil_no', 'belge_turu', 'kullanim_amaci']","Hangi belgeye ihtiyacınız var (çalışma belgesi, hizmet dökümü vb.) ve hangi amaçla kullanılacak?"
T-3473,"5. kat açık ofis'da misafir wifi ağına bağlanamıyorum, şifreyi doğru giriyorum.",Arıza (Incident),Bilgi Teknolojileri,Ağ/Network,Wi-Fi Bağlantı Sorunu,Yüksek,"{'cozum_basligi': 'Wi-Fi bağlantı sorunu çözümü', 'adimlar': ['Adım 1: Cihazın Wi-Fi ayarları kapatılıp açılır, ağa yeniden bağlanılır.', 'Adım 2: Şifre doğru girildi mi ve sinyal gücü yeterli mi kontrol edilir.', 'Adım 3: Sorun sürüyorsa erişim noktası (AP) kontrolü için ticket açılır.'], 'self_service_uygun_mu': True}","['ofis_lokasyon', 'wifi_ag_adi']","Wi-Fi ağı görünüyor mu ama bağlanamıyor musunuz, yoksa hiç görünmüyor mu?"
T-3474,Iznimi erteledim ama sistemde hala eski tarih görünüyor,Hizmet Talebi (Service Request),İnsan Kaynakları,İzin Yönetimi,İzin İptal/Değişiklik,Orta,"{'cozum_basligi': 'İzin iptal/değişiklik işlemi', 'adimlar': ['Adım 1: Mevcut izin kaydı sistemde bulunur ve doğrulanır.', 'Adım 2: İptal/değişiklik talebi yöneticinin onayına yeniden gönderilir.', 'Adım 3: Onay sonrası izin bakiyesi ve takvim güncellenir.'], 'self_service_uygun_mu': True}","['ad_soyad', 'mevcut_izin_tarihi', 'yeni_talep']",İzninizi tamamen iptal mi etmek istiyorsunuz yoksa tarihini mi değiştirmek istiyorsunuz?
T-3475,"Projeksiyon cihazı görüntü vermiyor, Zirve Salonu'dayız şu an.",Hizmet Talebi (Service Request),İdari İşler,Ofis Ekipmanı,Toplantı Odası Ekipman Arızası (ClickShare/Projeksiyon),Yüksek,"{'cozum_basligi': 'Toplantı odası ekran/görüntü aktarım arızası giderme', 'adimlar': ['Adım 1: ClickShare/HDMI kablosu ve cihazın güç bağlantısı kontrol edilir.', 'Adım 2: Ekran/projeksiyon cihazı yeniden başlatılır, giriş kaynağı kontrol edilir.', 'Adım 3: Sorun devam ederse toplantı öncesi acil teknik destek için ticket açılır.'], 'self_service_uygun_mu': True}","['oda_adi', 'hata_tanimi']",ClickShare mi yoksa HDMI/projeksiyon bağlantısında mı sorun yaşıyorsunuz?
T-3476,"Onr Aydın - seyahat masraf formum reddedildi ama sebep yazmıyor, öğrenebilir miyim?",Hizmet Talebi (Service Request),Finans,Masraf & Ödeme,Masraf/Harcama Formu Onayı,Orta,"{'cozum_basligi': 'Masraf/harcama formu onay süreci takibi', 'adimlar': ['Adım 1: Formun onay akışındaki mevcut adımı (yönetici/finans) sistemden kontrol edilir.', 'Adım 2: Bekleyen onaycıya hatırlatma bildirimi gönderilir.', 'Adım 3: Onay gecikmesi devam ederse finans ekibi manuel müdahale için ticket açar.'], 'self_service_uygun_mu': True}","['ad_soyad', 'harcama_tarihi', 'tutar']",Formun numarasını veya harcama tutarını paylaşabilir misiniz?
T-3477,"Bilgisayar açılırken mavi ekran hatası veryior, tekrar tekrar deniyorum olmuyor.",Arıza (Incident),Bilgi Teknolojileri,Donanım,Bilgisayar Arıza/Onarım,Yüksek,"{'cozum_basligi': 'Bilgisayar donanım arızası ilk müdahale', 'adimlar': ['Adım 1: Cihaz kapatılıp yeniden başlatılır, güç kablosu ve bağlantılar kontrol edilir.', 'Adım 2: Uzaktan tanı aracıyla donanım sağlık testi çalıştırılır.', 'Adım 3: Sorun devam ederse yerinde teknik destek için ticket açılır ve teknisyen yönlendirilir.'], 'self_service_uygun_mu': True}","['cihaz_seri_no', 'kullanici_adi', 'ofis_lokasyon', 'ariza_baslangic_zamani']",Sorun ne zaman başladı ve hangi lokasyondaki cihazdan bahsediyoruz?
T-3478,"Lütfen acil Isten cikis bildigresi lazim yeni ise baslarken istediler İşlerim çok aksıyor, acil çözüm bekliyorum.",Hizmet Talebi (Service Request),İnsan Kaynakları,Bordro & Özlük,SGK Giriş/Çıkış Evrakı Talebi,Orta,"{'cozum_basligi': 'SGK giriş/çıkış evrakı düzenleme', 'adimlar': ['Adım 1: Talep edilen belgenin türü (işe giriş bildirgesi/işten ayrılış bildirgesi) teyit edilir.', 'Adım 2: SGK e-Bildirge sisteminden ilgili belge sorgulanır ve çıktısı alınır.', 'Adım 3: Belge onaylanıp çalışana e-posta veya elden iletilir.'], 'self_service_uygun_mu': False}","['ad_soyad', 'sicil_no', 'belge_turu', 'kullanim_amaci']","İşe giriş bildirgesi mi yoksa işten ayrılış bildirgesi mi gerekiyor, hangi amaçla kullanılacak?"
T-3479,"3. kat yazıcısının toneri neredeyse bitti, yedek talep ediyorum.",Hizmet Talebi (Service Request),İdari İşler,Ofis Ekipmanı,Toner/Kartuş Talebi,Orta,"{'cozum_basligi': 'Toner/kartuş temin süreci', 'adimlar': ['Adım 1: Depo stok durumu kontrol edilir.', 'Adım 2: Uygun toner/kartuş belirtilen yazıcı lokasyonuna teslim edilir.', 'Adım 3: Stokta bulunmuyorsa satınalma süreci tetiklenir ve tahmini teslim süresi bildirilir.'], 'self_service_uygun_mu': False}","['yazici_lokasyon', 'yazici_marka_model', 'toner_kartus_kodu']","Yazıcının marka ve modeli nedir, doğru toner kodunu belirleyebilmemiz için gerekli?"
T-3480,Yeni stajyerimiz icin email ve sistem hesabi olusturulmasini rica ederim.,Hizmet Talebi (Service Request),Bilgi Teknolojileri,Güvenlik ve Erişim,Yeni Kullanıcı Hesabı,Orta,"{'cozum_basligi': 'Yeni kullanıcı hesabı açma süreci', 'adimlar': [""Adım 1: İK'dan işe giriş onayı ve pozisyon bilgisi teyit edilir."", 'Adım 2: Aktif Dizin üzerinde hesap oluşturulur ve gerekli grup üyelikleri tanımlanır.', 'Adım 3: E-posta ve sistem erişim bilgileri ilk giriş kılavuzuyla birlikte iletilir.'], 'self_service_uygun_mu': False}","['ad_soyad', 'departman', 'ise_baslama_tarihi', 'pozisyon']","Yeni çalışanın işe başlama tarihi ve departmanı nedir, hangi sistemlere erişimi olması gerekiyor?"
T-3481,Tedarikci vadde suresi konusunda itiraz ediyor 30 gun degil 60 gun diyor,Hizmet Talebi (Service Request),Finans,Masraf & Ödeme,Tedarikçi IBAN/Vade Mutabakatı,Yüksek,"{'cozum_basligi': 'Tedarikçi IBAN/vade mutabakat süreci', 'adimlar': ['Adım 1: Tedarikçinin sistemde kayıtlı IBAN ve vade koşulları kontrol edilir.', 'Adım 2: Tedarikçiden güncel IBAN/vade bilgisini teyit eden resmi yazı istenir.', 'Adım 3: Bilgiler güncellendikten sonra mutabakat formu karşılıklı imzalanarak kapatılır.'], 'self_service_uygun_mu': False}","['tedarikci_adi', 'mevcut_iban', 'yeni_iban_bilgisi']",Tedarikçinin IBAN bilgisi mi değişti yoksa vade koşullarında bir anlaşmazlık mı var?
T-3482,"Yıldız Aktaş - doğum iznim bitiyor yakında, yarı zamanlı çalışma hakkımı öğrenebilir miyim?",Hizmet Talebi (Service Request),İnsan Kaynakları,İzin Yönetimi,Doğum/Analık İzni Talebi,Yüksek,"{'cozum_basligi': 'Doğum/analık izni tanımlama süreci', 'adimlar': ['Adım 1: Doktor raporu ve tahmini/gerçek doğum tarihi talep edilir.', 'Adım 2: Yasal doğum öncesi 8 hafta - doğum sonrası 8 hafta izin süresi hesaplanır.', ""Adım 3: İzin süresi SGK'ya bildirilir ve bordro/İK sisteminde işlenir.""], 'self_service_uygun_mu': False}","['ad_soyad', 'tahmini_dogum_tarihi', 'doktor_raporu']","Tahmini doğum tarihiniz nedir, doktor raporunuzu paylaşabilir misiniz?"
T-3483,"Klia surekli su damlatiyor tavandan, yerler islaniyor. Bu konuda epeydir mağdurum, lütfen hızlı dönüş yapar mısınız?",Arıza (Incident),İdari İşler,Bina/Tesis Bakım,Klima/Isıtma Arızası,Orta,"{'cozum_basligi': 'Klima/ısıtma sistemi arıza giderme', 'adimlar': ['Adım 1: Termostat ayarları ve cihazın açık olup olmadığı kontrol edilir.', 'Adım 2: Bina teknik ekibi filtre/gaz durumunu yerinde kontrol eder.', 'Adım 3: Kalıcı arıza tespit edilirse bakım/onarım için dış servis çağrılır.'], 'self_service_uygun_mu': False}","['ofis_lokasyon', 'cihaz_konumu', 'sorun_tanimi']","Klima hiç çalışmıyor mu yoksa soğutmuyor/ısıtmıyor mu, hangi bölgedesiniz?"
T-3484,Misafir otopark izni lazim ogleden sonra gelecekler,Hizmet Talebi (Service Request),İdari İşler,Güvenlik & Ulaşım,Misafir Otopark İzni,Orta,"{'cozum_basligi': 'Misafir otopark giriş izni tanımlama', 'adimlar': ['Adım 1: Misafirin plaka bilgisi ve ziyaret tarihi/saati alınır.', 'Adım 2: Güvenlik birimine otopark giriş izni tanımlanır.', 'Adım 3: Misafir giriş yaptığında güvenlik plaka üzerinden yönlendirme yapar.'], 'self_service_uygun_mu': False}","['misafir_ad_soyad', 'plaka_no', 'ziyaret_tarihi_saati']",Misafirinizin plaka bilgisi ve ziyaret saati nedir?
T-3485,"9.497 TL tutarındaki fatura hâlâ ödenmemiş görünüyor, Kartal Matbaacılık.",Bilgi Talebi (Information),Finans,Masraf & Ödeme,Fatura Ödeme Takibi,Düşük,"{'cozum_basligi': 'Fatura ödeme durumu takibi', 'adimlar': ['Adım 1: Fatura numarası ile muhasebe/ERP sisteminde ödeme kaydı sorgulanır.', 'Adım 2: Ödeme planlanan tarih ve onay durumu kontrol edilir.', 'Adım 3: Gecikme varsa ödeme sorumlusuna hatırlatma yapılır ve tedarikçiye bilgi verilir.'], 'self_service_uygun_mu': True}","['fatura_no', 'tedarikci_adi', 'tutar']","Faturanın vade tarihi geçti mi, ne kadar süredir bekliyor?"
T-3486,"16 Ağustos tarihinedn beri VPN bağlantım hiç kurulmuyor, evden çalışamıyorum.",Arıza (Incident),Bilgi Teknolojileri,Ağ/Network,VPN Erişim Sorunu,Orta,"{'cozum_basligi': 'VPN bağlantı sorunu çözümü', 'adimlar': ['Adım 1: VPN istemcisi güncel mi kontrol edilir, kullanıcı adı/şifre doğrulanır.', 'Adım 2: İnternet bağlantısı ve güvenlik duvarı ayarları kontrol edilir, istemci yeniden başlatılır.', 'Adım 3: Erişim devam etmiyorsa VPN sertifikası/erişim yetkisi için ticket açılır.'], 'self_service_uygun_mu': True}","['kullanici_adi', 'baglanti_lokasyonu', 'vpn_istemci_versiyonu']",Evden mi yoksa başka bir lokasyondan mı bağlanmaya çalışıyorsunuz?
T-3487,Vergi dilimi degisti diye maasim dusut ama hesaplama yanlis gibi geldi bana,Arıza (Incident),İnsan Kaynakları,Bordro & Özlük,Bordro Vergi Matrahı İtirazı,Orta,"{'cozum_basligi': 'Bordro vergi matrahı itiraz inceleme süreci', 'adimlar': ['Adım 1: İtiraz edilen dönemin vergi matrahı ve dilim hesaplaması bordro ekibi tarafından yeniden kontrol edilir.', 'Adım 2: Kümülatif matrah hesaplamasında hata olup olmadığı muhasebe ile teyit edilir.', 'Adım 3: Hata tespit edilirse düzeltme bir sonraki bordro döneminde uygulanır ve çalışana açıklama yapılır.'], 'self_service_uygun_mu': False}","['ad_soyad', 'donem', 'itiraz_detayi']","Vergi diliminin değiştiğini mi düşünüyorsunuz, yoksa kümülatif matrah hesaplamasında bir hata mı görüyorsunuz?"
T-3488,"Barış Kurt - servis durağımın değiştirilmesini talep ediyorum, ev taşındı.",Hizmet Talebi (Service Request),İdari İşler,Güvenlik & Ulaşım,Servis Güzergah Talebi,Düşük,"{'cozum_basligi': 'Personel servis güzergahı düzenleme', 'adimlar': ['Adım 1: Talep edilen adres mevcut güzergahlara uygunluk açısından incelenir.', 'Adım 2: Ulaşım/idari işler ekibi güzergah planlamasını günceller.', 'Adım 3: Yeni güzergah bilgisi çalışana ve servis şoförüne iletilir.'], 'self_service_uygun_mu': False}","['ev_adresi', 'mevcut_hat_no', 'talep_turu']",Mevcut servis güzergahınızda mı değişiklik istiyorsunuz yoksa yeni bir durak mı ekleniyor?
T-3489,Acilen Paylasimli klasore erisemiyorum yetki hatasi aliyorum,Hizmet Talebi (Service Request),Bilgi Teknolojileri,Güvenlik ve Erişim,Sistem/Klasör Yetki Talebi,Yüksek,"{'cozum_basligi': 'Sistem/klasör yetki tanımlama süreci', 'adimlar': ['Adım 1: Talep, ilgili departman yöneticisinin onayına gönderilir.', 'Adım 2: Onay sonrası erişim, en az yetki prensibiyle tanımlanır.', 'Adım 3: Yetki tanımlandıktan sonra kullanıcıya bilgilendirme yapılır ve ticket kapatılır.'], 'self_service_uygun_mu': False}","['kullanici_adi', 'klasor_sistem_adi', 'yonetici_onayi']",Hangi klasöre veya sisteme erişim yetkisi talep ediyorsunuz ve yöneticinizin onayı var mı?
T-3490,"Lütfen acil Yeni stajyerimiz için email ve sistem hesabı oluşturulmasını rica ederim. İşlerim çok aksıyor, acil çözüm bekliyorum.",Hizmet Talebi (Service Request),Bilgi Teknolojileri,Güvenlik ve Erişim,Yeni Kullanıcı Hesabı,Orta,"{'cozum_basligi': 'Yeni kullanıcı hesabı açma süreci', 'adimlar': [""Adım 1: İK'dan işe giriş onayı ve pozisyon bilgisi teyit edilir."", 'Adım 2: Aktif Dizin üzerinde hesap oluşturulur ve gerekli grup üyelikleri tanımlanır.', 'Adım 3: E-posta ve sistem erişim bilgileri ilk giriş kılavuzuyla birlikte iletilir.'], 'self_service_uygun_mu': False}","['ad_soyad', 'yonetici_adi', 'gerekli_sistemler']",Bu hesap hangi pozisyon için açılacak ve yöneticisi kim olacak?
T-3491,Yusuf Yıldız - fatura EUR olarak kesildi ama TL'ye çevrilirken güncel kur kullanılmamış sanırım.,Arıza (Incident),Finans,Masraf & Ödeme,Döviz Kuru Farkı/Uyumsuzluğu,Yüksek,"{'cozum_basligi': 'Döviz kuru farkı/uyumsuzluğu inceleme süreci', 'adimlar': ['Adım 1: Harcama tarihindeki resmi TCMB kuru ile sistemde kullanılan kur karşılaştırılır.', 'Adım 2: Fark tespit edilirse hangi kur kaynağının kullanıldığı muhasebe ile teyit edilir.', 'Adım 3: Hatalı hesaplama varsa düzeltme kaydı oluşturulur ve fark tazmin edilir.'], 'self_service_uygun_mu': False}","['ad_soyad', 'harcama_tarihi', 'doviz_tutar', 'kullanilan_kur']","Harcamanızın tarihini ve hangi döviz cinsinden olduğunu paylaşabilir misiniz, hangi kur baz alınmış görüyorsunuz?"
T-3492,"Elif Özdemir - taksi fişim rüzgarla uçtu, kayıp beyan formunu doldurmam yeterli mi?",Hizmet Talebi (Service Request),Finans,Masraf & Ödeme,Harcama Fişi Kayıp Beyanı,Orta,"{'cozum_basligi': 'Kayıp harcama fişi beyan ve alternatif belge süreci', 'adimlar': ['Adım 1: Kayıp fiş beyan formu doldurulur, harcama tutarı ve tarihi beyan edilir.', 'Adım 2: Mümkünse kredi kartı ekstresi/dekont gibi alternatif kanıt belgesi talep edilir.', 'Adım 3: Finans ekibi beyanı değerlendirip onaylarsa masraf formu istisnai olarak işleme alınır.'], 'self_service_uygun_mu': False}","['ad_soyad', 'harcama_tutari', 'harcama_tarihi', 'kayip_beyani_gerekcesi']",Fişi kaybettiğinize göre elinizde kredi kartı ekstresi gibi tutarı doğrulayacak başka bir belge var mı?
T-3493,"Rica etsem acil Masraf formum onaya gidiyor ama eski yoneticim ciktigi icin kimse onaylayamiyor. Bu konuda epeydir mağdurum, lütfen hızlı dönüş yapar mısınız?",Arıza (Incident),Finans,Masraf & Ödeme,Onay Akışında Yönetici Görünmüyor Sorunu,Orta,"{'cozum_basligi': 'Onay akışı yönetici ataması düzeltme süreci', 'adimlar': ['Adım 1: Organizasyon şemasında çalışanın tanımlı yöneticisi sistemden kontrol edilir.', 'Adım 2: Yönetici ayrılmış/değişmiş ise onay akışı güncel yöneticiye yeniden atanır.', 'Adım 3: Bekleyen tüm formlar yeni onay akışına manuel olarak yönlendirilir.'], 'self_service_uygun_mu': False}","['ad_soyad', 'form_no', 'eski_yonetici', 'yeni_yonetici']",Onay akışında hangi form takılı kaldı ve eski yöneticiniz mi hâlâ sistemde görünüyor?
T-3494,"Kargom kayip gorunuyor sistemde teslim edildi yaziyor ama elime ulasmadi İşlerim çok aksıyor, acil çözüm bekliyorum.",Bilgi Talebi (Information),İdari İşler,Satınalma/Malzeme,Kargo/Kurye Teslimat Takibi,Orta,"{'cozum_basligi': 'Kargo/kurye teslimat takibi', 'adimlar': ['Adım 1: Kargo takip numarası ve gönderici bilgisi ile kargo firması sistemi kontrol edilir.', 'Adım 2: Resepsiyon/depo teslim kaydı kontrol edilerek paketin durumu netleştirilir.', 'Adım 3: Paket bulunamıyorsa kargo firmasına resmi kayıp/gecikme bildirimi açılır.'], 'self_service_uygun_mu': True}","['takip_no', 'kargo_firmasi', 'gonderi_tarihi']","Kargo ne zaman gönderildi, teslimat için beklediğiniz lokasyon neresi?"
T-3495,"Kaan Kılıç - seyahat masraf formum reddedildi ama sebep yazmıyor, öğrenebilir miyim?",Arıza (Incident),Finans,Masraf & Ödeme,Masraf/Harcama Formu Onayı,Düşük,"{'cozum_basligi': 'Masraf/harcama formu onay süreci takibi', 'adimlar': ['Adım 1: Formun onay akışındaki mevcut adımı (yönetici/finans) sistemden kontrol edilir.', 'Adım 2: Bekleyen onaycıya hatırlatma bildirimi gönderilir.', 'Adım 3: Onay gecikmesi devam ederse finans ekibi manuel müdahale için ticket açar.'], 'self_service_uygun_mu': True}","['form_no', 'tutar', 'onay_bekleyen_kisi']",Formun numarasını veya harcama tutarını paylaşabilir misiniz?
T-3496,"Yusuf Çetin - planlarım değişti, 13 Şubat tarihindeki iznimi bir hafta sonraya alabilir miyiz?",Hizmet Talebi (Service Request),İnsan Kaynakları,İzin Yönetimi,İzin İptal/Değişiklik,Orta,"{'cozum_basligi': 'İzin iptal/değişiklik işlemi', 'adimlar': ['Adım 1: Mevcut izin kaydı sistemde bulunur ve doğrulanır.', 'Adım 2: İptal/değişiklik talebi yöneticinin onayına yeniden gönderilir.', 'Adım 3: Onay sonrası izin bakiyesi ve takvim güncellenir.'], 'self_service_uygun_mu': True}","['ad_soyad', 'mevcut_izin_tarihi', 'yeni_talep']",İzninizi tamamen iptal mi etmek istiyorsunuz yoksa tarihini mi değiştirmek istiyorsunuz?
T-3497,Acilen Yaakinimi kaybettim izin kullanmam lazim bugunden itibaren,Hizmet Talebi (Service Request),İnsan Kaynakları,İzin Yönetimi,Vefat/Mazeret İzni Talebi,Yüksek,"{'cozum_basligi': 'Vefat/mazeret izni tanımlama süreci', 'adimlar': ['Adım 1: Yakınlık derecesi ve vefat tarihi bilgisi alınır (mümkünse belge sonradan tamamlanabilir).', 'Adım 2: Yasal mazeret izni (1. derece yakın için 3 gün) sisteme derhal tanımlanır.', 'Adım 3: Yönetici bilgilendirilir, çalışanın dönüş tarihi takip edilir.'], 'self_service_uygun_mu': False}","['ad_soyad', 'yakinlik_derecesi', 'izin_baslangic_tarihi']","Başsağlığı dileriz, yakınlık dereceniz nedir ve izninizin ne zaman başlamasını istersiniz?"
T-3498,"Ayse Çelik - prim odemem bordroya yansimamis gorunuyor, bakabilir misiniz?",Bilgi Talebi (Information),İnsan Kaynakları,Bordro & Özlük,Bordro/Maaş Bilgisi Talebi,Orta,"{'cozum_basligi': 'Bordro/maaş bilgisi inceleme süreci', 'adimlar': ['Adım 1: Çalışanın ilgili ay bordrosu bordro sisteminden çekilip incelenir.', 'Adım 2: Kesinti/ek ödeme kalemleri tek tek karşılaştırılır ve hata olup olmadığı tespit edilir.', 'Adım 3: Hata tespit edilirse düzeltme için bordro/muhasebe ekibine ticket açılır.'], 'self_service_uygun_mu': False}","['ad_soyad', 'sicil_no', 'ilgili_ay']",Hangi ayın bordrosuyla ilgili ve tam olarak hangi kalemde hata olduğunu düşünüyorsunuz?
T-3499,"Lütfen acil BES kesintimi durdurmak istiyorum, nasıl bir süreç izlemem gerekiyor? İşlerim çok aksıyor, acil çözüm bekliyorum.",Bilgi Talebi (Information),İnsan Kaynakları,Bordro & Özlük,BES (Bireysel Emeklilik) Kesintisi Talebi,Orta,"{'cozum_basligi': 'BES kesinti oranı/katılım işlemi düzenleme', 'adimlar': ['Adım 1: Çalışanın mevcut BES katılım durumu ve kesinti oranı sistemden kontrol edilir.', 'Adım 2: Talep edilen değişiklik (katılım, çıkış, oran güncelleme) BES şirketine iletilir.', 'Adım 3: Onay sonrası bordro kesinti kalemi güncellenir ve çalışana bilgi verilir.'], 'self_service_uygun_mu': False}","['ad_soyad', 'talep_turu', 'yeni_kesinti_orani']",BES'ten çıkmak mı istiyorsunuz yoksa kesinti oranınızı mı değiştirmek istiyorsunuz?
T-3500,Ebru Çetin - yöneticim departman değiştirdi ama sistemde hâlâ eski yöneticim onaycı olarak görünüyor.,Arıza (Incident),Finans,Masraf & Ödeme,Onay Akışında Yönetici Görünmüyor Sorunu,Yüksek,"{'cozum_basligi': 'Onay akışı yönetici ataması düzeltme süreci', 'adimlar': ['Adım 1: Organizasyon şemasında çalışanın tanımlı yöneticisi sistemden kontrol edilir.', 'Adım 2: Yönetici ayrılmış/değişmiş ise onay akışı güncel yöneticiye yeniden atanır.', 'Adım 3: Bekleyen tüm formlar yeni onay akışına manuel olarak yönlendirilir.'], 'self_service_uygun_mu': False}","['ad_soyad', 'form_no', 'eski_yonetici', 'yeni_yonetici']",Onay akışında hangi form takılı kaldı ve eski yöneticiniz mi hâlâ sistemde görünüyor?
T-3501,"Lütfen acil Esra Kara - planlarım değişti, 23 Mayıs tarihindeki iznimi bir hafta sonraya alabilir miyiz? Ne zaman çözülür acaba?",Hizmet Talebi (Service Request),İnsan Kaynakları,İzin Yönetimi,İzin İptal/Değişiklik,Orta,"{'cozum_basligi': 'İzin iptal/değişiklik işlemi', 'adimlar': ['Adım 1: Mevcut izin kaydı sistemde bulunur ve doğrulanır.', 'Adım 2: İptal/değişiklik talebi yöneticinin onayına yeniden gönderilir.', 'Adım 3: Onay sonrası izin bakiyesi ve takvim güncellenir.'], 'self_service_uygun_mu': True}","['ad_soyad', 'mevcut_izin_tarihi', 'yeni_talep']",İzninizi tamamen iptal mi etmek istiyorsunuz yoksa tarihini mi değiştirmek istiyorsunuz?
T-3502,"8 Mayıs tarihinde evlendim, medeni halimin güncellenmesi gerekiyor sistemde. Ne zaman çözülür acaba?",Hizmet Talebi (Service Request),İnsan Kaynakları,Bordro & Özlük,Evlilik Bildirimi,Düşük,"{'cozum_basligi': 'Evlilik durum değişikliği kayıt süreci', 'adimlar': ['Adım 1: Evlilik cüzdanı fotokopisi/belgesi çalışandan talep edilir.', 'Adım 2: Medeni hal ve varsa soyadı bilgisi İK sisteminde güncellenir.', 'Adım 3: Vergi matrahı, SGK ve varsa özel sağlık sigortası kayıtları güncellenmesi için ilgili birimlere bilgi verilir.'], 'self_service_uygun_mu': False}","['ad_soyad', 'evlilik_tarihi', 'evlilik_cuzdani_belgesi']","Evlilik tarihinizi ve evlilik cüzdanı belgesini paylaşabilir misiniz, medeni hal güncellemesi için gerekiyor?"
T-3503,"Netsis açılırken hata veriyor, sürekli çöküyor.",Arıza (Incident),Bilgi Teknolojileri,Yazılım,Uygulama Hatası (Outlook/Teams/Excel vb.),Düşük,"{'cozum_basligi': 'Uygulama hatası giderme', 'adimlar': ['Adım 1: Uygulama tamamen kapatılıp yeniden açılır, gerekirse bilgisayar yeniden başlatılır.', 'Adım 2: Uygulama güncellemesi kontrol edilir ve önbellek/geçici dosyalar temizlenir.', 'Adım 3: Hata devam ederse ekran görüntüsüyle birlikte yazılım destek ekibine ticket açılır.'], 'self_service_uygun_mu': True}","['uygulama_adi', 'isletim_sistemi', 'hata_ekran_goruntusu']","Hangi uygulamada ve tam olarak ne zaman bu hatayı alıyorsunuz, ekran görüntüsü paylaşabilir misiniz?"
T-3504,"Doğum iznime ne zaman başlamam gerekiyor, tahmini tarihim 24 Aralık.",Hizmet Talebi (Service Request),İnsan Kaynakları,İzin Yönetimi,Doğum/Analık İzni Talebi,Orta,"{'cozum_basligi': 'Doğum/analık izni tanımlama süreci', 'adimlar': ['Adım 1: Doktor raporu ve tahmini/gerçek doğum tarihi talep edilir.', 'Adım 2: Yasal doğum öncesi 8 hafta - doğum sonrası 8 hafta izin süresi hesaplanır.', ""Adım 3: İzin süresi SGK'ya bildirilir ve bordro/İK sisteminde işlenir.""], 'self_service_uygun_mu': False}","['ad_soyad', 'tahmini_dogum_tarihi', 'doktor_raporu']","Tahmini doğum tarihiniz nedir, doktor raporunuzu paylaşabilir misiniz?"
T-3505,"Doğum iznime ne zaman başlamam gerekiyor, tahmini tarihim 1 Mart.",Hizmet Talebi (Service Request),İnsan Kaynakları,İzin Yönetimi,Doğum/Analık İzni Talebi,Orta,"{'cozum_basligi': 'Doğum/analık izni tanımlama süreci', 'adimlar': ['Adım 1: Doktor raporu ve tahmini/gerçek doğum tarihi talep edilir.', 'Adım 2: Yasal doğum öncesi 8 hafta - doğum sonrası 8 hafta izin süresi hesaplanır.', ""Adım 3: İzin süresi SGK'ya bildirilir ve bordro/İK sisteminde işlenir.""], 'self_service_uygun_mu': False}","['ad_soyad', 'tahmini_dogum_tarihi', 'doktor_raporu']","Tahmini doğum tarihiniz nedir, doktor raporunuzu paylaşabilir misiniz?"
T-3506,CRM uzerinden musteri kaydi cekekren sistem timeout hatasi veriyor. Teşekkür ederim şimdiden.,Arıza (Incident),Bilgi Teknolojileri,Sunucu/Sistem,Veritabanı Erişim Hatası,Yüksek,"{'cozum_basligi': 'Veritabanı erişim hatası çözümü', 'adimlar': ['Adım 1: Kullanıcının veritabanı bağlantı ayarları ve yetkileri kontrol edilir.', 'Adım 2: Veritabanı servisinin çalışır durumda olup olmadığı sistem ekibince doğrulanır.', 'Adım 3: Yetki/bağlantı sorunu devam ediyorsa veritabanı yöneticisine (DBA) ticket yönlendirilir.'], 'self_service_uygun_mu': False}","['uygulama_adi', 'hata_kodu', 'erisim_zamani']",Hangi uygulama/veritabanına erişmeye çalışıyorsunuz ve tam hata mesajı nedir?
T-3507,"Çok acil, Projeksiyon cihazı görüntü vermiyor, Mavi Salon'dayız şu an.",Arıza (Incident),İdari İşler,Ofis Ekipmanı,Toplantı Odası Ekipman Arızası (ClickShare/Projeksiyon),Orta,"{'cozum_basligi': 'Toplantı odası ekran/görüntü aktarım arızası giderme', 'adimlar': ['Adım 1: ClickShare/HDMI kablosu ve cihazın güç bağlantısı kontrol edilir.', 'Adım 2: Ekran/projeksiyon cihazı yeniden başlatılır, giriş kaynağı kontrol edilir.', 'Adım 3: Sorun devam ederse toplantı öncesi acil teknik destek için ticket açılır.'], 'self_service_uygun_mu': True}","['oda_adi', 'ekipman_turu', 'toplanti_saati']",ClickShare mi yoksa HDMI/projeksiyon bağlantısında mı sorun yaşıyorsunuz?
T-3508,Acilen Mouse tutukluk yapiyor tikliyor ama gec basiyor. Bunun yanında Bir de mouse'um da bazen donuyor,Arıza (Incident),Bilgi Teknolojileri,Donanım,Monitör/Çevre Birimi Arızası,Orta,"{'cozum_basligi': 'Monitör/çevre birimi arıza tespiti', 'adimlar': ['Adım 1: Kablo bağlantıları (HDMI/VGA/güç) ve monitör güç düğmesi kontrol edilir.', 'Adım 2: Farklı bir kablo veya port ile test yapılır.', 'Adım 3: Arıza devam ediyorsa cihaz değişimi için IT saha ekibine ticket açılır.'], 'self_service_uygun_mu': True}","['cihaz_turu', 'kullanici_adi', 'ofis_lokasyon']","Sorun hangi çevre biriminde: monitör, klavye, mouse yoksa yazıcı mı?"
T-3509,"Fatma Aktaş - planlarım değişti, 6 Ocak tarihindeki iznimi bir hafta sonraya alabilir miyiz?",Hizmet Talebi (Service Request),İnsan Kaynakları,İzin Yönetimi,İzin İptal/Değişiklik,Düşük,"{'cozum_basligi': 'İzin iptal/değişiklik işlemi', 'adimlar': ['Adım 1: Mevcut izin kaydı sistemde bulunur ve doğrulanır.', 'Adım 2: İptal/değişiklik talebi yöneticinin onayına yeniden gönderilir.', 'Adım 3: Onay sonrası izin bakiyesi ve takvim güncellenir.'], 'self_service_uygun_mu': True}","['ad_soyad', 'mevcut_izin_tarihi', 'yeni_talep']",İzninizi tamamen iptal mi etmek istiyorsunuz yoksa tarihini mi değiştirmek istiyorsunuz?
T-3510,Yeni stajyermiiz için email ve sistem hesabı oluşturulmasını rica ederim.,Hizmet Talebi (Service Request),Bilgi Teknolojileri,Güvenlik ve Erişim,Yeni Kullanıcı Hesabı,Düşük,"{'cozum_basligi': 'Yeni kullanıcı hesabı açma süreci', 'adimlar': [""Adım 1: İK'dan işe giriş onayı ve pozisyon bilgisi teyit edilir."", 'Adım 2: Aktif Dizin üzerinde hesap oluşturulur ve gerekli grup üyelikleri tanımlanır.', 'Adım 3: E-posta ve sistem erişim bilgileri ilk giriş kılavuzuyla birlikte iletilir.'], 'self_service_uygun_mu': False}","['ad_soyad', 'departman', 'ise_baslama_tarihi', 'pozisyon']","Yeni çalışanın işe başlama tarihi ve departmanı nedir, hangi sistemlere erişimi olması gerekiyor?"
T-3511,"Çok acil, Ucretsiz izin almak istiyorum yurtdisi cikisim var 15 gunluk Bu konuda epeydir mağdurum, lütfen hızlı dönüş yapar mısınız?",Hizmet Talebi (Service Request),İnsan Kaynakları,İzin Yönetimi,Ücretsiz İzin Talebi,Düşük,"{'cozum_basligi': 'Ücretsiz izin talebi değerlendirme süreci', 'adimlar': ['Adım 1: Talep gerekçesi ve süresi ile birlikte kaydedilir.', 'Adım 2: Yönetici ve İK onayına gönderilir, SGK bildirimi gerekliliği kontrol edilir.', 'Adım 3: Onaylanması halinde ücretsiz izin süresi bordro ve SGK sistemine işlenir.'], 'self_service_uygun_mu': False}","['ad_soyad', 'talep_suresi', 'gerekce']",Ne kadar süreyle ücretsiz izin kullanmak istiyorsunuz ve gerekçeniz nedir?
T-3512,Acilen Bordro pdf sistemde görünmüyor bu ay indiremiyorum Teşekkür ederim şimdiden.,Arıza (Incident),İnsan Kaynakları,Bordro & Özlük,Bordro/Maaş Bilgisi Talebi,Düşük,"{'cozum_basligi': 'Bordro/maaş bilgisi inceleme süreci', 'adimlar': ['Adım 1: Çalışanın ilgili ay bordrosu bordro sisteminden çekilip incelenir.', 'Adım 2: Kesinti/ek ödeme kalemleri tek tek karşılaştırılır ve hata olup olmadığı tespit edilir.', 'Adım 3: Hata tespit edilirse düzeltme için bordro/muhasebe ekibine ticket açılır.'], 'self_service_uygun_mu': False}","['ad_soyad', 'sicil_no', 'ilgili_ay']",Hangi ayın bordrosuyla ilgili ve tam olarak hangi kalemde hata olduğunu düşünüyorsunuz?
T-3513,"Muhasebe sunucusuna erişim yok, tüm ekip etkilendi 4 Mayıs sabahından beri.",Arıza (Incident),Bilgi Teknolojileri,Sunucu/Sistem,Sunucu/Servis Kesintisi,Orta,"{'cozum_basligi': 'Sunucu/servis kesintisi acil müdahale', 'adimlar': ['Adım 1: Sunucu/servis durumu izleme panelinden kontrol edilir, etkilenen servisler belirlenir.', 'Adım 2: Sunucu ekibi tarafından servis yeniden başlatılır veya yük devretme (failover) uygulanır.', 'Adım 3: Kök neden analizi için kritik öncelikli ticket açılır ve ilgili birimlere bilgi verilir.'], 'self_service_uygun_mu': False}","['etkilenen_sistem_adi', 'baslangic_zamani', 'etkilenen_kullanici_sayisi']","Hangi sistem/servis erişilemiyor ve kaç kullanıcıyı etkiliyor, sorun ne zaman başladı?"
T-3514,"Doktor bgün için tek günlük istirahat verdi, nereye bildirmem lazım?",Bilgi Talebi (Information),İnsan Kaynakları,İzin Yönetimi,Sağlık Raporu/İstirahat Bildirimi,Yüksek,"{'cozum_basligi': 'Sağlık raporu/istirahat bildirimi işleme süreci', 'adimlar': [""Adım 1: Rapor e-Nabız/hastane sisteminden veya elden İK'ya iletilir."", 'Adım 2: Rapor süresi SGK sistemine ve bordroya işlenir.', 'Adım 3: Yöneticiye çalışanın izinli/raporlu olduğu bilgisi iletilir.'], 'self_service_uygun_mu': True}","['ad_soyad', 'rapor_baslangic_bitis_tarihi', 'rapor_belgesi']",Raporunuz kaç gün ve e-Nabız üzerinden mi yoksa elden mi ileteceksiniz?
T-3515,"Çağrı merkezi katı yazıcısının toneri neredeyse bitti, yedek talep ediyorum.",Hizmet Talebi (Service Request),İdari İşler,Ofis Ekipmanı,Toner/Kartuş Talebi,Orta,"{'cozum_basligi': 'Toner/kartuş temin süreci', 'adimlar': ['Adım 1: Depo stok durumu kontrol edilir.', 'Adım 2: Uygun toner/kartuş belirtilen yazıcı lokasyonuna teslim edilir.', 'Adım 3: Stokta bulunmuyorsa satınalma süreci tetiklenir ve tahmini teslim süresi bildirilir.'], 'self_service_uygun_mu': False}","['yazici_lokasyon', 'yazici_marka_model', 'toner_kartus_kodu']","Yazıcının marka ve modeli nedir, doğru toner kodunu belirleyebilmemiz için gerekli?"
T-3516,"Maaşım bu ay eksik yattı sanırım, kontrol edebilir misiniz?",Arıza (Incident),İnsan Kaynakları,Bordro & Özlük,Bordro/Maaş Bilgisi Talebi,Orta,"{'cozum_basligi': 'Bordro/maaş bilgisi inceleme süreci', 'adimlar': ['Adım 1: Çalışanın ilgili ay bordrosu bordro sisteminden çekilip incelenir.', 'Adım 2: Kesinti/ek ödeme kalemleri tek tek karşılaştırılır ve hata olup olmadığı tespit edilir.', 'Adım 3: Hata tespit edilirse düzeltme için bordro/muhasebe ekibine ticket açılır.'], 'self_service_uygun_mu': False}","['ad_soyad', 'donem', 'itiraz_konusu']",Maaşınızda eksik ödeme mi var yoksa fazla kesinti mi görüyorsunuz?
T-3517,"Çok acil, Proejksiyon cihazi goruntu vermiyor, 3. kat toplanti odasi'dayiz su an.",Arıza (Incident),İdari İşler,Ofis Ekipmanı,Toplantı Odası Ekipman Arızası (ClickShare/Projeksiyon),Orta,"{'cozum_basligi': 'Toplantı odası ekran/görüntü aktarım arızası giderme', 'adimlar': ['Adım 1: ClickShare/HDMI kablosu ve cihazın güç bağlantısı kontrol edilir.', 'Adım 2: Ekran/projeksiyon cihazı yeniden başlatılır, giriş kaynağı kontrol edilir.', 'Adım 3: Sorun devam ederse toplantı öncesi acil teknik destek için ticket açılır.'], 'self_service_uygun_mu': True}","['oda_adi', 'hata_tanimi']",Hangi toplantı odasından bahsediyorsunuz ve toplantınız ne zaman başlıyor?
T-3518,"SGK işe giriş evrakımı alabilir miyim, işsizlik maaşı için gerekiyor eski işimden.",Hizmet Talebi (Service Request),İnsan Kaynakları,Bordro & Özlük,SGK Giriş/Çıkış Evrakı Talebi,Orta,"{'cozum_basligi': 'SGK giriş/çıkış evrakı düzenleme', 'adimlar': ['Adım 1: Talep edilen belgenin türü (işe giriş bildirgesi/işten ayrılış bildirgesi) teyit edilir.', 'Adım 2: SGK e-Bildirge sisteminden ilgili belge sorgulanır ve çıktısı alınır.', 'Adım 3: Belge onaylanıp çalışana e-posta veya elden iletilir.'], 'self_service_uygun_mu': False}","['ad_soyad', 'sicil_no', 'belge_turu', 'kullanim_amaci']","İşe giriş bildirgesi mi yoksa işten ayrılış bildirgesi mi gerekiyor, hangi amaçla kullanılacak?"
T-3519,"Lütfen acil Yıldız Çelik - taksi fişim rüzgarla uçtu, kayıp beyan formunu doldurmam yeterli mi? Ne zaman çözülür acaba?",Hizmet Talebi (Service Request),Finans,Masraf & Ödeme,Harcama Fişi Kayıp Beyanı,Yüksek,"{'cozum_basligi': 'Kayıp harcama fişi beyan ve alternatif belge süreci', 'adimlar': ['Adım 1: Kayıp fiş beyan formu doldurulur, harcama tutarı ve tarihi beyan edilir.', 'Adım 2: Mümkünse kredi kartı ekstresi/dekont gibi alternatif kanıt belgesi talep edilir.', 'Adım 3: Finans ekibi beyanı değerlendirip onaylarsa masraf formu istisnai olarak işleme alınır.'], 'self_service_uygun_mu': False}","['ad_soyad', 'harcama_tutari', 'harcama_tarihi', 'kayip_beyani_gerekcesi']",Fişi kaybettiğinize göre elinizde kredi kartı ekstresi gibi tutarı doğrulayacak başka bir belge var mı?
T-3520,"Alper Demir - maaş bordrosu ve çalışma belgesi ihtiyacım var, ev kirası için isteniyor.",Hizmet Talebi (Service Request),İnsan Kaynakları,Bordro & Özlük,Özlük/Çalışma Belgesi Talebi,Orta,"{'cozum_basligi': 'Özlük/çalışma belgesi düzenleme', 'adimlar': ['Adım 1: Talep edilen belge türü ve kullanım amacı teyit edilir.', 'Adım 2: İK sistemi üzerinden güncel çalışan bilgileriyle belge hazırlanır.', 'Adım 3: Belge imzalandıktan sonra çalışana e-posta veya elden teslim edilir.'], 'self_service_uygun_mu': True}","['ad_soyad', 'sicil_no', 'belge_turu', 'kullanim_amaci']","Hangi belgeye ihtiyacınız var (çalışma belgesi, hizmet dökümü vb.) ve hangi amaçla kullanılacak?"
T-3521,Rica etsem acil Yemek fiisini kaybettim ama kredi karti ekstresi var elimde,Hizmet Talebi (Service Request),Finans,Masraf & Ödeme,Harcama Fişi Kayıp Beyanı,Yüksek,"{'cozum_basligi': 'Kayıp harcama fişi beyan ve alternatif belge süreci', 'adimlar': ['Adım 1: Kayıp fiş beyan formu doldurulur, harcama tutarı ve tarihi beyan edilir.', 'Adım 2: Mümkünse kredi kartı ekstresi/dekont gibi alternatif kanıt belgesi talep edilir.', 'Adım 3: Finans ekibi beyanı değerlendirip onaylarsa masraf formu istisnai olarak işleme alınır.'], 'self_service_uygun_mu': False}","['ad_soyad', 'harcama_tutari', 'harcama_tarihi', 'kayip_beyani_gerekcesi']",Fişi kaybettiğinize göre elinizde kredi kartı ekstresi gibi tutarı doğrulayacak başka bir belge var mı?
T-3522,"Volkan Çelik - kumulatif vergi matrahimla ilgili itirazim var, gecen yilki hesaplamayla tutarsiz gorunuyor.",Arıza (Incident),İnsan Kaynakları,Bordro & Özlük,Bordro Vergi Matrahı İtirazı,Orta,"{'cozum_basligi': 'Bordro vergi matrahı itiraz inceleme süreci', 'adimlar': ['Adım 1: İtiraz edilen dönemin vergi matrahı ve dilim hesaplaması bordro ekibi tarafından yeniden kontrol edilir.', 'Adım 2: Kümülatif matrah hesaplamasında hata olup olmadığı muhasebe ile teyit edilir.', 'Adım 3: Hata tespit edilirse düzeltme bir sonraki bordro döneminde uygulanır ve çalışana açıklama yapılır.'], 'self_service_uygun_mu': False}","['ad_soyad', 'donem', 'itiraz_detayi']","Vergi diliminin değiştiğini mi düşünüyorsunuz, yoksa kümülatif matrah hesaplamasında bir hata mı görüyorsunuz?"
T-3523,Lütfen acil Sifre sifirlama lazim Alper Koc Ne zaman çözülür acaba?,Hizmet Talebi (Service Request),Bilgi Teknolojileri,Güvenlik ve Erişim,Şifre Sıfırlama,Orta,"{'cozum_basligi': 'Şifre sıfırlama işlemi', 'adimlar': ['Adım 1: Kimlik doğrulama (çalışan sicil no / kayıtlı e-posta) yapılır.', 'Adım 2: Self servis şifre sıfırlama portalı üzerinden geçici şifre oluşturulur.', 'Adım 3: Portal üzerinden çözülemiyorsa IT güvenlik ekibi manuel sıfırlama için ticket açar.'], 'self_service_uygun_mu': True}","['kullanici_adi', 'sicil_no', 'sistem_adi']",Şifrenizi mi unuttunuz yoksa hesabınız mı kilitlendi?
T-3524,Klasor ve dosya lazim biraz stok bitmis gorunuyor,Hizmet Talebi (Service Request),İdari İşler,Satınalma/Malzeme,Kırtasiye Malzeme Talebi,Düşük,"{'cozum_basligi': 'Kırtasiye malzeme temini', 'adimlar': ['Adım 1: Talep departman yöneticisi onayına iletilir.', 'Adım 2: Depo stoğundan malzemeler hazırlanır.', 'Adım 3: Malzemeler belirtilen teslimat lokasyonuna gönderilir.'], 'self_service_uygun_mu': False}","['malzeme_listesi_miktar', 'departman', 'teslimat_lokasyonu']","Hangi malzemelerden ne miktarda ihtiyacınız var, liste hâlinde belirtebilir misiniz?"
T-3525,"CRM sistemine yeni giriş yetkisi verilmesi gerekiyor, yöneticim Elif Doğan onaylayabilir.",Hizmet Talebi (Service Request),Bilgi Teknolojileri,Güvenlik ve Erişim,Sistem/Klasör Yetki Talebi,Düşük,"{'cozum_basligi': 'Sistem/klasör yetki tanımlama süreci', 'adimlar': ['Adım 1: Talep, ilgili departman yöneticisinin onayına gönderilir.', 'Adım 2: Onay sonrası erişim, en az yetki prensibiyle tanımlanır.', 'Adım 3: Yetki tanımlandıktan sonra kullanıcıya bilgilendirme yapılır ve ticket kapatılır.'], 'self_service_uygun_mu': False}","['kullanici_adi', 'klasor_sistem_adi', 'yonetici_onayi']",Okuma yetkisi mi yoksa yazma/düzenleme yetkisi mi gerekiyor?
T-3526,Acilen Giriş kartımı kaybettim acil iptal edilmesi lazım Teşekkür ederim şimdiden.,Hizmet Talebi (Service Request),İdari İşler,Güvenlik & Ulaşım,Kayıp Giriş Kartı,Düşük,"{'cozum_basligi': 'Kayıp giriş kartı iptal ve yeniden basım süreci', 'adimlar': ['Adım 1: Kayıp kart derhal sistem üzerinden iptal edilir, güvenlik riski önlenir.', 'Adım 2: Kimlik doğrulaması sonrası yeni kart basım talebi oluşturulur.', 'Adım 3: Yeni kart resepsiyon/güvenlik biriminden teslim alınır.'], 'self_service_uygun_mu': False}","['ad_soyad', 'sicil_no', 'kayip_tarihi']","Kartınızı en son ne zaman ve nerede kullandığınızı hatırlıyor musunuz, kaybolduğunu mu düşünüyorsunuz?"
T-3527,Lütfen acil Toplanti odasindaki ekran hic acilmiyor sunum yapamiyoruz,Arıza (Incident),İdari İşler,Ofis Ekipmanı,Toplantı Odası Ekipman Arızası (ClickShare/Projeksiyon),Yüksek,"{'cozum_basligi': 'Toplantı odası ekran/görüntü aktarım arızası giderme', 'adimlar': ['Adım 1: ClickShare/HDMI kablosu ve cihazın güç bağlantısı kontrol edilir.', 'Adım 2: Ekran/projeksiyon cihazı yeniden başlatılır, giriş kaynağı kontrol edilir.', 'Adım 3: Sorun devam ederse toplantı öncesi acil teknik destek için ticket açılır.'], 'self_service_uygun_mu': True}","['oda_adi', 'hata_tanimi']",Hangi toplantı odasından bahsediyorsunuz ve toplantınız ne zaman başlıyor?
T-3528,"3. kat yazicisi cikti almiyor, ekranda haa kodu var.",Hizmet Talebi (Service Request),İdari İşler,Ofis Ekipmanı,Yazıcı/Fotokopi Arıza Bildirimi,Düşük,"{'cozum_basligi': 'Yazıcı/fotokopi arıza giderme', 'adimlar': ['Adım 1: Kağıt sıkışması, kapak açık kalması gibi görünür arızalar kontrol edilir.', 'Adım 2: Cihaz yeniden başlatılır ve sürücü/bağlantı ayarları kontrol edilir.', 'Adım 3: Sorun devam ederse teknik servis çağrısı için ticket açılır.'], 'self_service_uygun_mu': True}","['yazici_lokasyon', 'yazici_marka_model', 'ariza_tanimi']","Yazıcı hiç çalışmıyor mu, kağıt mı sıkıştı yoksa çıktı kalitesi mi kötü?"
T-3529,"Kerem Kılıç - Toros Nakliyat ile yıl sonu mutabakatı yapmamız gerekiyor, bakiyeler tutmuyor.",Hizmet Talebi (Service Request),Finans,Masraf & Ödeme,Tedarikçi IBAN/Vade Mutabakatı,Düşük,"{'cozum_basligi': 'Tedarikçi IBAN/vade mutabakat süreci', 'adimlar': ['Adım 1: Tedarikçinin sistemde kayıtlı IBAN ve vade koşulları kontrol edilir.', 'Adım 2: Tedarikçiden güncel IBAN/vade bilgisini teyit eden resmi yazı istenir.', 'Adım 3: Bilgiler güncellendikten sonra mutabakat formu karşılıklı imzalanarak kapatılır.'], 'self_service_uygun_mu': False}","['tedarikci_adi', 'vade_gun_sayisi']",Tedarikçinin IBAN bilgisi mi değişti yoksa vade koşullarında bir anlaşmazlık mı var?
T-3530,"Lütfen acil Ofis girişindeki otoamtik kapı sensörü çalışmıyor, elle açmak gerekiyor. Teşekkür ederim şimdiden.",Arıza (Incident),İdari İşler,Bina/Tesis Bakım,Bina İçi Teknik Bakım Talebi,Orta,"{'cozum_basligi': 'Genel bina içi teknik bakım süreci', 'adimlar': ['Adım 1: Talep bina teknik bakım ekibine iletilir ve önceliklendirilir.', 'Adım 2: Uygun teknisyen belirlenen lokasyona yönlendirilir.', 'Adım 3: Bakım/onarım tamamlandıktan sonra talep sahibine bilgi verilir.'], 'self_service_uygun_mu': False}","['ofis_lokasyon', 'sorun_tanimi', 'uygun_zaman_araligi']","Sorun tam olarak nedir ve hangi alanda (kapı, su tesisatı, asansör vb.) yaşanıyor?"
T-3531,"2 Şubat günü tedarikçi firmadan 2 kişi gelecek, resepsiyona bildirim yapar mısınız?",Hizmet Talebi (Service Request),İdari İşler,Güvenlik & Ulaşım,Ziyaretçi Giriş Talebi,Orta,"{'cozum_basligi': 'Ziyaretçi giriş kaydı oluşturma', 'adimlar': ['Adım 1: Ziyaretçi bilgileri (ad soyad, TC/kimlik, ziyaret amacı) alınır.', 'Adım 2: Güvenlik birimine ziyaret tarihi ve saati bildirilir.', 'Adım 3: Ziyaretçi giriş gününde resepsiyonda kayıt yapılıp kartı teslim edilir.'], 'self_service_uygun_mu': False}","['ziyaretci_ad_soyad', 'ziyaret_tarihi_saati', 'ziyaret_edilen_kisi']","Ziyaretçinin adı, ziyaret tarihi/saati ve kimi ziyaret edeceği bilgisini alabilir miyim?"
T-3532,"Ebru Doğan - giriş kartımı bulamıyorum, evi de aradım yok.",Arıza (Incident),İdari İşler,Güvenlik & Ulaşım,Kayıp Giriş Kartı,Orta,"{'cozum_basligi': 'Kayıp giriş kartı iptal ve yeniden basım süreci', 'adimlar': ['Adım 1: Kayıp kart derhal sistem üzerinden iptal edilir, güvenlik riski önlenir.', 'Adım 2: Kimlik doğrulaması sonrası yeni kart basım talebi oluşturulur.', 'Adım 3: Yeni kart resepsiyon/güvenlik biriminden teslim alınır.'], 'self_service_uygun_mu': False}","['ad_soyad', 'sicil_no', 'kayip_tarihi']","Kartınızı en son ne zaman ve nerede kullandığınızı hatırlıyor musunuz, kaybolduğunu mu düşünüyorsunuz?"
T-3533,"Kartım harcama sırasında reddedildi, limit dolmuş olabilir, kontrol eder misiniz?",Hizmet Talebi (Service Request),Finans,Masraf & Ödeme,Kurumsal Kredi Kartı Limit Artırımı,Düşük,"{'cozum_basligi': 'Kurumsal kredi kartı limit artırım süreci', 'adimlar': ['Adım 1: Mevcut limit, kullanım geçmişi ve talep gerekçesi kaydedilir.', 'Adım 2: Yönetici ve finans müdürü onayına gönderilir.', 'Adım 3: Onay sonrası banka ile limit artırım talebi iletilir ve süreç takip edilir.'], 'self_service_uygun_mu': False}","['ad_soyad', 'mevcut_limit', 'talep_edilen_limit', 'gerekce']","Mevcut kart limitiniz nedir ve ne kadar artış talep ediyorsunuz, gerekçeniz nedir?"
T-3534,"Çok acil, Outlook mailleri gelmiyor son 2 saattir hicbir mail almadim. Bunun yanında Bir de mail eklerini indiremiyorum aynı anda Ne zaman çözülür acaba?",Arıza (Incident),Bilgi Teknolojileri,Yazılım,Uygulama Hatası (Outlook/Teams/Excel vb.),Orta,"{'cozum_basligi': 'Uygulama hatası giderme', 'adimlar': ['Adım 1: Uygulama tamamen kapatılıp yeniden açılır, gerekirse bilgisayar yeniden başlatılır.', 'Adım 2: Uygulama güncellemesi kontrol edilir ve önbellek/geçici dosyalar temizlenir.', 'Adım 3: Hata devam ederse ekran görüntüsüyle birlikte yazılım destek ekibine ticket açılır.'], 'self_service_uygun_mu': True}","['uygulama_adi', 'isletim_sistemi', 'hata_ekran_goruntusu']",Uygulama hiç açılmıyor mu yoksa belirli bir işlem sırasında mı hata veriyor?
T-3535,"Projeksiyon cihazı görüntü vermiyor, Kristal Salon'dayız şu an.",Hizmet Talebi (Service Request),İdari İşler,Ofis Ekipmanı,Toplantı Odası Ekipman Arızası (ClickShare/Projeksiyon),Yüksek,"{'cozum_basligi': 'Toplantı odası ekran/görüntü aktarım arızası giderme', 'adimlar': ['Adım 1: ClickShare/HDMI kablosu ve cihazın güç bağlantısı kontrol edilir.', 'Adım 2: Ekran/projeksiyon cihazı yeniden başlatılır, giriş kaynağı kontrol edilir.', 'Adım 3: Sorun devam ederse toplantı öncesi acil teknik destek için ticket açılır.'], 'self_service_uygun_mu': True}","['oda_adi', 'hata_tanimi']",Hangi toplantı odasından bahsediyorsunuz ve toplantınız ne zaman başlıyor?
T-3536,"Yıldız Elketronik A.Ş. firmasından gelen USD faturayı sisteme giremiyorum, para birimi seçeneği çıkmıyor.",Arıza (Incident),Finans,Masraf & Ödeme,Çoklu Para Birimli Fatura Girişi,Yüksek,"{'cozum_basligi': 'Çoklu para birimli fatura giriş desteği', 'adimlar': ['Adım 1: Faturanın orijinal para birimi ve tutarı doğrulanır.', 'Adım 2: ERP sisteminde ilgili para birimi tanımlı değilse muhasebe sistem ekibi tanımlama yapar.', 'Adım 3: Fatura, güncel kur ile TL karşılığı hesaplanarak sisteme işlenir.'], 'self_service_uygun_mu': False}","['fatura_no', 'tedarikci_adi', 'para_birimi', 'tutar']",Faturanın para birimi nedir (USD/EUR/GBP) ve sistemde bu para birimiyle giriş yapabiliyor musunuz?
T-3537,"Prizler calismiyor 5. kat açık ofis bilgisayarim sarj olmuyor Gerçekten çok sıkıntı oluyor, bir an önce ilgilenirseniz sevinirim.",Arıza (Incident),İdari İşler,Bina/Tesis Bakım,Elektrik/Aydınlatma Arızası,Orta,"{'cozum_basligi': 'Elektrik/aydınlatma arıza giderme', 'adimlar': ['Adım 1: Sigorta atmış mı, ampul/armatür arızalı mı kontrol edilir.', 'Adım 2: Bina teknik ekibi lokasyona yönlendirilir.', 'Adım 3: Kalıcı çözüm için gerekiyorsa dış elektrik servisi çağrılır.'], 'self_service_uygun_mu': False}","['ofis_lokasyon', 'ariza_tanimi', 'aciliyet_durumu']",Sorun tüm katta mı yoksa belirli bir bölgede/masada mı yaşanıyor?
T-3538,10.789 TL tutarındaki harcama formum 2 gündür beklemede.,Hizmet Talebi (Service Request),Finans,Masraf & Ödeme,Masraf/Harcama Formu Onayı,Düşük,"{'cozum_basligi': 'Masraf/harcama formu onay süreci takibi', 'adimlar': ['Adım 1: Formun onay akışındaki mevcut adımı (yönetici/finans) sistemden kontrol edilir.', 'Adım 2: Bekleyen onaycıya hatırlatma bildirimi gönderilir.', 'Adım 3: Onay gecikmesi devam ederse finans ekibi manuel müdahale için ticket açar.'], 'self_service_uygun_mu': True}","['form_no', 'tutar', 'onay_bekleyen_kisi']",Formun numarasını veya harcama tutarını paylaşabilir misiniz?
T-3539,"5. kat açık ofis kapısının kilidi bozuk, tam kapanmıyor.",Arıza (Incident),İdari İşler,Bina/Tesis Bakım,Bina İçi Teknik Bakım Talebi,Yüksek,"{'cozum_basligi': 'Genel bina içi teknik bakım süreci', 'adimlar': ['Adım 1: Talep bina teknik bakım ekibine iletilir ve önceliklendirilir.', 'Adım 2: Uygun teknisyen belirlenen lokasyona yönlendirilir.', 'Adım 3: Bakım/onarım tamamlandıktan sonra talep sahibine bilgi verilir.'], 'self_service_uygun_mu': False}","['ofis_lokasyon', 'sorun_tanimi', 'uygun_zaman_araligi']","Sorun tam olarak nedir ve hangi alanda (kapı, su tesisatı, asansör vb.) yaşanıyor?"
T-3540,"Acilen Zeynep Kurt - planlarım değişti, 2 Temmuz tarihindeki iznimi bir hafta sonraya alabilir miyiz?",Hizmet Talebi (Service Request),İnsan Kaynakları,İzin Yönetimi,İzin İptal/Değişiklik,Orta,"{'cozum_basligi': 'İzin iptal/değişiklik işlemi', 'adimlar': ['Adım 1: Mevcut izin kaydı sistemde bulunur ve doğrulanır.', 'Adım 2: İptal/değişiklik talebi yöneticinin onayına yeniden gönderilir.', 'Adım 3: Onay sonrası izin bakiyesi ve takvim güncellenir.'], 'self_service_uygun_mu': True}","['ad_soyad', 'mevcut_izin_tarihi', 'yeni_talep']",İzninizi tamamen iptal mi etmek istiyorsunuz yoksa tarihini mi değiştirmek istiyorsunuz?
T-3541,"Bilgisayar açılırken mavi ekran hatası veriyor, tekrar tekrar deniyorum olmuyor.",Arıza (Incident),Bilgi Teknolojileri,Donanım,Bilgisayar Arıza/Onarım,Orta,"{'cozum_basligi': 'Bilgisayar donanım arızası ilk müdahale', 'adimlar': ['Adım 1: Cihaz kapatılıp yeniden başlatılır, güç kablosu ve bağlantılar kontrol edilir.', 'Adım 2: Uzaktan tanı aracıyla donanım sağlık testi çalıştırılır.', 'Adım 3: Sorun devam ederse yerinde teknik destek için ticket açılır ve teknisyen yönlendirilir.'], 'self_service_uygun_mu': True}","['cihaz_seri_no', 'kullanici_adi', 'ofis_lokasyon', 'ariza_baslangic_zamani']",Sorun ne zaman başladı ve hangi lokasyondaki cihazdan bahsediyoruz?
T-3542,"Acilen Kurumsal kredi kartı limitim yetmiyor, seyahatlerde sürekli aşım yapıyorum. Teşekkür ederim şimdiden.",Hizmet Talebi (Service Request),Finans,Masraf & Ödeme,Kurumsal Kredi Kartı Limit Artırımı,Orta,"{'cozum_basligi': 'Kurumsal kredi kartı limit artırım süreci', 'adimlar': ['Adım 1: Mevcut limit, kullanım geçmişi ve talep gerekçesi kaydedilir.', 'Adım 2: Yönetici ve finans müdürü onayına gönderilir.', 'Adım 3: Onay sonrası banka ile limit artırım talebi iletilir ve süreç takip edilir.'], 'self_service_uygun_mu': False}","['ad_soyad', 'mevcut_limit', 'talep_edilen_limit', 'gerekce']","Mevcut kart limitiniz nedir ve ne kadar artış talep ediyorsunuz, gerekçeniz nedir?"
T-3543,Hukuk'a yeni katılan arkadaşımız için tüm erişimlerin tanımlanması lazım.,Hizmet Talebi (Service Request),Bilgi Teknolojileri,Güvenlik ve Erişim,Yeni Kullanıcı Hesabı,Düşük,"{'cozum_basligi': 'Yeni kullanıcı hesabı açma süreci', 'adimlar': [""Adım 1: İK'dan işe giriş onayı ve pozisyon bilgisi teyit edilir."", 'Adım 2: Aktif Dizin üzerinde hesap oluşturulur ve gerekli grup üyelikleri tanımlanır.', 'Adım 3: E-posta ve sistem erişim bilgileri ilk giriş kılavuzuyla birlikte iletilir.'], 'self_service_uygun_mu': False}","['ad_soyad', 'yonetici_adi', 'gerekli_sistemler']",Bu hesap hangi pozisyon için açılacak ve yöneticisi kim olacak?
T-3544,"Çok acil, Tedarikçi firmadan gelecek kişi için otopark yer ayrılabilir mi 23 Nisan?",Hizmet Talebi (Service Request),İdari İşler,Güvenlik & Ulaşım,Misafir Otopark İzni,Yüksek,"{'cozum_basligi': 'Misafir otopark giriş izni tanımlama', 'adimlar': ['Adım 1: Misafirin plaka bilgisi ve ziyaret tarihi/saati alınır.', 'Adım 2: Güvenlik birimine otopark giriş izni tanımlanır.', 'Adım 3: Misafir giriş yaptığında güvenlik plaka üzerinden yönlendirme yapar.'], 'self_service_uygun_mu': False}","['misafir_ad_soyad', 'plaka_no', 'ziyaret_tarihi_saati']",Misafirinizin plaka bilgisi ve ziyaret saati nedir?
T-3545,Acilen Aylin Kaya - yurtdışı proje nedeniyle kart limitimin geçici olarak artırılmasını rica ederim.,Hizmet Talebi (Service Request),Finans,Masraf & Ödeme,Kurumsal Kredi Kartı Limit Artırımı,Orta,"{'cozum_basligi': 'Kurumsal kredi kartı limit artırım süreci', 'adimlar': ['Adım 1: Mevcut limit, kullanım geçmişi ve talep gerekçesi kaydedilir.', 'Adım 2: Yönetici ve finans müdürü onayına gönderilir.', 'Adım 3: Onay sonrası banka ile limit artırım talebi iletilir ve süreç takip edilir.'], 'self_service_uygun_mu': False}","['ad_soyad', 'mevcut_limit', 'talep_edilen_limit', 'gerekce']","Mevcut kart limitiniz nedir ve ne kadar artış talep ediyorsunuz, gerekçeniz nedir?"
T-3546,"Yeni işe başlayan arkadaşımız için bir laptop ve monitör kurulumu gerekiyor, Ana bina lobi.",Hizmet Talebi (Service Request),Bilgi Teknolojileri,Donanım,Yeni Ekipman Kurulumu,Orta,"{'cozum_basligi': 'Yeni donanım ekipmanı kurulum süreci', 'adimlar': ['Adım 1: Talep, envanter ve bütçe onayı için yöneticiye/IT sorumlusuna iletilir.', 'Adım 2: Uygun ekipman depo stoğundan veya satın alma sürecinden temin edilir.', 'Adım 3: Kurulum IT saha ekibi tarafından belirlenen tarihte yerinde gerçekleştirilir.'], 'self_service_uygun_mu': False}","['ekipman_turu', 'kullanici_adi', 'ofis_lokasyon', 'talep_tarihi']","Hangi ekipmana ihtiyacınız var ve kimin için, hangi lokasyona kurulacak?"
T-3547,"Acilen İkinci bir monitör talep ediyorum, ekran paylaşımlı çalışıyorum çoğunlukla. Gerçekten çok sıkıntı oluyor, bir an önce ilgilenirseniz sevinirim.",Hizmet Talebi (Service Request),Bilgi Teknolojileri,Donanım,Yeni Ekipman Kurulumu,Düşük,"{'cozum_basligi': 'Yeni donanım ekipmanı kurulum süreci', 'adimlar': ['Adım 1: Talep, envanter ve bütçe onayı için yöneticiye/IT sorumlusuna iletilir.', 'Adım 2: Uygun ekipman depo stoğundan veya satın alma sürecinden temin edilir.', 'Adım 3: Kurulum IT saha ekibi tarafından belirlenen tarihte yerinde gerçekleştirilir.'], 'self_service_uygun_mu': False}","['ekipman_turu', 'kullanici_adi', 'ofis_lokasyon', 'talep_tarihi']",Yeni işe başlayan biri için mi yoksa mevcut ekipmanın değişimi için mi bu talep?
T-3548,"24 Ağustos tarihinden beri VPN bağlantım hiç kurulmuyor, evdne çalışamıyorum.",Arıza (Incident),Bilgi Teknolojileri,Ağ/Network,VPN Erişim Sorunu,Yüksek,"{'cozum_basligi': 'VPN bağlantı sorunu çözümü', 'adimlar': ['Adım 1: VPN istemcisi güncel mi kontrol edilir, kullanıcı adı/şifre doğrulanır.', 'Adım 2: İnternet bağlantısı ve güvenlik duvarı ayarları kontrol edilir, istemci yeniden başlatılır.', 'Adım 3: Erişim devam etmiyorsa VPN sertifikası/erişim yetkisi için ticket açılır.'], 'self_service_uygun_mu': True}","['kullanici_adi', 'cihaz_turu', 'hata_mesaji']",VPN'e hiç bağlanamıyor musunuz yoksa bağlanıp kısa süre sonra mı düşüyorsunuz? Bir hata mesajı görüyor musunuz?
T-3549,"Röportaj için basın mensubu geliyor 1 Mart, güvenlik onayı gerekiyor.",Hizmet Talebi (Service Request),İdari İşler,Güvenlik & Ulaşım,Ziyaretçi Giriş Talebi,Orta,"{'cozum_basligi': 'Ziyaretçi giriş kaydı oluşturma', 'adimlar': ['Adım 1: Ziyaretçi bilgileri (ad soyad, TC/kimlik, ziyaret amacı) alınır.', 'Adım 2: Güvenlik birimine ziyaret tarihi ve saati bildirilir.', 'Adım 3: Ziyaretçi giriş gününde resepsiyonda kayıt yapılıp kartı teslim edilir.'], 'self_service_uygun_mu': False}","['ziyaretci_ad_soyad', 'ziyaret_tarihi_saati', 'ziyaret_edilen_kisi']","Ziyaretçinin adı, ziyaret tarihi/saati ve kimi ziyaret edeceği bilgisini alabilir miyim?"
T-3550,"Muhasebe programi acilirken hata veriyor, surekli cokuyor.",Arıza (Incident),Bilgi Teknolojileri,Yazılım,Uygulama Hatası (Outlook/Teams/Excel vb.),Orta,"{'cozum_basligi': 'Uygulama hatası giderme', 'adimlar': ['Adım 1: Uygulama tamamen kapatılıp yeniden açılır, gerekirse bilgisayar yeniden başlatılır.', 'Adım 2: Uygulama güncellemesi kontrol edilir ve önbellek/geçici dosyalar temizlenir.', 'Adım 3: Hata devam ederse ekran görüntüsüyle birlikte yazılım destek ekibine ticket açılır.'], 'self_service_uygun_mu': True}","['uygulama_adi', 'isletim_sistemi', 'hata_ekran_goruntusu']","Hangi uygulamada ve tam olarak ne zaman bu hatayı alıyorsunuz, ekran görüntüsü paylaşabilir misiniz?"
T-3551,Fatma Çelik - yöneticim departman değiştirdi ama sistemde hâlâ eski yöneticim onaycı olarak görünüyor.,Arıza (Incident),Finans,Masraf & Ödeme,Onay Akışında Yönetici Görünmüyor Sorunu,Düşük,"{'cozum_basligi': 'Onay akışı yönetici ataması düzeltme süreci', 'adimlar': ['Adım 1: Organizasyon şemasında çalışanın tanımlı yöneticisi sistemden kontrol edilir.', 'Adım 2: Yönetici ayrılmış/değişmiş ise onay akışı güncel yöneticiye yeniden atanır.', 'Adım 3: Bekleyen tüm formlar yeni onay akışına manuel olarak yönlendirilir.'], 'self_service_uygun_mu': False}","['ad_soyad', 'form_no', 'eski_yonetici', 'yeni_yonetici']",Onay akışında hangi form takılı kaldı ve eski yöneticiniz mi hâlâ sistemde görünüyor?
T-3552,"Evlilik bildirimimi yapmak istiyorum, gerekli evrakları nereye iletebilirim?",Hizmet Talebi (Service Request),İnsan Kaynakları,Bordro & Özlük,Evlilik Bildirimi,Orta,"{'cozum_basligi': 'Evlilik durum değişikliği kayıt süreci', 'adimlar': ['Adım 1: Evlilik cüzdanı fotokopisi/belgesi çalışandan talep edilir.', 'Adım 2: Medeni hal ve varsa soyadı bilgisi İK sisteminde güncellenir.', 'Adım 3: Vergi matrahı, SGK ve varsa özel sağlık sigortası kayıtları güncellenmesi için ilgili birimlere bilgi verilir.'], 'self_service_uygun_mu': False}","['ad_soyad', 'evlilik_tarihi', 'evlilik_cuzdani_belgesi']","Evlilik tarihinizi ve evlilik cüzdanı belgesini paylaşabilir misiniz, medeni hal güncellemesi için gerekiyor?"
T-3553,Tedarikçi firmadan gelecek kişi için otopark yer ayrılabilir mi 23 Kasım?,Hizmet Talebi (Service Request),İdari İşler,Güvenlik & Ulaşım,Misafir Otopark İzni,Orta,"{'cozum_basligi': 'Misafir otopark giriş izni tanımlama', 'adimlar': ['Adım 1: Misafirin plaka bilgisi ve ziyaret tarihi/saati alınır.', 'Adım 2: Güvenlik birimine otopark giriş izni tanımlanır.', 'Adım 3: Misafir giriş yaptığında güvenlik plaka üzerinden yönlendirme yapar.'], 'self_service_uygun_mu': False}","['misafir_ad_soyad', 'plaka_no', 'ziyaret_tarihi_saati']",Misafirinizin plaka bilgisi ve ziyaret saati nedir?
T-3554,Kaart limiti artirimi istiyorum proje harcamalari icin yetersiz kaliyor,Hizmet Talebi (Service Request),Finans,Masraf & Ödeme,Kurumsal Kredi Kartı Limit Artırımı,Düşük,"{'cozum_basligi': 'Kurumsal kredi kartı limit artırım süreci', 'adimlar': ['Adım 1: Mevcut limit, kullanım geçmişi ve talep gerekçesi kaydedilir.', 'Adım 2: Yönetici ve finans müdürü onayına gönderilir.', 'Adım 3: Onay sonrası banka ile limit artırım talebi iletilir ve süreç takip edilir.'], 'self_service_uygun_mu': False}","['ad_soyad', 'mevcut_limit', 'talep_edilen_limit', 'gerekce']","Mevcut kart limitiniz nedir ve ne kadar artış talep ediyorsunuz, gerekçeniz nedir?"
T-3555,"Teams toplantisina girerken kameram ve mikrofonum algilanmiyor, cok acil bir sunumum var.",Arıza (Incident),Bilgi Teknolojileri,Yazılım,Uygulama Hatası (Outlook/Teams/Excel vb.),Orta,"{'cozum_basligi': 'Uygulama hatası giderme', 'adimlar': ['Adım 1: Uygulama tamamen kapatılıp yeniden açılır, gerekirse bilgisayar yeniden başlatılır.', 'Adım 2: Uygulama güncellemesi kontrol edilir ve önbellek/geçici dosyalar temizlenir.', 'Adım 3: Hata devam ederse ekran görüntüsüyle birlikte yazılım destek ekibine ticket açılır.'], 'self_service_uygun_mu': True}","['uygulama_adi', 'isletim_sistemi', 'hata_ekran_goruntusu']","Hangi uygulamada ve tam olarak ne zaman bu hatayı alıyorsunuz, ekran görüntüsü paylaşabilir misiniz?"
T-3556,"Esimi ozel saglik sigortama eklttirmek istiyorum, ne yapmam gerekiyor?",Hizmet Talebi (Service Request),İnsan Kaynakları,Bordro & Özlük,ÖSS (Özel Sağlık Sigortası) Aile Kapsamı Ekleme,Düşük,"{'cozum_basligi': 'Özel sağlık sigortasına aile bireyi ekleme süreci', 'adimlar': ['Adım 1: Eklenecek aile bireyinin kimlik bilgileri ve yakınlık derecesi (eş/çocuk) alınır.', 'Adım 2: Talep sigorta şirketine İK tarafından iletilir ve poliçe güncellemesi başlatılır.', 'Adım 3: Poliçe onayı sonrası yeni sağlık kartı çalışana/aile bireyine ulaştırılır.'], 'self_service_uygun_mu': False}","['ad_soyad', 'eklenecek_kisi_tc', 'poliçe_baslangic_tarihi']","Eklemek istediğiniz kişi eşiniz mi çocuğunuz mu, kimlik bilgilerini paylaşabilir misiniz?"
T-3557,"25 Mayıs'de gönderilen kargom hala gelmedi, takip numarasını paylaşabilirim.",Bilgi Talebi (Information),İdari İşler,Satınalma/Malzeme,Kargo/Kurye Teslimat Takibi,Orta,"{'cozum_basligi': 'Kargo/kurye teslimat takibi', 'adimlar': ['Adım 1: Kargo takip numarası ve gönderici bilgisi ile kargo firması sistemi kontrol edilir.', 'Adım 2: Resepsiyon/depo teslim kaydı kontrol edilerek paketin durumu netleştirilir.', 'Adım 3: Paket bulunamıyorsa kargo firmasına resmi kayıp/gecikme bildirimi açılır.'], 'self_service_uygun_mu': True}","['gonderici_bilgisi', 'teslimat_lokasyonu']","Kargo ne zaman gönderildi, teslimat için beklediğiniz lokasyon neresi?"
T-3558,Resepsiyona kargo geldi mi acaba bilgi alabilir miyim Kaan Yıldız adına?,Bilgi Talebi (Information),İdari İşler,Satınalma/Malzeme,Kargo/Kurye Teslimat Takibi,Düşük,"{'cozum_basligi': 'Kargo/kurye teslimat takibi', 'adimlar': ['Adım 1: Kargo takip numarası ve gönderici bilgisi ile kargo firması sistemi kontrol edilir.', 'Adım 2: Resepsiyon/depo teslim kaydı kontrol edilerek paketin durumu netleştirilir.', 'Adım 3: Paket bulunamıyorsa kargo firmasına resmi kayıp/gecikme bildirimi açılır.'], 'self_service_uygun_mu': True}","['takip_no', 'kargo_firmasi', 'gonderi_tarihi']",Kargonuzun takip numarası var mı ve hangi firmadan gönderildi?
T-3559,"Acilen Sibel Kılıç - GBP faturasını girmeye çalışıyorum ama sistem sadece TL kabul ediyor, yardımcı olur musunuz?",Hizmet Talebi (Service Request),Finans,Masraf & Ödeme,Çoklu Para Birimli Fatura Girişi,Orta,"{'cozum_basligi': 'Çoklu para birimli fatura giriş desteği', 'adimlar': ['Adım 1: Faturanın orijinal para birimi ve tutarı doğrulanır.', 'Adım 2: ERP sisteminde ilgili para birimi tanımlı değilse muhasebe sistem ekibi tanımlama yapar.', 'Adım 3: Fatura, güncel kur ile TL karşılığı hesaplanarak sisteme işlenir.'], 'self_service_uygun_mu': False}","['fatura_no', 'tedarikci_adi', 'para_birimi', 'tutar']",Faturanın para birimi nedir (USD/EUR/GBP) ve sistemde bu para birimiyle giriş yapabiliyor musunuz?
T-3560,Rica etsem acil Misafir otopark izni lazim ogleden sonra gelecekler,Hizmet Talebi (Service Request),İdari İşler,Güvenlik & Ulaşım,Misafir Otopark İzni,Orta,"{'cozum_basligi': 'Misafir otopark giriş izni tanımlama', 'adimlar': ['Adım 1: Misafirin plaka bilgisi ve ziyaret tarihi/saati alınır.', 'Adım 2: Güvenlik birimine otopark giriş izni tanımlanır.', 'Adım 3: Misafir giriş yaptığında güvenlik plaka üzerinden yönlendirme yapar.'], 'self_service_uygun_mu': False}","['misafir_ad_soyad', 'plaka_no', 'ziyaret_tarihi_saati']",Misafirinizin plaka bilgisi ve ziyaret saati nedir?
T-3561,"Levent plaza 12. kat'da misafir wifi ağına bağlanamıyorum, şifreyi doğru giriyorum.",Arıza (Incident),Bilgi Teknolojileri,Ağ/Network,Wi-Fi Bağlantı Sorunu,Düşük,"{'cozum_basligi': 'Wi-Fi bağlantı sorunu çözümü', 'adimlar': ['Adım 1: Cihazın Wi-Fi ayarları kapatılıp açılır, ağa yeniden bağlanılır.', 'Adım 2: Şifre doğru girildi mi ve sinyal gücü yeterli mi kontrol edilir.', 'Adım 3: Sorun sürüyorsa erişim noktası (AP) kontrolü için ticket açılır.'], 'self_service_uygun_mu': True}","['ofis_lokasyon', 'cihaz_turu']","Wi-Fi ağı görünüyor mu ama bağlanamıyor musunuz, yoksa hiç görünmüyor mu?"
T-3562,"Roportaj icin basin mensubu geliyor 24 Mayis, guvenlik onayi gerekiyor.",Hizmet Talebi (Service Request),İdari İşler,Güvenlik & Ulaşım,Ziyaretçi Giriş Talebi,Orta,"{'cozum_basligi': 'Ziyaretçi giriş kaydı oluşturma', 'adimlar': ['Adım 1: Ziyaretçi bilgileri (ad soyad, TC/kimlik, ziyaret amacı) alınır.', 'Adım 2: Güvenlik birimine ziyaret tarihi ve saati bildirilir.', 'Adım 3: Ziyaretçi giriş gününde resepsiyonda kayıt yapılıp kartı teslim edilir.'], 'self_service_uygun_mu': False}","['ziyaretci_ad_soyad', 'ziyaret_tarihi_saati', 'ziyaret_edilen_kisi']","Ziyaretçinin adı, ziyaret tarihi/saati ve kimi ziyaret edeceği bilgisini alabilir miyim?"
T-3563,"Kristal Salon içindeki hoparlör ses vermiyor, katılımcılar bizi duyamıyor.",Arıza (Incident),İdari İşler,Ofis Ekipmanı,Toplantı Odası Ekipman Arızası (ClickShare/Projeksiyon),Orta,"{'cozum_basligi': 'Toplantı odası ekran/görüntü aktarım arızası giderme', 'adimlar': ['Adım 1: ClickShare/HDMI kablosu ve cihazın güç bağlantısı kontrol edilir.', 'Adım 2: Ekran/projeksiyon cihazı yeniden başlatılır, giriş kaynağı kontrol edilir.', 'Adım 3: Sorun devam ederse toplantı öncesi acil teknik destek için ticket açılır.'], 'self_service_uygun_mu': True}","['oda_adi', 'ekipman_turu', 'toplanti_saati']",Hangi toplantı odasından bahsediyorsunuz ve toplantınız ne zaman başlıyor?
T-3564,"Yeni ise baslayan arkadasimiz icin bir laptop ve monitor kurulumu gerekiyor, İzmir sube.",Hizmet Talebi (Service Request),Bilgi Teknolojileri,Donanım,Yeni Ekipman Kurulumu,Orta,"{'cozum_basligi': 'Yeni donanım ekipmanı kurulum süreci', 'adimlar': ['Adım 1: Talep, envanter ve bütçe onayı için yöneticiye/IT sorumlusuna iletilir.', 'Adım 2: Uygun ekipman depo stoğundan veya satın alma sürecinden temin edilir.', 'Adım 3: Kurulum IT saha ekibi tarafından belirlenen tarihte yerinde gerçekleştirilir.'], 'self_service_uygun_mu': False}","['ekipman_turu', 'departman', 'teslim_tarihi']","Hangi ekipmana ihtiyacınız var ve kimin için, hangi lokasyona kurulacak?"
T-3565,"Lütfen acil Maaşım bu ay eksik yattı sanırım, kontrol edebilir misiniz?",Arıza (Incident),İnsan Kaynakları,Bordro & Özlük,Bordro/Maaş Bilgisi Talebi,Orta,"{'cozum_basligi': 'Bordro/maaş bilgisi inceleme süreci', 'adimlar': ['Adım 1: Çalışanın ilgili ay bordrosu bordro sisteminden çekilip incelenir.', 'Adım 2: Kesinti/ek ödeme kalemleri tek tek karşılaştırılır ve hata olup olmadığı tespit edilir.', 'Adım 3: Hata tespit edilirse düzeltme için bordro/muhasebe ekibine ticket açılır.'], 'self_service_uygun_mu': False}","['ad_soyad', 'sicil_no', 'ilgili_ay']",Hangi ayın bordrosuyla ilgili ve tam olarak hangi kalemde hata olduğunu düşünüyorsunuz?
T-3566,"Yeni işe başlayan arkadaşımız için bir laptop ve monitör kurulumu gerekiyor, Üretim tesisi idari bina.",Hizmet Talebi (Service Request),Bilgi Teknolojileri,Donanım,Yeni Ekipman Kurulumu,Düşük,"{'cozum_basligi': 'Yeni donanım ekipmanı kurulum süreci', 'adimlar': ['Adım 1: Talep, envanter ve bütçe onayı için yöneticiye/IT sorumlusuna iletilir.', 'Adım 2: Uygun ekipman depo stoğundan veya satın alma sürecinden temin edilir.', 'Adım 3: Kurulum IT saha ekibi tarafından belirlenen tarihte yerinde gerçekleştirilir.'], 'self_service_uygun_mu': False}","['ekipman_turu', 'kullanici_adi', 'ofis_lokasyon', 'talep_tarihi']","Hangi ekipmana ihtiyacınız var ve kimin için, hangi lokasyona kurulacak?"
T-3567,"Ekip buyudu, Lojistik icin 2 yeni ekipman seti (bilgisayar+monitor) talep ediyoruz.",Hizmet Talebi (Service Request),Bilgi Teknolojileri,Donanım,Yeni Ekipman Kurulumu,Orta,"{'cozum_basligi': 'Yeni donanım ekipmanı kurulum süreci', 'adimlar': ['Adım 1: Talep, envanter ve bütçe onayı için yöneticiye/IT sorumlusuna iletilir.', 'Adım 2: Uygun ekipman depo stoğundan veya satın alma sürecinden temin edilir.', 'Adım 3: Kurulum IT saha ekibi tarafından belirlenen tarihte yerinde gerçekleştirilir.'], 'self_service_uygun_mu': False}","['ekipman_turu', 'departman', 'teslim_tarihi']","Hangi ekipmana ihtiyacınız var ve kimin için, hangi lokasyona kurulacak?"
T-3568,"Baris Şahin - sut iznim icin ise gec baslamak istiyorum, uyugn mudur?",Hizmet Talebi (Service Request),İnsan Kaynakları,İzin Yönetimi,Süt İzni Talebi,Orta,"{'cozum_basligi': 'Süt izni düzenleme süreci', 'adimlar': ['Adım 1: Doğum tarihi teyit edilerek yasal süt izni hakkı (ilk 6 ay günde 1,5 saat) hesaplanır.', 'Adım 2: Çalışma saatlerine nasıl entegre edileceği (sabah/akşam/tek seferde) belirlenir.', 'Adım 3: Yönetici bilgilendirilir ve süt izni takvime/çalışma planına işlenir.'], 'self_service_uygun_mu': False}","['ad_soyad', 'dogum_tarihi', 'tercih_edilen_saat']","Süt izninizi günün hangi saatinde kullanmak istersiniz, sabah mı akşam mı?"
T-3569,"Taşındım, serviis güzergahımın güncellenmesi gerekiyor.",Bilgi Talebi (Information),İdari İşler,Güvenlik & Ulaşım,Servis Güzergah Talebi,Orta,"{'cozum_basligi': 'Personel servis güzergahı düzenleme', 'adimlar': ['Adım 1: Talep edilen adres mevcut güzergahlara uygunluk açısından incelenir.', 'Adım 2: Ulaşım/idari işler ekibi güzergah planlamasını günceller.', 'Adım 3: Yeni güzergah bilgisi çalışana ve servis şoförüne iletilir.'], 'self_service_uygun_mu': False}","['ev_adresi', 'mevcut_hat_no', 'talep_turu']",Mevcut servis güzergahınızda mı değişiklik istiyorsunuz yoksa yeni bir durak mı ekleniyor?
T-3570,"Lütfen acil Kartım çalındı sanırım, 3 Ocak akşamı otobüste kaybettim. Ne zaman çözülür acaba?",Arıza (Incident),İdari İşler,Güvenlik & Ulaşım,Kayıp Giriş Kartı,Orta,"{'cozum_basligi': 'Kayıp giriş kartı iptal ve yeniden basım süreci', 'adimlar': ['Adım 1: Kayıp kart derhal sistem üzerinden iptal edilir, güvenlik riski önlenir.', 'Adım 2: Kimlik doğrulaması sonrası yeni kart basım talebi oluşturulur.', 'Adım 3: Yeni kart resepsiyon/güvenlik biriminden teslim alınır.'], 'self_service_uygun_mu': False}","['ad_soyad', 'sicil_no', 'kayip_tarihi']","Kartınızı en son ne zaman ve nerede kullandığınızı hatırlıyor musunuz, kaybolduğunu mu düşünüyorsunuz?"
T-3571,"Acilen Selin Catering Hizmetleri IBAN'ını değiştirmiş, mutabakat yapmadan ödeme geçmeyelim. Teşekkür ederim şimdiden.",Bilgi Talebi (Information),Finans,Masraf & Ödeme,Tedarikçi IBAN/Vade Mutabakatı,Orta,"{'cozum_basligi': 'Tedarikçi IBAN/vade mutabakat süreci', 'adimlar': ['Adım 1: Tedarikçinin sistemde kayıtlı IBAN ve vade koşulları kontrol edilir.', 'Adım 2: Tedarikçiden güncel IBAN/vade bilgisini teyit eden resmi yazı istenir.', 'Adım 3: Bilgiler güncellendikten sonra mutabakat formu karşılıklı imzalanarak kapatılır.'], 'self_service_uygun_mu': False}","['tedarikci_adi', 'vade_gun_sayisi']",Tedarikçinin IBAN bilgisi mi değişti yoksa vade koşullarında bir anlaşmazlık mı var?
T-3572,"Lütfen acil Kartım harcama sırasında reddedildi, limit dolmuş olabilir, kontrol eder misiniz?",Hizmet Talebi (Service Request),Finans,Masraf & Ödeme,Kurumsal Kredi Kartı Limit Artırımı,Düşük,"{'cozum_basligi': 'Kurumsal kredi kartı limit artırım süreci', 'adimlar': ['Adım 1: Mevcut limit, kullanım geçmişi ve talep gerekçesi kaydedilir.', 'Adım 2: Yönetici ve finans müdürü onayına gönderilir.', 'Adım 3: Onay sonrası banka ile limit artırım talebi iletilir ve süreç takip edilir.'], 'self_service_uygun_mu': False}","['ad_soyad', 'mevcut_limit', 'talep_edilen_limit', 'gerekce']","Mevcut kart limitiniz nedir ve ne kadar artış talep ediyorsunuz, gerekçeniz nedir?"
T-3573,"Vize için yazı lazım, çalışma belgesi çıkartabilir misiniz?",Hizmet Talebi (Service Request),İnsan Kaynakları,Bordro & Özlük,Özlük/Çalışma Belgesi Talebi,Orta,"{'cozum_basligi': 'Özlük/çalışma belgesi düzenleme', 'adimlar': ['Adım 1: Talep edilen belge türü ve kullanım amacı teyit edilir.', 'Adım 2: İK sistemi üzerinden güncel çalışan bilgileriyle belge hazırlanır.', 'Adım 3: Belge imzalandıktan sonra çalışana e-posta veya elden teslim edilir.'], 'self_service_uygun_mu': True}","['ad_soyad', 'sicil_no', 'belge_turu', 'kullanim_amaci']","Hangi belgeye ihtiyacınız var (çalışma belgesi, hizmet dökümü vb.) ve hangi amaçla kullanılacak?"
T-3574,9.127 TL avans talep ediyorum 6 Mart seyahati için.,Hizmet Talebi (Service Request),Finans,Masraf & Ödeme,Avans Talebi,Düşük,"{'cozum_basligi': 'Avans talebi işleme süreci', 'adimlar': ['Adım 1: Avans talebi tutarı ve gerekçesi (seyahat/proje) kaydedilir.', 'Adım 2: Yönetici ve finans onayına gönderilir.', 'Adım 3: Onay sonrası avans, belirtilen banka hesabına aktarılır.'], 'self_service_uygun_mu': False}","['ad_soyad', 'tutar', 'gerekce', 'seyahat_tarihi']",Avans hangi seyahat/proje için ve ne kadar tutar için gerekiyor?
T-3575,Koltugum yukseklik ayari bozuldu sureekli asagi iniyor,Hizmet Talebi (Service Request),İdari İşler,Bina/Tesis Bakım,Ofis Mobilya Arızası (Ergonomik Masa/Koltuk),Düşük,"{'cozum_basligi': 'Ergonomik mobilya arıza/bakım süreci', 'adimlar': ['Adım 1: Arızanın türü (mekanizma, yükseklik ayarı, tekerlek vb.) tespit edilir.', 'Adım 2: Bina bakım ekibi basit onarımı yerinde dener.', 'Adım 3: Onarılamıyorsa parça değişimi veya mobilya değişimi için satınalma sürecine yönlendirilir.'], 'self_service_uygun_mu': False}","['mobilya_turu', 'ofis_lokasyon', 'ariza_tanimi']","Koltuğunuzda mı yoksa masanızda mı sorun var, tam olarak ne arızalandı?"
T-3576,"Acilen Yıldız Aydın - masaüstü bilgisayarımın fanı çok ses yapıyor ve ısınıyor, dikkatimi dağıtıyor. Ne zaman çözülür acaba?",Arıza (Incident),Bilgi Teknolojileri,Donanım,Bilgisayar Arıza/Onarım,Orta,"{'cozum_basligi': 'Bilgisayar donanım arızası ilk müdahale', 'adimlar': ['Adım 1: Cihaz kapatılıp yeniden başlatılır, güç kablosu ve bağlantılar kontrol edilir.', 'Adım 2: Uzaktan tanı aracıyla donanım sağlık testi çalıştırılır.', 'Adım 3: Sorun devam ederse yerinde teknik destek için ticket açılır ve teknisyen yönlendirilir.'], 'self_service_uygun_mu': True}","['cihaz_seri_no', 'ofis_lokasyon', 'ariza_tanimi']","Cihazınız hiç açılmıyor mu yoksa açılıp kapanıyor mu, ayrıca cihazın seri numarasını paylaşabilir misiniz?"
T-3577,Acilen 6 Aralık tarihleri arası 5 gün yıllık izin kullanmak istiyorum. Teşekkür ederim şimdiden.,Bilgi Talebi (Information),İnsan Kaynakları,İzin Yönetimi,Yıllık İzin Talebi/Bakiye Sorgulama,Orta,"{'cozum_basligi': 'Yıllık izin talebi/bakiye sorgulama süreci', 'adimlar': ['Adım 1: İK portalından güncel izin bakiyesi kontrol edilir.', 'Adım 2: Talep edilen tarih aralığı yöneticinin onayına gönderilir.', 'Adım 3: Onay sonrası izin sistemde işlenir ve bordroya yansıtılır.'], 'self_service_uygun_mu': True}","['ad_soyad', 'kalan_izin_sorgusu']","Hangi tarihler arasında izin kullanmak istiyorsunuz, yoksa sadece bakiye mi öğrenmek istiyorsunuz?"
T-3578,Nazlı Aydın - fatura EUR olarak kesildi ama TL'ye çevrilirken güncel kur kullanılmamış sanırım.,Arıza (Incident),Finans,Masraf & Ödeme,Döviz Kuru Farkı/Uyumsuzluğu,Orta,"{'cozum_basligi': 'Döviz kuru farkı/uyumsuzluğu inceleme süreci', 'adimlar': ['Adım 1: Harcama tarihindeki resmi TCMB kuru ile sistemde kullanılan kur karşılaştırılır.', 'Adım 2: Fark tespit edilirse hangi kur kaynağının kullanıldığı muhasebe ile teyit edilir.', 'Adım 3: Hatalı hesaplama varsa düzeltme kaydı oluşturulur ve fark tazmin edilir.'], 'self_service_uygun_mu': False}","['ad_soyad', 'harcama_tarihi', 'doviz_tutar', 'kullanilan_kur']","Harcamanızın tarihini ve hangi döviz cinsinden olduğunu paylaşabilir misiniz, hangi kur baz alınmış görüyorsunuz?"
T-3579,"Acilen Gecen ay bordromda bir hata var sanirim, Pinar. Teşekkür ederim şimdiden.",Bilgi Talebi (Information),İnsan Kaynakları,Bordro & Özlük,Bordro/Maaş Bilgisi Talebi,Orta,"{'cozum_basligi': 'Bordro/maaş bilgisi inceleme süreci', 'adimlar': ['Adım 1: Çalışanın ilgili ay bordrosu bordro sisteminden çekilip incelenir.', 'Adım 2: Kesinti/ek ödeme kalemleri tek tek karşılaştırılır ve hata olup olmadığı tespit edilir.', 'Adım 3: Hata tespit edilirse düzeltme için bordro/muhasebe ekibine ticket açılır.'], 'self_service_uygun_mu': False}","['ad_soyad', 'sicil_no', 'ilgili_ay']",Hangi ayın bordrosuyla ilgili ve tam olarak hangi kalemde hata olduğunu düşünüyorsunuz?
T-3580,"Çok acil, Toplanti odasindaki ekran hic acilmiyor sunum yapamiyoruz",Arıza (Incident),İdari İşler,Ofis Ekipmanı,Toplantı Odası Ekipman Arızası (ClickShare/Projeksiyon),Orta,"{'cozum_basligi': 'Toplantı odası ekran/görüntü aktarım arızası giderme', 'adimlar': ['Adım 1: ClickShare/HDMI kablosu ve cihazın güç bağlantısı kontrol edilir.', 'Adım 2: Ekran/projeksiyon cihazı yeniden başlatılır, giriş kaynağı kontrol edilir.', 'Adım 3: Sorun devam ederse toplantı öncesi acil teknik destek için ticket açılır.'], 'self_service_uygun_mu': True}","['oda_adi', 'hata_tanimi']",Hangi toplantı odasından bahsediyorsunuz ve toplantınız ne zaman başlıyor?
T-3581,"22 Ağustos günü tedarikçi firmadan 2 kişi gelecek, resepsiyona bildirim yapar mısınız?",Hizmet Talebi (Service Request),İdari İşler,Güvenlik & Ulaşım,Ziyaretçi Giriş Talebi,Orta,"{'cozum_basligi': 'Ziyaretçi giriş kaydı oluşturma', 'adimlar': ['Adım 1: Ziyaretçi bilgileri (ad soyad, TC/kimlik, ziyaret amacı) alınır.', 'Adım 2: Güvenlik birimine ziyaret tarihi ve saati bildirilir.', 'Adım 3: Ziyaretçi giriş gününde resepsiyonda kayıt yapılıp kartı teslim edilir.'], 'self_service_uygun_mu': False}","['ziyaretci_ad_soyad', 'ziyaret_tarihi_saati', 'ziyaret_edilen_kisi']","Ziyaretçinin adı, ziyaret tarihi/saati ve kimi ziyaret edeceği bilgisini alabilir miyim?"
T-3582,Lütfen acil Yillik izin talebimi onaylatmam lazim aciliyeti var seyahat planim var,Bilgi Talebi (Information),İnsan Kaynakları,İzin Yönetimi,Yıllık İzin Talebi/Bakiye Sorgulama,Yüksek,"{'cozum_basligi': 'Yıllık izin talebi/bakiye sorgulama süreci', 'adimlar': ['Adım 1: İK portalından güncel izin bakiyesi kontrol edilir.', 'Adım 2: Talep edilen tarih aralığı yöneticinin onayına gönderilir.', 'Adım 3: Onay sonrası izin sistemde işlenir ve bordroya yansıtılır.'], 'self_service_uygun_mu': True}","['ad_soyad', 'izin_baslangic_bitis_tarihi']","Hangi tarihler arasında izin kullanmak istiyorsunuz, yoksa sadece bakiye mi öğrenmek istiyorsunuz?"
T-3583,Fatura odemesi ne zaman yapilacak vadesi gecti sairim,Bilgi Talebi (Information),Finans,Masraf & Ödeme,Fatura Ödeme Takibi,Orta,"{'cozum_basligi': 'Fatura ödeme durumu takibi', 'adimlar': ['Adım 1: Fatura numarası ile muhasebe/ERP sisteminde ödeme kaydı sorgulanır.', 'Adım 2: Ödeme planlanan tarih ve onay durumu kontrol edilir.', 'Adım 3: Gecikme varsa ödeme sorumlusuna hatırlatma yapılır ve tedarikçiye bilgi verilir.'], 'self_service_uygun_mu': True}","['fatura_no', 'vade_tarihi']",Fatura numarasını ve tedarikçi firma adını paylaşabilir misiniz?
T-3584,"Anka Danışmanlık bizi aradı fatura ödemesi gecikmiş, kontrol eder misiniz?",Hizmet Talebi (Service Request),Finans,Masraf & Ödeme,Fatura Ödeme Takibi,Orta,"{'cozum_basligi': 'Fatura ödeme durumu takibi', 'adimlar': ['Adım 1: Fatura numarası ile muhasebe/ERP sisteminde ödeme kaydı sorgulanır.', 'Adım 2: Ödeme planlanan tarih ve onay durumu kontrol edilir.', 'Adım 3: Gecikme varsa ödeme sorumlusuna hatırlatma yapılır ve tedarikçiye bilgi verilir.'], 'self_service_uygun_mu': True}","['fatura_no', 'tedarikci_adi', 'tutar']",Fatura numarasını ve tedarikçi firma adını paylaşabilir misiniz?
T-3585,Toplanti odasindaki ekran hic acilmiyor sunum yapamiyoruz,Arıza (Incident),İdari İşler,Ofis Ekipmanı,Toplantı Odası Ekipman Arızası (ClickShare/Projeksiyon),Orta,"{'cozum_basligi': 'Toplantı odası ekran/görüntü aktarım arızası giderme', 'adimlar': ['Adım 1: ClickShare/HDMI kablosu ve cihazın güç bağlantısı kontrol edilir.', 'Adım 2: Ekran/projeksiyon cihazı yeniden başlatılır, giriş kaynağı kontrol edilir.', 'Adım 3: Sorun devam ederse toplantı öncesi acil teknik destek için ticket açılır.'], 'self_service_uygun_mu': True}","['oda_adi', 'hata_tanimi']",Hangi toplantı odasından bahsediyorsunuz ve toplantınız ne zaman başlıyor?
T-3586,"Rica etsem acil VPN şifremi doğru giriyorum ama 'yetkisiz erişim' hatası alıyorum. Gerçekten çok sıkıntı oluyor, bir an önce ilgilenirseniz sevinirim.",Arıza (Incident),Bilgi Teknolojileri,Ağ/Network,VPN Erişim Sorunu,Yüksek,"{'cozum_basligi': 'VPN bağlantı sorunu çözümü', 'adimlar': ['Adım 1: VPN istemcisi güncel mi kontrol edilir, kullanıcı adı/şifre doğrulanır.', 'Adım 2: İnternet bağlantısı ve güvenlik duvarı ayarları kontrol edilir, istemci yeniden başlatılır.', 'Adım 3: Erişim devam etmiyorsa VPN sertifikası/erişim yetkisi için ticket açılır.'], 'self_service_uygun_mu': True}","['kullanici_adi', 'cihaz_turu', 'hata_mesaji']",VPN'e hiç bağlanamıyor musunuz yoksa bağlanıp kısa süre sonra mı düşüyorsunuz? Bir hata mesajı görüyor musunuz?
T-3587,Rica etsem acil Kartim calismiyor turnikeden gecemiyorum belki bozulmustur,Arıza (Incident),İdari İşler,Güvenlik & Ulaşım,Kayıp Giriş Kartı,Düşük,"{'cozum_basligi': 'Kayıp giriş kartı iptal ve yeniden basım süreci', 'adimlar': ['Adım 1: Kayıp kart derhal sistem üzerinden iptal edilir, güvenlik riski önlenir.', 'Adım 2: Kimlik doğrulaması sonrası yeni kart basım talebi oluşturulur.', 'Adım 3: Yeni kart resepsiyon/güvenlik biriminden teslim alınır.'], 'self_service_uygun_mu': False}","['ad_soyad', 'sicil_no', 'kayip_tarihi']","Kartınızı en son ne zaman ve nerede kullandığınızı hatırlıyor musunuz, kaybolduğunu mu düşünüyorsunuz?"
T-3588,Prizler calismiyor 3. kat bilgisayarim sarj olmuyor,Arıza (Incident),İdari İşler,Bina/Tesis Bakım,Elektrik/Aydınlatma Arızası,Orta,"{'cozum_basligi': 'Elektrik/aydınlatma arıza giderme', 'adimlar': ['Adım 1: Sigorta atmış mı, ampul/armatür arızalı mı kontrol edilir.', 'Adım 2: Bina teknik ekibi lokasyona yönlendirilir.', 'Adım 3: Kalıcı çözüm için gerekiyorsa dış elektrik servisi çağrılır.'], 'self_service_uygun_mu': False}","['ofis_lokasyon', 'ariza_tanimi', 'aciliyet_durumu']",Sorun tüm katta mı yoksa belirli bir bölgede/masada mı yaşanıyor?
T-3589,"Çok acil, Nihan Çetin - servis durağımın değiştirilmesini talep ediyorum, ev taşındı. İşlerim çok aksıyor, acil çözüm bekliyorum.",Hizmet Talebi (Service Request),İdari İşler,Güvenlik & Ulaşım,Servis Güzergah Talebi,Düşük,"{'cozum_basligi': 'Personel servis güzergahı düzenleme', 'adimlar': ['Adım 1: Talep edilen adres mevcut güzergahlara uygunluk açısından incelenir.', 'Adım 2: Ulaşım/idari işler ekibi güzergah planlamasını günceller.', 'Adım 3: Yeni güzergah bilgisi çalışana ve servis şoförüne iletilir.'], 'self_service_uygun_mu': False}","['ev_adresi', 'mevcut_hat_no', 'talep_turu']",Mevcut servis güzergahınızda mı değişiklik istiyorsunuz yoksa yeni bir durak mı ekleniyor?
T-3590,18 Mayis tarihleri arasi 5 gun yillik izin kullanmak istiyorum.,Bilgi Talebi (Information),İnsan Kaynakları,İzin Yönetimi,Yıllık İzin Talebi/Bakiye Sorgulama,Orta,"{'cozum_basligi': 'Yıllık izin talebi/bakiye sorgulama süreci', 'adimlar': ['Adım 1: İK portalından güncel izin bakiyesi kontrol edilir.', 'Adım 2: Talep edilen tarih aralığı yöneticinin onayına gönderilir.', 'Adım 3: Onay sonrası izin sistemde işlenir ve bordroya yansıtılır.'], 'self_service_uygun_mu': True}","['ad_soyad', 'izin_baslangic_bitis_tarihi']","Hangi tarihler arasında izin kullanmak istiyorsunuz, yoksa sadece bakiye mi öğrenmek istiyorsunuz?"
T-3591,"Muhasebe programi lisansim bitmis, yenilenmesi gerekiyor.",Hizmet Talebi (Service Request),Bilgi Teknolojileri,Yazılım,Yazılım Lisans/Kurulum Talebi,Düşük,"{'cozum_basligi': 'Yazılım lisans/kurulum süreci', 'adimlar': ['Adım 1: Talep, lisans uygunluğu ve yönetici onayı için değerlendirilir.', 'Adım 2: Lisans anahtarı temin edilir veya mevcut lisans havuzundan atama yapılır.', 'Adım 3: Kurulum IT ekibi tarafından uzaktan veya yerinde gerçekleştirilir.'], 'self_service_uygun_mu': False}","['yazilim_adi', 'kullanici_adi', 'onay_bilgisi']",Hangi yazılımın lisansına/kurulumuna ihtiyacınız var ve bu talep yöneticiniz tarafından onaylandı mı?
T-3592,"Kartim harcama sirasinda reddedildi, limit dolmus olabilir, kontrol eder misiniz?",Hizmet Talebi (Service Request),Finans,Masraf & Ödeme,Kurumsal Kredi Kartı Limit Artırımı,Orta,"{'cozum_basligi': 'Kurumsal kredi kartı limit artırım süreci', 'adimlar': ['Adım 1: Mevcut limit, kullanım geçmişi ve talep gerekçesi kaydedilir.', 'Adım 2: Yönetici ve finans müdürü onayına gönderilir.', 'Adım 3: Onay sonrası banka ile limit artırım talebi iletilir ve süreç takip edilir.'], 'self_service_uygun_mu': False}","['ad_soyad', 'mevcut_limit', 'talep_edilen_limit', 'gerekce']","Mevcut kart limitiniz nedir ve ne kadar artış talep ediyorsunuz, gerekçeniz nedir?"
T-3593,"Çok acil, Yurtdışı seyahatim için avans almam gerekiyor, ne kadar süre alır onay? Teşekkür ederim şimdiden.",Hizmet Talebi (Service Request),Finans,Masraf & Ödeme,Avans Talebi,Yüksek,"{'cozum_basligi': 'Avans talebi işleme süreci', 'adimlar': ['Adım 1: Avans talebi tutarı ve gerekçesi (seyahat/proje) kaydedilir.', 'Adım 2: Yönetici ve finans onayına gönderilir.', 'Adım 3: Onay sonrası avans, belirtilen banka hesabına aktarılır.'], 'self_service_uygun_mu': False}","['ad_soyad', 'tutar', 'gerekce', 'seyahat_tarihi']",Avans hangi seyahat/proje için ve ne kadar tutar için gerekiyor?
T-3594,"Acilen Yazıcı kağıdı bitti, birkaç paket A4 kağıt rica ederim 2. kat toplantı koridoru. Ne zaman çözülür acaba?",Hizmet Talebi (Service Request),İdari İşler,Satınalma/Malzeme,Kırtasiye Malzeme Talebi,Düşük,"{'cozum_basligi': 'Kırtasiye malzeme temini', 'adimlar': ['Adım 1: Talep departman yöneticisi onayına iletilir.', 'Adım 2: Depo stoğundan malzemeler hazırlanır.', 'Adım 3: Malzemeler belirtilen teslimat lokasyonuna gönderilir.'], 'self_service_uygun_mu': False}","['malzeme_listesi_miktar', 'departman', 'teslimat_lokasyonu']","Hangi malzemelerden ne miktarda ihtiyacınız var, liste hâlinde belirtebilir misiniz?"
T-3595,8.773 TL avans talep ediyorrum 13 Ocak seyahati icin.,Hizmet Talebi (Service Request),Finans,Masraf & Ödeme,Avans Talebi,Orta,"{'cozum_basligi': 'Avans talebi işleme süreci', 'adimlar': ['Adım 1: Avans talebi tutarı ve gerekçesi (seyahat/proje) kaydedilir.', 'Adım 2: Yönetici ve finans onayına gönderilir.', 'Adım 3: Onay sonrası avans, belirtilen banka hesabına aktarılır.'], 'self_service_uygun_mu': False}","['ad_soyad', 'tutar', 'gerekce', 'seyahat_tarihi']",Avans hangi seyahat/proje için ve ne kadar tutar için gerekiyor?
T-3596,"Ebru Yildiz - takssi fisim ruzgarla uctu, kayip beyan formunu doldurmam yeterli mi?",Hizmet Talebi (Service Request),Finans,Masraf & Ödeme,Harcama Fişi Kayıp Beyanı,Yüksek,"{'cozum_basligi': 'Kayıp harcama fişi beyan ve alternatif belge süreci', 'adimlar': ['Adım 1: Kayıp fiş beyan formu doldurulur, harcama tutarı ve tarihi beyan edilir.', 'Adım 2: Mümkünse kredi kartı ekstresi/dekont gibi alternatif kanıt belgesi talep edilir.', 'Adım 3: Finans ekibi beyanı değerlendirip onaylarsa masraf formu istisnai olarak işleme alınır.'], 'self_service_uygun_mu': False}","['ad_soyad', 'harcama_tutari', 'harcama_tarihi', 'kayip_beyani_gerekcesi']",Fişi kaybettiğinize göre elinizde kredi kartı ekstresi gibi tutarı doğrulayacak başka bir belge var mı?
T-3597,"B blok 4. kat'daki elektrik panosundan ses geliyor, biraz endise vercii.",Arıza (Incident),İdari İşler,Bina/Tesis Bakım,Elektrik/Aydınlatma Arızası,Orta,"{'cozum_basligi': 'Elektrik/aydınlatma arıza giderme', 'adimlar': ['Adım 1: Sigorta atmış mı, ampul/armatür arızalı mı kontrol edilir.', 'Adım 2: Bina teknik ekibi lokasyona yönlendirilir.', 'Adım 3: Kalıcı çözüm için gerekiyorsa dış elektrik servisi çağrılır.'], 'self_service_uygun_mu': False}","['ofis_lokasyon', 'ariza_tanimi', 'aciliyet_durumu']",Sorun tüm katta mı yoksa belirli bir bölgede/masada mı yaşanıyor?
T-3598,"Şirket kartiyla yaptigim doviz harcamasi gec yansidi, kur o gun cok degismisti, fark var mi bakar misinzi?",Bilgi Talebi (Information),Finans,Masraf & Ödeme,Döviz Kuru Farkı/Uyumsuzluğu,Orta,"{'cozum_basligi': 'Döviz kuru farkı/uyumsuzluğu inceleme süreci', 'adimlar': ['Adım 1: Harcama tarihindeki resmi TCMB kuru ile sistemde kullanılan kur karşılaştırılır.', 'Adım 2: Fark tespit edilirse hangi kur kaynağının kullanıldığı muhasebe ile teyit edilir.', 'Adım 3: Hatalı hesaplama varsa düzeltme kaydı oluşturulur ve fark tazmin edilir.'], 'self_service_uygun_mu': False}","['ad_soyad', 'harcama_tarihi', 'doviz_tutar', 'kullanilan_kur']","Harcamanızın tarihini ve hangi döviz cinsinden olduğunu paylaşabilir misiniz, hangi kur baz alınmış görüyorsunuz?"
T-3599,"B blok 4. kat'daki elektrik panosundan ses geliyor, biraz endişe verici.",Arıza (Incident),İdari İşler,Bina/Tesis Bakım,Elektrik/Aydınlatma Arızası,Orta,"{'cozum_basligi': 'Elektrik/aydınlatma arıza giderme', 'adimlar': ['Adım 1: Sigorta atmış mı, ampul/armatür arızalı mı kontrol edilir.', 'Adım 2: Bina teknik ekibi lokasyona yönlendirilir.', 'Adım 3: Kalıcı çözüm için gerekiyorsa dış elektrik servisi çağrılır.'], 'self_service_uygun_mu': False}","['ofis_lokasyon', 'ariza_tanimi', 'aciliyet_durumu']",Sorun tüm katta mı yoksa belirli bir bölgede/masada mı yaşanıyor?
T-3600,"Acilen Yeni bilgisayarımda şifremi değiştirmem gerekiyor ama sistem kaabul etmiyor. Gerçekten çok sıkıntı oluyor, bir an önce ilgilenirseniz sevinirim.",Hizmet Talebi (Service Request),Bilgi Teknolojileri,Güvenlik ve Erişim,Şifre Sıfırlama,Düşük,"{'cozum_basligi': 'Şifre sıfırlama işlemi', 'adimlar': ['Adım 1: Kimlik doğrulama (çalışan sicil no / kayıtlı e-posta) yapılır.', 'Adım 2: Self servis şifre sıfırlama portalı üzerinden geçici şifre oluşturulur.', 'Adım 3: Portal üzerinden çözülemiyorsa IT güvenlik ekibi manuel sıfırlama için ticket açar.'], 'self_service_uygun_mu': True}","['kullanici_adi', 'kayitli_email']","Hangi sistemin şifresini sıfırlamamız gerekiyor: e-posta, bilgisayar girişi yoksa başka bir uygulama mı?"
T-3601,"22 Mart sabahından beri internet kesik kesik çalışıyor, toplantılara giremiyorum.",Arıza (Incident),Bilgi Teknolojileri,Ağ/Network,İnternet Bağlantı Sorunu,Yüksek,"{'cozum_basligi': 'İnternet bağlantı arızası ilk müdahale', 'adimlar': ['Adım 1: Modem/router yeniden başlatılır, kablo bağlantıları kontrol edilir.', 'Adım 2: Farklı bir cihaz veya prizden bağlantı test edilir.', 'Adım 3: Sorun devam ederse altyapı ekibine ticket açılır ve etkilenen kişi sayısı raporlanır.'], 'self_service_uygun_mu': True}","['ofis_lokasyon', 'internet_saglayici_bilgisi']",Kaç kişiyi etkiliyor bu sorun ve hangi lokasyondasınız?
T-3602,"Çok acil, 23 Şubat tarihleri arası 5 gün yıllık izin kullanmak istiyorum. Teşekkür ederim şimdiden.",Bilgi Talebi (Information),İnsan Kaynakları,İzin Yönetimi,Yıllık İzin Talebi/Bakiye Sorgulama,Düşük,"{'cozum_basligi': 'Yıllık izin talebi/bakiye sorgulama süreci', 'adimlar': ['Adım 1: İK portalından güncel izin bakiyesi kontrol edilir.', 'Adım 2: Talep edilen tarih aralığı yöneticinin onayına gönderilir.', 'Adım 3: Onay sonrası izin sistemde işlenir ve bordroya yansıtılır.'], 'self_service_uygun_mu': True}","['ad_soyad', 'izin_baslangic_bitis_tarihi']","Hangi tarihler arasında izin kullanmak istiyorsunuz, yoksa sadece bakiye mi öğrenmek istiyorsunuz?"
T-3603,"Ofiste internet yok, herkes şikayet ediyor Kadıköy ofis'da.",Arıza (Incident),Bilgi Teknolojileri,Ağ/Network,İnternet Bağlantı Sorunu,Orta,"{'cozum_basligi': 'İnternet bağlantı arızası ilk müdahale', 'adimlar': ['Adım 1: Modem/router yeniden başlatılır, kablo bağlantıları kontrol edilir.', 'Adım 2: Farklı bir cihaz veya prizden bağlantı test edilir.', 'Adım 3: Sorun devam ederse altyapı ekibine ticket açılır ve etkilenen kişi sayısı raporlanır.'], 'self_service_uygun_mu': True}","['ofis_lokasyon', 'etkilenen_kisi_sayisi', 'baslangic_zamani']",Kaç kişiyi etkiliyor bu sorun ve hangi lokasyondasınız?
T-3604,"Zeynep Aslan - Anka Danışmanlık ile yıl sonu mutabakatı yapmamız gerekiyor, bakiyeler tutmuyor.",Bilgi Talebi (Information),Finans,Masraf & Ödeme,Tedarikçi IBAN/Vade Mutabakatı,Orta,"{'cozum_basligi': 'Tedarikçi IBAN/vade mutabakat süreci', 'adimlar': ['Adım 1: Tedarikçinin sistemde kayıtlı IBAN ve vade koşulları kontrol edilir.', 'Adım 2: Tedarikçiden güncel IBAN/vade bilgisini teyit eden resmi yazı istenir.', 'Adım 3: Bilgiler güncellendikten sonra mutabakat formu karşılıklı imzalanarak kapatılır.'], 'self_service_uygun_mu': False}","['tedarikci_adi', 'mevcut_iban', 'yeni_iban_bilgisi']",Tedarikçinin IBAN bilgisi mi değişti yoksa vade koşullarında bir anlaşmazlık mı var?
T-3605,"Çok acil, Elif Demir - bu yıl kaç gün izin kullandım, kalan hakkımı öğrenebilir miyim?",Bilgi Talebi (Information),İnsan Kaynakları,İzin Yönetimi,Yıllık İzin Talebi/Bakiye Sorgulama,Orta,"{'cozum_basligi': 'Yıllık izin talebi/bakiye sorgulama süreci', 'adimlar': ['Adım 1: İK portalından güncel izin bakiyesi kontrol edilir.', 'Adım 2: Talep edilen tarih aralığı yöneticinin onayına gönderilir.', 'Adım 3: Onay sonrası izin sistemde işlenir ve bordroya yansıtılır.'], 'self_service_uygun_mu': True}","['ad_soyad', 'kalan_izin_sorgusu']","Hangi tarihler arasında izin kullanmak istiyorsunuz, yoksa sadece bakiye mi öğrenmek istiyorsunuz?"
T-3606,"Cem Çelik - eşimin dedesi vefat etti, 1 günlük mazeret izni kullanabilir miyim?",Hizmet Talebi (Service Request),İnsan Kaynakları,İzin Yönetimi,Vefat/Mazeret İzni Talebi,Yüksek,"{'cozum_basligi': 'Vefat/mazeret izni tanımlama süreci', 'adimlar': ['Adım 1: Yakınlık derecesi ve vefat tarihi bilgisi alınır (mümkünse belge sonradan tamamlanabilir).', 'Adım 2: Yasal mazeret izni (1. derece yakın için 3 gün) sisteme derhal tanımlanır.', 'Adım 3: Yönetici bilgilendirilir, çalışanın dönüş tarihi takip edilir.'], 'self_service_uygun_mu': False}","['ad_soyad', 'yakinlik_derecesi', 'izin_baslangic_tarihi']","Başsağlığı dileriz, yakınlık dereceniz nedir ve izninizin ne zaman başlamasını istersiniz?"
T-3607,"Genel Müdürlük binası'daki elektrik panosundan ses geliyor, biraz endişe verici.",Arıza (Incident),İdari İşler,Bina/Tesis Bakım,Elektrik/Aydınlatma Arızası,Orta,"{'cozum_basligi': 'Elektrik/aydınlatma arıza giderme', 'adimlar': ['Adım 1: Sigorta atmış mı, ampul/armatür arızalı mı kontrol edilir.', 'Adım 2: Bina teknik ekibi lokasyona yönlendirilir.', 'Adım 3: Kalıcı çözüm için gerekiyorsa dış elektrik servisi çağrılır.'], 'self_service_uygun_mu': False}","['ofis_lokasyon', 'ariza_tanimi', 'aciliyet_durumu']",Sorun tüm katta mı yoksa belirli bir bölgede/masada mı yaşanıyor?
T-3608,"Rica etsem acil 22 Ocak tarihinde evlendim, medeni halimin güncellenmesi gerekiyor sistemde. Gerçekten çok sıkıntı oluyor, bir an önce ilgilenirseniz sevinirim.",Hizmet Talebi (Service Request),İnsan Kaynakları,Bordro & Özlük,Evlilik Bildirimi,Düşük,"{'cozum_basligi': 'Evlilik durum değişikliği kayıt süreci', 'adimlar': ['Adım 1: Evlilik cüzdanı fotokopisi/belgesi çalışandan talep edilir.', 'Adım 2: Medeni hal ve varsa soyadı bilgisi İK sisteminde güncellenir.', 'Adım 3: Vergi matrahı, SGK ve varsa özel sağlık sigortası kayıtları güncellenmesi için ilgili birimlere bilgi verilir.'], 'self_service_uygun_mu': False}","['ad_soyad', 'yeni_medeni_hal', 'es_bilgisi']","Evlilik tarihinizi ve evlilik cüzdanı belgesini paylaşabilir misiniz, medeni hal güncellemesi için gerekiyor?"
T-3609,Bebegimiz dogdu babalik iznimi kullanmak istiyorum 10 Mayıs den itibaren,Hizmet Talebi (Service Request),İnsan Kaynakları,İzin Yönetimi,Babalık İzni Talebi,Orta,"{'cozum_basligi': 'Babalık izni tanımlama süreci', 'adimlar': ['Adım 1: Doğum tarihi ve doğum belgesi/raporu talep edilir.', 'Adım 2: Yasal 5 günlük babalık izni sisteme tanımlanır.', 'Adım 3: İzin yöneticiye bilgi amaçlı bildirilir ve takvime işlenir.'], 'self_service_uygun_mu': False}","['ad_soyad', 'dogum_tarihi', 'izin_baslangic_tarihi']","Bebeğinizin doğum tarihi nedir, izninizi doğumdan itibaren mi başlatmak istersiniz?"
T-3610,Tolga Koç - yurtdışı proje nedeniyle kart limitimin geçici olarak artırılmasını rica ederim.,Hizmet Talebi (Service Request),Finans,Masraf & Ödeme,Kurumsal Kredi Kartı Limit Artırımı,Düşük,"{'cozum_basligi': 'Kurumsal kredi kartı limit artırım süreci', 'adimlar': ['Adım 1: Mevcut limit, kullanım geçmişi ve talep gerekçesi kaydedilir.', 'Adım 2: Yönetici ve finans müdürü onayına gönderilir.', 'Adım 3: Onay sonrası banka ile limit artırım talebi iletilir ve süreç takip edilir.'], 'self_service_uygun_mu': False}","['ad_soyad', 'mevcut_limit', 'talep_edilen_limit', 'gerekce']","Mevcut kart limitiniz nedir ve ne kadar artış talep ediyorsunuz, gerekçeniz nedir?"
T-3611,"Ankara ofisi yazıcısının toneri neredeyse bitti, yedek talep ediyorum.",Hizmet Talebi (Service Request),İdari İşler,Ofis Ekipmanı,Toner/Kartuş Talebi,Orta,"{'cozum_basligi': 'Toner/kartuş temin süreci', 'adimlar': ['Adım 1: Depo stok durumu kontrol edilir.', 'Adım 2: Uygun toner/kartuş belirtilen yazıcı lokasyonuna teslim edilir.', 'Adım 3: Stokta bulunmuyorsa satınalma süreci tetiklenir ve tahmini teslim süresi bildirilir.'], 'self_service_uygun_mu': False}","['yazici_lokasyon', 'yazici_marka_model', 'toner_kartus_kodu']","Yazıcının marka ve modeli nedir, doğru toner kodunu belirleyebilmemiz için gerekli?"
T-3612,"Rica etsem acil Yeni laptopuma VPN kurulumu yapılmadı, dışarıdan sisteme bağlanamıyorum. İşlerim çok aksıyor, acil çözüm bekliyorum.",Arıza (Incident),Bilgi Teknolojileri,Ağ/Network,VPN Erişim Sorunu,Yüksek,"{'cozum_basligi': 'VPN bağlantı sorunu çözümü', 'adimlar': ['Adım 1: VPN istemcisi güncel mi kontrol edilir, kullanıcı adı/şifre doğrulanır.', 'Adım 2: İnternet bağlantısı ve güvenlik duvarı ayarları kontrol edilir, istemci yeniden başlatılır.', 'Adım 3: Erişim devam etmiyorsa VPN sertifikası/erişim yetkisi için ticket açılır.'], 'self_service_uygun_mu': True}","['kullanici_adi', 'baglanti_lokasyonu', 'vpn_istemci_versiyonu']",VPN'e hiç bağlanamıyor musunuz yoksa bağlanıp kısa süre sonra mı düşüyorsunuz? Bir hata mesajı görüyor musunuz?
T-3613,"Tuvaletteki aydınlatma tamamen söndü, acil bakılması lazım.",Arıza (Incident),İdari İşler,Bina/Tesis Bakım,Elektrik/Aydınlatma Arızası,Orta,"{'cozum_basligi': 'Elektrik/aydınlatma arıza giderme', 'adimlar': ['Adım 1: Sigorta atmış mı, ampul/armatür arızalı mı kontrol edilir.', 'Adım 2: Bina teknik ekibi lokasyona yönlendirilir.', 'Adım 3: Kalıcı çözüm için gerekiyorsa dış elektrik servisi çağrılır.'], 'self_service_uygun_mu': False}","['ofis_lokasyon', 'ariza_tanimi', 'aciliyet_durumu']",Sorun tüm katta mı yoksa belirli bir bölgede/masada mı yaşanıyor?
T-3614,"Formu onaylayacak kisi sistemde 'asif kullanici' olarak gorunuyor, islem tikandi.",Arıza (Incident),Finans,Masraf & Ödeme,Onay Akışında Yönetici Görünmüyor Sorunu,Orta,"{'cozum_basligi': 'Onay akışı yönetici ataması düzeltme süreci', 'adimlar': ['Adım 1: Organizasyon şemasında çalışanın tanımlı yöneticisi sistemden kontrol edilir.', 'Adım 2: Yönetici ayrılmış/değişmiş ise onay akışı güncel yöneticiye yeniden atanır.', 'Adım 3: Bekleyen tüm formlar yeni onay akışına manuel olarak yönlendirilir.'], 'self_service_uygun_mu': False}","['ad_soyad', 'form_no', 'eski_yonetici', 'yeni_yonetici']",Onay akışında hangi form takılı kaldı ve eski yöneticiniz mi hâlâ sistemde görünüyor?
T-3615,"Çok acil, Ofis çok sıcak klima çalışmıyor Genel Müdürlük binası",Arıza (Incident),İdari İşler,Bina/Tesis Bakım,Klima/Isıtma Arızası,Orta,"{'cozum_basligi': 'Klima/ısıtma sistemi arıza giderme', 'adimlar': ['Adım 1: Termostat ayarları ve cihazın açık olup olmadığı kontrol edilir.', 'Adım 2: Bina teknik ekibi filtre/gaz durumunu yerinde kontrol eder.', 'Adım 3: Kalıcı arıza tespit edilirse bakım/onarım için dış servis çağrılır.'], 'self_service_uygun_mu': False}","['ofis_lokasyon', 'cihaz_konumu', 'sorun_tanimi']","Klima hiç çalışmıyor mu yoksa soğutmuyor/ısıtmıyor mu, hangi bölgedesiniz?"
T-3616,"Acilen Teams'e giriş yapamıyorum, 'bir sorun oluştu' hatası çıkıyor sürekli. İşlerim çok aksıyor, acil çözüm bekliyorum.",Hizmet Talebi (Service Request),Bilgi Teknolojileri,Yazılım,Uygulama Hatası (Outlook/Teams/Excel vb.),Orta,"{'cozum_basligi': 'Uygulama hatası giderme', 'adimlar': ['Adım 1: Uygulama tamamen kapatılıp yeniden açılır, gerekirse bilgisayar yeniden başlatılır.', 'Adım 2: Uygulama güncellemesi kontrol edilir ve önbellek/geçici dosyalar temizlenir.', 'Adım 3: Hata devam ederse ekran görüntüsüyle birlikte yazılım destek ekibine ticket açılır.'], 'self_service_uygun_mu': True}","['uygulama_adi', 'hata_mesaji', 'kullanici_adi']",Uygulama hiç açılmıyor mu yoksa belirli bir işlem sırasında mı hata veriyor?
T-3617,"Çatıdan su sızıntısı var Genel Müdürlük binası tavanında, leke büyüyor giderek.",Hizmet Talebi (Service Request),İdari İşler,Bina/Tesis Bakım,Bina İçi Teknik Bakım Talebi,Orta,"{'cozum_basligi': 'Genel bina içi teknik bakım süreci', 'adimlar': ['Adım 1: Talep bina teknik bakım ekibine iletilir ve önceliklendirilir.', 'Adım 2: Uygun teknisyen belirlenen lokasyona yönlendirilir.', 'Adım 3: Bakım/onarım tamamlandıktan sonra talep sahibine bilgi verilir.'], 'self_service_uygun_mu': False}","['ofis_lokasyon', 'sorun_tanimi', 'uygun_zaman_araligi']","Sorun tam olarak nedir ve hangi alanda (kapı, su tesisatı, asansör vb.) yaşanıyor?"
T-3618,"Burak Öztürk - maaş bordrosu ve çalışma belgesi ihtiyacım var, ev kirası için isteniyor.",Hizmet Talebi (Service Request),İnsan Kaynakları,Bordro & Özlük,Özlük/Çalışma Belgesi Talebi,Düşük,"{'cozum_basligi': 'Özlük/çalışma belgesi düzenleme', 'adimlar': ['Adım 1: Talep edilen belge türü ve kullanım amacı teyit edilir.', 'Adım 2: İK sistemi üzerinden güncel çalışan bilgileriyle belge hazırlanır.', 'Adım 3: Belge imzalandıktan sonra çalışana e-posta veya elden teslim edilir.'], 'self_service_uygun_mu': True}","['ad_soyad', 'sicil_no', 'belge_turu', 'kullanim_amaci']","Hangi belgeye ihtiyacınız var (çalışma belgesi, hizmet dökümü vb.) ve hangi amaçla kullanılacak?"
T-3619,Giriş kartımı kaybettim acil iptal edilmesi lazım,Hizmet Talebi (Service Request),İdari İşler,Güvenlik & Ulaşım,Kayıp Giriş Kartı,Orta,"{'cozum_basligi': 'Kayıp giriş kartı iptal ve yeniden basım süreci', 'adimlar': ['Adım 1: Kayıp kart derhal sistem üzerinden iptal edilir, güvenlik riski önlenir.', 'Adım 2: Kimlik doğrulaması sonrası yeni kart basım talebi oluşturulur.', 'Adım 3: Yeni kart resepsiyon/güvenlik biriminden teslim alınır.'], 'self_service_uygun_mu': False}","['ad_soyad', 'sicil_no', 'kayip_tarihi']","Kartınızı en son ne zaman ve nerede kullandığınızı hatırlıyor musunuz, kaybolduğunu mu düşünüyorsunuz?"
T-3620,Klasro ve dosya lazim biraz stok bitmis gorunuyor,Hizmet Talebi (Service Request),İdari İşler,Satınalma/Malzeme,Kırtasiye Malzeme Talebi,Yüksek,"{'cozum_basligi': 'Kırtasiye malzeme temini', 'adimlar': ['Adım 1: Talep departman yöneticisi onayına iletilir.', 'Adım 2: Depo stoğundan malzemeler hazırlanır.', 'Adım 3: Malzemeler belirtilen teslimat lokasyonuna gönderilir.'], 'self_service_uygun_mu': False}","['malzeme_listesi_miktar', 'departman', 'teslimat_lokasyonu']","Hangi malzemelerden ne miktarda ihtiyacınız var, liste hâlinde belirtebilir misiniz?"
T-3621,Yeni kimligimi ekliyorum syoadim degisti lutfen sistemde guncelleyin,Hizmet Talebi (Service Request),İnsan Kaynakları,Bordro & Özlük,Soyadı Değişikliği,Düşük,"{'cozum_basligi': 'Soyadı değişikliği kayıt güncelleme süreci', 'adimlar': ['Adım 1: Nüfus cüzdanı/kimlik belgesinin güncel hali çalışandan talep edilir.', 'Adım 2: İK sistemi, bordro sistemi ve e-posta imzası gibi tüm kayıtlarda soyadı güncellenir.', 'Adım 3: Güncelleme tamamlandığında çalışana ve ilgili birimlere (IT, muhasebe) bilgi verilir.'], 'self_service_uygun_mu': False}","['ad_soyad', 'eski_soyad', 'yeni_kimlik_belgesi']","Yeni kimlik belgenizi paylaşabilir misiniz, hangi sistemlerde güncelleme yapmamızı istersiniz?"
T-3622,"Bilgisayarım açilmiyor acil yardım lazim Kadıköy ofis. Ayrıca Klavyem de arada tuş basmıyor, onu da kontrol ettirmek isterim",Arıza (Incident),Bilgi Teknolojileri,Donanım,Bilgisayar Arıza/Onarım,Orta,"{'cozum_basligi': 'Bilgisayar donanım arızası ilk müdahale', 'adimlar': ['Adım 1: Cihaz kapatılıp yeniden başlatılır, güç kablosu ve bağlantılar kontrol edilir.', 'Adım 2: Uzaktan tanı aracıyla donanım sağlık testi çalıştırılır.', 'Adım 3: Sorun devam ederse yerinde teknik destek için ticket açılır ve teknisyen yönlendirilir.'], 'self_service_uygun_mu': True}","['cihaz_seri_no', 'ofis_lokasyon', 'ariza_tanimi']","Cihazınız hiç açılmıyor mu yoksa açılıp kapanıyor mu, ayrıca cihazın seri numarasını paylaşabilir misiniz?"
T-3623,"Çok acil, Cansu Aslan - süt iznim için işe geç başlamak istiyorum, uygun mudur?",Hizmet Talebi (Service Request),İnsan Kaynakları,İzin Yönetimi,Süt İzni Talebi,Orta,"{'cozum_basligi': 'Süt izni düzenleme süreci', 'adimlar': ['Adım 1: Doğum tarihi teyit edilerek yasal süt izni hakkı (ilk 6 ay günde 1,5 saat) hesaplanır.', 'Adım 2: Çalışma saatlerine nasıl entegre edileceği (sabah/akşam/tek seferde) belirlenir.', 'Adım 3: Yönetici bilgilendirilir ve süt izni takvime/çalışma planına işlenir.'], 'self_service_uygun_mu': False}","['ad_soyad', 'dogum_tarihi', 'tercih_edilen_saat']","Süt izninizi günün hangi saatinde kullanmak istersiniz, sabah mı akşam mı?"
T-3624,"Lütfen acil Word lisansim bitmis, yenilenmesi gerekiyor. Ne zaman çözülür acaba?",Hizmet Talebi (Service Request),Bilgi Teknolojileri,Yazılım,Yazılım Lisans/Kurulum Talebi,Düşük,"{'cozum_basligi': 'Yazılım lisans/kurulum süreci', 'adimlar': ['Adım 1: Talep, lisans uygunluğu ve yönetici onayı için değerlendirilir.', 'Adım 2: Lisans anahtarı temin edilir veya mevcut lisans havuzundan atama yapılır.', 'Adım 3: Kurulum IT ekibi tarafından uzaktan veya yerinde gerçekleştirilir.'], 'self_service_uygun_mu': False}","['yazilim_adi', 'departman', 'lisans_suresi']",Yeni bir kurulum mu yoksa mevcut lisansın yenilenmesi mi gerekiyor?
T-3625,Sifre sifirlama lazim Cem Çlik,Hizmet Talebi (Service Request),Bilgi Teknolojileri,Güvenlik ve Erişim,Şifre Sıfırlama,Orta,"{'cozum_basligi': 'Şifre sıfırlama işlemi', 'adimlar': ['Adım 1: Kimlik doğrulama (çalışan sicil no / kayıtlı e-posta) yapılır.', 'Adım 2: Self servis şifre sıfırlama portalı üzerinden geçici şifre oluşturulur.', 'Adım 3: Portal üzerinden çözülemiyorsa IT güvenlik ekibi manuel sıfırlama için ticket açar.'], 'self_service_uygun_mu': True}","['kullanici_adi', 'kayitli_email']","Hangi sistemin şifresini sıfırlamamız gerekiyor: e-posta, bilgisayar girişi yoksa başka bir uygulama mı?"
T-3626,"Lütfen acil 2. kat toplantı koridoru'da klima aşırı ses yapıyor, çalışmayı zorlaştırıyor. İşlerim çok aksıyor, acil çözüm bekliyorum.",Arıza (Incident),İdari İşler,Bina/Tesis Bakım,Klima/Isıtma Arızası,Orta,"{'cozum_basligi': 'Klima/ısıtma sistemi arıza giderme', 'adimlar': ['Adım 1: Termostat ayarları ve cihazın açık olup olmadığı kontrol edilir.', 'Adım 2: Bina teknik ekibi filtre/gaz durumunu yerinde kontrol eder.', 'Adım 3: Kalıcı arıza tespit edilirse bakım/onarım için dış servis çağrılır.'], 'self_service_uygun_mu': False}","['ofis_lokasyon', 'cihaz_konumu', 'sorun_tanimi']","Klima hiç çalışmıyor mu yoksa soğutmuyor/ısıtmıyor mu, hangi bölgedesiniz?"
T-3627,"Yusuf Kaya - masaüstü bilgisayarımın fanı çok ses yapıyor ve ısınıyor, dikkatimi dağıtıyor.",Arıza (Incident),Bilgi Teknolojileri,Donanım,Bilgisayar Arıza/Onarım,Yüksek,"{'cozum_basligi': 'Bilgisayar donanım arızası ilk müdahale', 'adimlar': ['Adım 1: Cihaz kapatılıp yeniden başlatılır, güç kablosu ve bağlantılar kontrol edilir.', 'Adım 2: Uzaktan tanı aracıyla donanım sağlık testi çalıştırılır.', 'Adım 3: Sorun devam ederse yerinde teknik destek için ticket açılır ve teknisyen yönlendirilir.'], 'self_service_uygun_mu': True}","['cihaz_seri_no', 'ofis_lokasyon', 'ariza_tanimi']","Cihazınız hiç açılmıyor mu yoksa açılıp kapanıyor mu, ayrıca cihazın seri numarasını paylaşabilir misiniz?"
T-3628,"Rica etsem acil Deniz Teknoloji A.Ş. firmasından gelen USD faturayı sisteme giremiyorum, para birimi seçeneği çıkmıyor. Bu konuda epeydir mağdurum, lütfen hızlı dönüş yapar mısınız?",Arıza (Incident),Finans,Masraf & Ödeme,Çoklu Para Birimli Fatura Girişi,Orta,"{'cozum_basligi': 'Çoklu para birimli fatura giriş desteği', 'adimlar': ['Adım 1: Faturanın orijinal para birimi ve tutarı doğrulanır.', 'Adım 2: ERP sisteminde ilgili para birimi tanımlı değilse muhasebe sistem ekibi tanımlama yapar.', 'Adım 3: Fatura, güncel kur ile TL karşılığı hesaplanarak sisteme işlenir.'], 'self_service_uygun_mu': False}","['fatura_no', 'tedarikci_adi', 'para_birimi', 'tutar']",Faturanın para birimi nedir (USD/EUR/GBP) ve sistemde bu para birimiyle giriş yapabiliyor musunuz?
T-3629,Acilen Banka kredisi icin calisma belgesi lazim acil olabilir mi,Hizmet Talebi (Service Request),İnsan Kaynakları,Bordro & Özlük,Özlük/Çalışma Belgesi Talebi,Orta,"{'cozum_basligi': 'Özlük/çalışma belgesi düzenleme', 'adimlar': ['Adım 1: Talep edilen belge türü ve kullanım amacı teyit edilir.', 'Adım 2: İK sistemi üzerinden güncel çalışan bilgileriyle belge hazırlanır.', 'Adım 3: Belge imzalandıktan sonra çalışana e-posta veya elden teslim edilir.'], 'self_service_uygun_mu': True}","['ad_soyad', 'sicil_no', 'belge_turu', 'kullanim_amaci']","Hangi belgeye ihtiyacınız var (çalışma belgesi, hizmet dökümü vb.) ve hangi amaçla kullanılacak?"
T-3630,"İrem Kılıç - servis durağımın değiştirilmesini talep ediyorum, ev taşşındı.",Hizmet Talebi (Service Request),İdari İşler,Güvenlik & Ulaşım,Servis Güzergah Talebi,Orta,"{'cozum_basligi': 'Personel servis güzergahı düzenleme', 'adimlar': ['Adım 1: Talep edilen adres mevcut güzergahlara uygunluk açısından incelenir.', 'Adım 2: Ulaşım/idari işler ekibi güzergah planlamasını günceller.', 'Adım 3: Yeni güzergah bilgisi çalışana ve servis şoförüne iletilir.'], 'self_service_uygun_mu': False}","['ev_adresi', 'mevcut_hat_no', 'talep_turu']",Mevcut servis güzergahınızda mı değişiklik istiyorsunuz yoksa yeni bir durak mı ekleniyor?
T-3631,22 Nisan tarihleri arası 5 gün yıllık izin kullanmak istiyorum.,Hizmet Talebi (Service Request),İnsan Kaynakları,İzin Yönetimi,Yıllık İzin Talebi/Bakiye Sorgulama,Orta,"{'cozum_basligi': 'Yıllık izin talebi/bakiye sorgulama süreci', 'adimlar': ['Adım 1: İK portalından güncel izin bakiyesi kontrol edilir.', 'Adım 2: Talep edilen tarih aralığı yöneticinin onayına gönderilir.', 'Adım 3: Onay sonrası izin sistemde işlenir ve bordroya yansıtılır.'], 'self_service_uygun_mu': True}","['ad_soyad', 'kalan_izin_sorgusu']","Hangi tarihler arasında izin kullanmak istiyorsunuz, yoksa sadece bakiye mi öğrenmek istiyorsunuz?"
T-3632,5 Aralık tarihleri arası 5 gün yıllık izin kullanmak istiyorum.,Bilgi Talebi (Information),İnsan Kaynakları,İzin Yönetimi,Yıllık İzin Talebi/Bakiye Sorgulama,Yüksek,"{'cozum_basligi': 'Yıllık izin talebi/bakiye sorgulama süreci', 'adimlar': ['Adım 1: İK portalından güncel izin bakiyesi kontrol edilir.', 'Adım 2: Talep edilen tarih aralığı yöneticinin onayına gönderilir.', 'Adım 3: Onay sonrası izin sistemde işlenir ve bordroya yansıtılır.'], 'self_service_uygun_mu': True}","['ad_soyad', 'izin_baslangic_bitis_tarihi']","Hangi tarihler arasında izin kullanmak istiyorsunuz, yoksa sadece bakiye mi öğrenmek istiyorsunuz?"
T-3633,"Izin bakiyemi sistemde goremiyorum, sifir gosterioyr ama kullanmadim hic.",Hizmet Talebi (Service Request),İnsan Kaynakları,İzin Yönetimi,Yıllık İzin Talebi/Bakiye Sorgulama,Orta,"{'cozum_basligi': 'Yıllık izin talebi/bakiye sorgulama süreci', 'adimlar': ['Adım 1: İK portalından güncel izin bakiyesi kontrol edilir.', 'Adım 2: Talep edilen tarih aralığı yöneticinin onayına gönderilir.', 'Adım 3: Onay sonrası izin sistemde işlenir ve bordroya yansıtılır.'], 'self_service_uygun_mu': True}","['ad_soyad', 'izin_baslangic_bitis_tarihi']","Hangi tarihler arasında izin kullanmak istiyorsunuz, yoksa sadece bakiye mi öğrenmek istiyorsunuz?"
T-3634,"Sunucu cevap vermiyor sistem tamamen durdu acil mudahale lazim Bu konuda epeydir mağdurum, lütfen hızlı dönüş yapar mısınız?",Arıza (Incident),Bilgi Teknolojileri,Sunucu/Sistem,Sunucu/Servis Kesintisi,Kritik,"{'cozum_basligi': 'Sunucu/servis kesintisi acil müdahale', 'adimlar': ['Adım 1: Sunucu/servis durumu izleme panelinden kontrol edilir, etkilenen servisler belirlenir.', 'Adım 2: Sunucu ekibi tarafından servis yeniden başlatılır veya yük devretme (failover) uygulanır.', 'Adım 3: Kök neden analizi için kritik öncelikli ticket açılır ve ilgili birimlere bilgi verilir.'], 'self_service_uygun_mu': False}","['etkilenen_sistem_adi', 'baslangic_zamani', 'etkilenen_kullanici_sayisi']","Hangi sistem/servis erişilemiyor ve kaç kullanıcıyı etkiliyor, sorun ne zaman başladı?"
T-3635,"Rica etsem acil Bordromda fazla mesai ucreti gorunmuyor, 22 Ekim ayina ait.",Arıza (Incident),İnsan Kaynakları,Bordro & Özlük,Bordro/Maaş Bilgisi Talebi,Orta,"{'cozum_basligi': 'Bordro/maaş bilgisi inceleme süreci', 'adimlar': ['Adım 1: Çalışanın ilgili ay bordrosu bordro sisteminden çekilip incelenir.', 'Adım 2: Kesinti/ek ödeme kalemleri tek tek karşılaştırılır ve hata olup olmadığı tespit edilir.', 'Adım 3: Hata tespit edilirse düzeltme için bordro/muhasebe ekibine ticket açılır.'], 'self_service_uygun_mu': False}","['ad_soyad', 'sicil_no', 'ilgili_ay']",Maaşınızda eksik ödeme mi var yoksa fazla kesinti mi görüyorsunuz?
T-3636,"Kulalığımın mikrofonu çalışmıyor, toplantılarda beni duyamıyorlar.",Hizmet Talebi (Service Request),Bilgi Teknolojileri,Donanım,Monitör/Çevre Birimi Arızası,Yüksek,"{'cozum_basligi': 'Monitör/çevre birimi arıza tespiti', 'adimlar': ['Adım 1: Kablo bağlantıları (HDMI/VGA/güç) ve monitör güç düğmesi kontrol edilir.', 'Adım 2: Farklı bir kablo veya port ile test yapılır.', 'Adım 3: Arıza devam ediyorsa cihaz değişimi için IT saha ekibine ticket açılır.'], 'self_service_uygun_mu': True}","['cihaz_turu', 'kullanici_adi', 'ofis_lokasyon']","Sorun hangi çevre biriminde: monitör, klavye, mouse yoksa yazıcı mı?"
T-3637,"Rica etsem acil SGK işe giriş evrakımı alabilir miyim, işsizlik maaşı için gerekiyor eski işimden. Gerçekten çok sıkıntı oluyor, bir an önce ilgilenirseniz sevinirim.",Hizmet Talebi (Service Request),İnsan Kaynakları,Bordro & Özlük,SGK Giriş/Çıkış Evrakı Talebi,Yüksek,"{'cozum_basligi': 'SGK giriş/çıkış evrakı düzenleme', 'adimlar': ['Adım 1: Talep edilen belgenin türü (işe giriş bildirgesi/işten ayrılış bildirgesi) teyit edilir.', 'Adım 2: SGK e-Bildirge sisteminden ilgili belge sorgulanır ve çıktısı alınır.', 'Adım 3: Belge onaylanıp çalışana e-posta veya elden iletilir.'], 'self_service_uygun_mu': False}","['ad_soyad', 'sicil_no', 'belge_turu', 'kullanim_amaci']","İşe giriş bildirgesi mi yoksa işten ayrılış bildirgesi mi gerekiyor, hangi amaçla kullanılacak?"
T-3638,"Çok acil, Yeni laptopuma VPN kurulumu yapılmadı, dışarıdan sisteme bağlanamıyorum.",Arıza (Incident),Bilgi Teknolojileri,Ağ/Network,VPN Erişim Sorunu,Orta,"{'cozum_basligi': 'VPN bağlantı sorunu çözümü', 'adimlar': ['Adım 1: VPN istemcisi güncel mi kontrol edilir, kullanıcı adı/şifre doğrulanır.', 'Adım 2: İnternet bağlantısı ve güvenlik duvarı ayarları kontrol edilir, istemci yeniden başlatılır.', 'Adım 3: Erişim devam etmiyorsa VPN sertifikası/erişim yetkisi için ticket açılır.'], 'self_service_uygun_mu': True}","['kullanici_adi', 'baglanti_lokasyonu', 'vpn_istemci_versiyonu']",Evden mi yoksa başka bir lokasyondan mı bağlanmaya çalışıyorsunuz?
T-3639,"Klimma sürekli su damlatıyor tavandan, yerler ıslanıyor.",Arıza (Incident),İdari İşler,Bina/Tesis Bakım,Klima/Isıtma Arızası,Yüksek,"{'cozum_basligi': 'Klima/ısıtma sistemi arıza giderme', 'adimlar': ['Adım 1: Termostat ayarları ve cihazın açık olup olmadığı kontrol edilir.', 'Adım 2: Bina teknik ekibi filtre/gaz durumunu yerinde kontrol eder.', 'Adım 3: Kalıcı arıza tespit edilirse bakım/onarım için dış servis çağrılır.'], 'self_service_uygun_mu': False}","['ofis_lokasyon', 'cihaz_konumu', 'sorun_tanimi']","Klima hiç çalışmıyor mu yoksa soğutmuyor/ısıtmıyor mu, hangi bölgedesiniz?"
T-3640,"Bordromda fazla mesai ücreti görünmüyor, 8 Ekim ayına ait.",Bilgi Talebi (Information),İnsan Kaynakları,Bordro & Özlük,Bordro/Maaş Bilgisi Talebi,Düşük,"{'cozum_basligi': 'Bordro/maaş bilgisi inceleme süreci', 'adimlar': ['Adım 1: Çalışanın ilgili ay bordrosu bordro sisteminden çekilip incelenir.', 'Adım 2: Kesinti/ek ödeme kalemleri tek tek karşılaştırılır ve hata olup olmadığı tespit edilir.', 'Adım 3: Hata tespit edilirse düzeltme için bordro/muhasebe ekibine ticket açılır.'], 'self_service_uygun_mu': False}","['ad_soyad', 'sicil_no', 'ilgili_ay']",Hangi ayın bordrosuyla ilgili ve tam olarak hangi kalemde hata olduğunu düşünüyorsunuz?
T-3641,Nazlı Çtein - ailevi bir durum nedeniyle 2 haftalık ücretsiz izin talep ediyorum.,Hizmet Talebi (Service Request),İnsan Kaynakları,İzin Yönetimi,Ücretsiz İzin Talebi,Orta,"{'cozum_basligi': 'Ücretsiz izin talebi değerlendirme süreci', 'adimlar': ['Adım 1: Talep gerekçesi ve süresi ile birlikte kaydedilir.', 'Adım 2: Yönetici ve İK onayına gönderilir, SGK bildirimi gerekliliği kontrol edilir.', 'Adım 3: Onaylanması halinde ücretsiz izin süresi bordro ve SGK sistemine işlenir.'], 'self_service_uygun_mu': False}","['ad_soyad', 'talep_suresi', 'gerekce']",Ne kadar süreyle ücretsiz izin kullanmak istiyorsunuz ve gerekçeniz nedir?
T-3642,"Rica etsem acil Dokunmatik ekranım artık dokunuşlara tepki vermiyor, 13 Eylül'den beri böyle.",Arıza (Incident),Bilgi Teknolojileri,Donanım,Monitör/Çevre Birimi Arızası,Orta,"{'cozum_basligi': 'Monitör/çevre birimi arıza tespiti', 'adimlar': ['Adım 1: Kablo bağlantıları (HDMI/VGA/güç) ve monitör güç düğmesi kontrol edilir.', 'Adım 2: Farklı bir kablo veya port ile test yapılır.', 'Adım 3: Arıza devam ediyorsa cihaz değişimi için IT saha ekibine ticket açılır.'], 'self_service_uygun_mu': True}","['cihaz_turu', 'kullanici_adi', 'ofis_lokasyon']","Sorun hangi çevre biriminde: monitör, klavye, mouse yoksa yazıcı mı?"
T-3643,"Ayse Dogan - prooje icin 5.000 TL avansa ihtiyacim var, acil onay rica ederim.",Hizmet Talebi (Service Request),Finans,Masraf & Ödeme,Avans Talebi,Orta,"{'cozum_basligi': 'Avans talebi işleme süreci', 'adimlar': ['Adım 1: Avans talebi tutarı ve gerekçesi (seyahat/proje) kaydedilir.', 'Adım 2: Yönetici ve finans onayına gönderilir.', 'Adım 3: Onay sonrası avans, belirtilen banka hesabına aktarılır.'], 'self_service_uygun_mu': False}","['ad_soyad', 'tutar', 'gerekce', 'seyahat_tarihi']",Avans hangi seyahat/proje için ve ne kadar tutar için gerekiyor?
T-3644,"2. kat toplantı koridoru'da misafir wifi ağına bağlanamıyorum, şifreyi doğru giriyorum.",Hizmet Talebi (Service Request),Bilgi Teknolojileri,Ağ/Network,Wi-Fi Bağlantı Sorunu,Yüksek,"{'cozum_basligi': 'Wi-Fi bağlantı sorunu çözümü', 'adimlar': ['Adım 1: Cihazın Wi-Fi ayarları kapatılıp açılır, ağa yeniden bağlanılır.', 'Adım 2: Şifre doğru girildi mi ve sinyal gücü yeterli mi kontrol edilir.', 'Adım 3: Sorun sürüyorsa erişim noktası (AP) kontrolü için ticket açılır.'], 'self_service_uygun_mu': True}","['ofis_lokasyon', 'wifi_ag_adi']","Wi-Fi ağı görünüyor mu ama bağlanamıyor musunuz, yoksa hiç görünmüyor mu?"
T-3645,"Masam cok eski ve cizik, degismesini istiyorum.",Hizmet Talebi (Service Request),İdari İşler,Satınalma/Malzeme,Ofis Mobilya Değişimi,Düşük,"{'cozum_basligi': 'Ofis mobilyası değişim süreci', 'adimlar': ['Adım 1: Mevcut mobilyanın durumu değerlendirilir ve değişim gerekçesi kaydedilir.', 'Adım 2: Bütçe/onay süreci tamamlandıktan sonra satınalma talebi açılır.', 'Adım 3: Yeni mobilya teslim alınıp kurulumu yapılır, eski mobilya değişim için alınır.'], 'self_service_uygun_mu': False}","['mobilya_turu', 'ofis_lokasyon', 'degisim_gerekcesi']",Hangi mobilyanın değişmesini istiyorsunuz ve mevcut olanın sorunu nedir?
T-3646,"Seyahat sirasinda fisimi kaybettim, harcaami nasil beyan edebilirim?",Hizmet Talebi (Service Request),Finans,Masraf & Ödeme,Harcama Fişi Kayıp Beyanı,Düşük,"{'cozum_basligi': 'Kayıp harcama fişi beyan ve alternatif belge süreci', 'adimlar': ['Adım 1: Kayıp fiş beyan formu doldurulur, harcama tutarı ve tarihi beyan edilir.', 'Adım 2: Mümkünse kredi kartı ekstresi/dekont gibi alternatif kanıt belgesi talep edilir.', 'Adım 3: Finans ekibi beyanı değerlendirip onaylarsa masraf formu istisnai olarak işleme alınır.'], 'self_service_uygun_mu': False}","['ad_soyad', 'harcama_tutari', 'harcama_tarihi', 'kayip_beyani_gerekcesi']",Fişi kaybettiğinize göre elinizde kredi kartı ekstresi gibi tutarı doğrulayacak başka bir belge var mı?
T-3647,"Zeynep Öztürk - giriş kartımı bulamıyorum, evi de aradım yok.",Hizmet Talebi (Service Request),İdari İşler,Güvenlik & Ulaşım,Kayıp Giriş Kartı,Düşük,"{'cozum_basligi': 'Kayıp giriş kartı iptal ve yeniden basım süreci', 'adimlar': ['Adım 1: Kayıp kart derhal sistem üzerinden iptal edilir, güvenlik riski önlenir.', 'Adım 2: Kimlik doğrulaması sonrası yeni kart basım talebi oluşturulur.', 'Adım 3: Yeni kart resepsiyon/güvenlik biriminden teslim alınır.'], 'self_service_uygun_mu': False}","['ad_soyad', 'sicil_no', 'kayip_tarihi']","Kartınızı en son ne zaman ve nerede kullandığınızı hatırlıyor musunuz, kaybolduğunu mu düşünüyorsunuz?"
T-3648,"Fatma Aslan - seyahat masraf formum reddedildi ama sebpe yazmiyor, ogrenebilir miyim?",Hizmet Talebi (Service Request),Finans,Masraf & Ödeme,Masraf/Harcama Formu Onayı,Orta,"{'cozum_basligi': 'Masraf/harcama formu onay süreci takibi', 'adimlar': ['Adım 1: Formun onay akışındaki mevcut adımı (yönetici/finans) sistemden kontrol edilir.', 'Adım 2: Bekleyen onaycıya hatırlatma bildirimi gönderilir.', 'Adım 3: Onay gecikmesi devam ederse finans ekibi manuel müdahale için ticket açar.'], 'self_service_uygun_mu': True}","['form_no', 'tutar', 'onay_bekleyen_kisi']",Form kaç gündür bekliyor ve onay akışında şu an kimde bekliyor biliyor musunuz?
T-3649,"11.653 TL tutarındaki fatura hâlâ ödenmemiş görünüyor, Selin Catering Hizmetleri. Ne zaman çözülür acaba?",Hizmet Talebi (Service Request),Finans,Masraf & Ödeme,Fatura Ödeme Takibi,Yüksek,"{'cozum_basligi': 'Fatura ödeme durumu takibi', 'adimlar': ['Adım 1: Fatura numarası ile muhasebe/ERP sisteminde ödeme kaydı sorgulanır.', 'Adım 2: Ödeme planlanan tarih ve onay durumu kontrol edilir.', 'Adım 3: Gecikme varsa ödeme sorumlusuna hatırlatma yapılır ve tedarikçiye bilgi verilir.'], 'self_service_uygun_mu': True}","['fatura_no', 'vade_tarihi']",Fatura numarasını ve tedarikçi firma adını paylaşabilir misiniz?
T-3650,"Çok acil, Hastaneden rapor aldim yukleyecegim yer neresi bilmiyorum Ne zaman çözülür acaba?",Hizmet Talebi (Service Request),İnsan Kaynakları,İzin Yönetimi,Sağlık Raporu/İstirahat Bildirimi,Orta,"{'cozum_basligi': 'Sağlık raporu/istirahat bildirimi işleme süreci', 'adimlar': [""Adım 1: Rapor e-Nabız/hastane sisteminden veya elden İK'ya iletilir."", 'Adım 2: Rapor süresi SGK sistemine ve bordroya işlenir.', 'Adım 3: Yöneticiye çalışanın izinli/raporlu olduğu bilgisi iletilir.'], 'self_service_uygun_mu': True}","['ad_soyad', 'rapor_baslangic_bitis_tarihi', 'rapor_belgesi']",Raporunuz kaç gün ve e-Nabız üzerinden mi yoksa elden mi ileteceksiniz?
T-3651,"Çok acil, Müşteriye gönderdiğimiz kargo hâlâ yolda görünüyor, gecikme var mı öğrenebilir miyiz?",Bilgi Talebi (Information),İdari İşler,Satınalma/Malzeme,Kargo/Kurye Teslimat Takibi,Düşük,"{'cozum_basligi': 'Kargo/kurye teslimat takibi', 'adimlar': ['Adım 1: Kargo takip numarası ve gönderici bilgisi ile kargo firması sistemi kontrol edilir.', 'Adım 2: Resepsiyon/depo teslim kaydı kontrol edilerek paketin durumu netleştirilir.', 'Adım 3: Paket bulunamıyorsa kargo firmasına resmi kayıp/gecikme bildirimi açılır.'], 'self_service_uygun_mu': True}","['gonderici_bilgisi', 'teslimat_lokasyonu']",Kargonuzun takip numarası var mı ve hangi firmadan gönderildi?
T-3652,"3. kat'daki dolap kapağı kırık, yenisi gerekiyor. Gerçekten çok sıkıntı oluyor, bir an önce ilgilenirseniz sevinirim.",Hizmet Talebi (Service Request),İdari İşler,Satınalma/Malzeme,Ofis Mobilya Değişimi,Düşük,"{'cozum_basligi': 'Ofis mobilyası değişim süreci', 'adimlar': ['Adım 1: Mevcut mobilyanın durumu değerlendirilir ve değişim gerekçesi kaydedilir.', 'Adım 2: Bütçe/onay süreci tamamlandıktan sonra satınalma talebi açılır.', 'Adım 3: Yeni mobilya teslim alınıp kurulumu yapılır, eski mobilya değişim için alınır.'], 'self_service_uygun_mu': False}","['mobilya_turu', 'ofis_lokasyon', 'degisim_gerekcesi']",Hangi mobilyanın değişmesini istiyorsunuz ve mevcut olanın sorunu nedir?
T-3653,"Kaan - klavyemde bazı tuşlar basmıyor, özellikle boşluk tuşu.",Arıza (Incident),Bilgi Teknolojileri,Donanım,Monitör/Çevre Birimi Arızası,Orta,"{'cozum_basligi': 'Monitör/çevre birimi arıza tespiti', 'adimlar': ['Adım 1: Kablo bağlantıları (HDMI/VGA/güç) ve monitör güç düğmesi kontrol edilir.', 'Adım 2: Farklı bir kablo veya port ile test yapılır.', 'Adım 3: Arıza devam ediyorsa cihaz değişimi için IT saha ekibine ticket açılır.'], 'self_service_uygun_mu': True}","['cihaz_turu', 'ofis_lokasyon', 'seri_no']",Ekranda hiç görüntü mü yok yoksa titreme/renk bozukluğu mu var?
T-3654,"Otomatik BES'e dahil olmusum haberim yoktu, cikis yapmak istiyorum.",Hizmet Talebi (Service Request),İnsan Kaynakları,Bordro & Özlük,BES (Bireysel Emeklilik) Kesintisi Talebi,Orta,"{'cozum_basligi': 'BES kesinti oranı/katılım işlemi düzenleme', 'adimlar': ['Adım 1: Çalışanın mevcut BES katılım durumu ve kesinti oranı sistemden kontrol edilir.', 'Adım 2: Talep edilen değişiklik (katılım, çıkış, oran güncelleme) BES şirketine iletilir.', 'Adım 3: Onay sonrası bordro kesinti kalemi güncellenir ve çalışana bilgi verilir.'], 'self_service_uygun_mu': False}","['ad_soyad', 'talep_turu', 'yeni_kesinti_orani']",BES'ten çıkmak mı istiyorsunuz yoksa kesinti oranınızı mı değiştirmek istiyorsunuz?
T-3655,"Elif Doğan - kümülatif vergi matrahımla ilgili itirazım var, geçen yılki hesaplamayla tutarsız görünüyor.",Arıza (Incident),İnsan Kaynakları,Bordro & Özlük,Bordro Vergi Matrahı İtirazı,Yüksek,"{'cozum_basligi': 'Bordro vergi matrahı itiraz inceleme süreci', 'adimlar': ['Adım 1: İtiraz edilen dönemin vergi matrahı ve dilim hesaplaması bordro ekibi tarafından yeniden kontrol edilir.', 'Adım 2: Kümülatif matrah hesaplamasında hata olup olmadığı muhasebe ile teyit edilir.', 'Adım 3: Hata tespit edilirse düzeltme bir sonraki bordro döneminde uygulanır ve çalışana açıklama yapılır.'], 'self_service_uygun_mu': False}","['ad_soyad', 'donem', 'itiraz_detayi']","Vergi diliminin değiştiğini mi düşünüyorsunuz, yoksa kümülatif matrah hesaplamasında bir hata mı görüyorsunuz?"
T-3656,"17 Ekim günü tedarikçi firmadan 2 kişi gelecek, resepsiyona bildirim yapar mısınız?",Hizmet Talebi (Service Request),İdari İşler,Güvenlik & Ulaşım,Ziyaretçi Giriş Talebi,Yüksek,"{'cozum_basligi': 'Ziyaretçi giriş kaydı oluşturma', 'adimlar': ['Adım 1: Ziyaretçi bilgileri (ad soyad, TC/kimlik, ziyaret amacı) alınır.', 'Adım 2: Güvenlik birimine ziyaret tarihi ve saati bildirilir.', 'Adım 3: Ziyaretçi giriş gününde resepsiyonda kayıt yapılıp kartı teslim edilir.'], 'self_service_uygun_mu': False}","['ziyaretci_ad_soyad', 'ziyaret_tarihi_saati', 'ziyaret_edilen_kisi']","Ziyaretçinin adı, ziyaret tarihi/saati ve kimi ziyaret edeceği bilgisini alabilir miyim?"
T-3657,"Emre Doğan - evlilik iznim için gerekli evrak nedir, nikah tarihimiz 28 Haziran.",Hizmet Talebi (Service Request),İnsan Kaynakları,İzin Yönetimi,Evlilik İzni Talebi,Orta,"{'cozum_basligi': 'Evlilik izni tanımlama süreci', 'adimlar': ['Adım 1: Evlilik tarihi ve evlilik cüzdanı bilgisi talep edilir.', 'Adım 2: İş kanunu kapsamındaki 3 günlük evlilik izni sisteme tanımlanır.', 'Adım 3: Yönetici onayı sonrası izin takvime işlenir.'], 'self_service_uygun_mu': False}","['ad_soyad', 'evlilik_tarihi', 'izin_baslangic_tarihi']",Evlilik tarihiniz nedir ve izninizi ne zaman kullanmak istiyorsunuz?
T-3658,"Yazıcıdan çıktılar çok soluk çıkıyor, okunmuyor neredeyse.",Arıza (Incident),İdari İşler,Ofis Ekipmanı,Yazıcı/Fotokopi Arıza Bildirimi,Yüksek,"{'cozum_basligi': 'Yazıcı/fotokopi arıza giderme', 'adimlar': ['Adım 1: Kağıt sıkışması, kapak açık kalması gibi görünür arızalar kontrol edilir.', 'Adım 2: Cihaz yeniden başlatılır ve sürücü/bağlantı ayarları kontrol edilir.', 'Adım 3: Sorun devam ederse teknik servis çağrısı için ticket açılır.'], 'self_service_uygun_mu': True}","['yazici_lokasyon', 'hata_kodu']","Yazıcı hiç çalışmıyor mu, kağıt mı sıkıştı yoksa çıktı kalitesi mi kötü?"
T-3659,Bes kesinti oranimi artirmak istiyorum bordromdan,Hizmet Talebi (Service Request),İnsan Kaynakları,Bordro & Özlük,BES (Bireysel Emeklilik) Kesintisi Talebi,Düşük,"{'cozum_basligi': 'BES kesinti oranı/katılım işlemi düzenleme', 'adimlar': ['Adım 1: Çalışanın mevcut BES katılım durumu ve kesinti oranı sistemden kontrol edilir.', 'Adım 2: Talep edilen değişiklik (katılım, çıkış, oran güncelleme) BES şirketine iletilir.', 'Adım 3: Onay sonrası bordro kesinti kalemi güncellenir ve çalışana bilgi verilir.'], 'self_service_uygun_mu': False}","['ad_soyad', 'talep_turu', 'yeni_kesinti_orani']",BES'ten çıkmak mı istiyorsunuz yoksa kesinti oranınızı mı değiştirmek istiyorsunuz?
T-3660,"Uğur Kurt - GBP faturasını girmeye çalışıyorum ama sistem sadece TL kabul ediyor, yardımcı olur musunuz?",Arıza (Incident),Finans,Masraf & Ödeme,Çoklu Para Birimli Fatura Girişi,Yüksek,"{'cozum_basligi': 'Çoklu para birimli fatura giriş desteği', 'adimlar': ['Adım 1: Faturanın orijinal para birimi ve tutarı doğrulanır.', 'Adım 2: ERP sisteminde ilgili para birimi tanımlı değilse muhasebe sistem ekibi tanımlama yapar.', 'Adım 3: Fatura, güncel kur ile TL karşılığı hesaplanarak sisteme işlenir.'], 'self_service_uygun_mu': False}","['fatura_no', 'tedarikci_adi', 'para_birimi', 'tutar']",Faturanın para birimi nedir (USD/EUR/GBP) ve sistemde bu para birimiyle giriş yapabiliyor musunuz?
T-3661,"Acilen ERP modülünde stok sorgusu yaparken 'erişim reddedildi' hatası çıkıyor. Bu konuda epeydir mağdurum, lütfen hızlı dönüş yapar mısınız?",Arıza (Incident),Bilgi Teknolojileri,Sunucu/Sistem,Veritabanı Erişim Hatası,Kritik,"{'cozum_basligi': 'Veritabanı erişim hatası çözümü', 'adimlar': ['Adım 1: Kullanıcının veritabanı bağlantı ayarları ve yetkileri kontrol edilir.', 'Adım 2: Veritabanı servisinin çalışır durumda olup olmadığı sistem ekibince doğrulanır.', 'Adım 3: Yetki/bağlantı sorunu devam ediyorsa veritabanı yöneticisine (DBA) ticket yönlendirilir.'], 'self_service_uygun_mu': False}","['uygulama_adi', 'hata_kodu', 'erisim_zamani']",Bu hata sadece sizde mi oluşuyor yoksa tüm ekipte mi?
T-3662,Rica etsem acil Onay akisinda yoneticim gorunmuyor bos geliyor secim ekrani,Arıza (Incident),Finans,Masraf & Ödeme,Onay Akışında Yönetici Görünmüyor Sorunu,Düşük,"{'cozum_basligi': 'Onay akışı yönetici ataması düzeltme süreci', 'adimlar': ['Adım 1: Organizasyon şemasında çalışanın tanımlı yöneticisi sistemden kontrol edilir.', 'Adım 2: Yönetici ayrılmış/değişmiş ise onay akışı güncel yöneticiye yeniden atanır.', 'Adım 3: Bekleyen tüm formlar yeni onay akışına manuel olarak yönlendirilir.'], 'self_service_uygun_mu': False}","['ad_soyad', 'form_no', 'eski_yonetici', 'yeni_yonetici']",Onay akışında hangi form takılı kaldı ve eski yöneticiniz mi hâlâ sistemde görünüyor?
T-3663,"Lütfen acil Cansu Kara - GBP faturasını girmeye çalışıyorum ama sistem sadece TL kabul ediyor, yardımcı olur musunuz? Ne zaman çözülür acaba?",Hizmet Talebi (Service Request),Finans,Masraf & Ödeme,Çoklu Para Birimli Fatura Girişi,Yüksek,"{'cozum_basligi': 'Çoklu para birimli fatura giriş desteği', 'adimlar': ['Adım 1: Faturanın orijinal para birimi ve tutarı doğrulanır.', 'Adım 2: ERP sisteminde ilgili para birimi tanımlı değilse muhasebe sistem ekibi tanımlama yapar.', 'Adım 3: Fatura, güncel kur ile TL karşılığı hesaplanarak sisteme işlenir.'], 'self_service_uygun_mu': False}","['fatura_no', 'tedarikci_adi', 'para_birimi', 'tutar']",Faturanın para birimi nedir (USD/EUR/GBP) ve sistemde bu para birimiyle giriş yapabiliyor musunuz?
T-3664,24 Ağustos tarihinde işe başlayacak Nihan Aydın için yeni hesap açılması gerekiyor.,Hizmet Talebi (Service Request),Bilgi Teknolojileri,Güvenlik ve Erişim,Yeni Kullanıcı Hesabı,Orta,"{'cozum_basligi': 'Yeni kullanıcı hesabı açma süreci', 'adimlar': [""Adım 1: İK'dan işe giriş onayı ve pozisyon bilgisi teyit edilir."", 'Adım 2: Aktif Dizin üzerinde hesap oluşturulur ve gerekli grup üyelikleri tanımlanır.', 'Adım 3: E-posta ve sistem erişim bilgileri ilk giriş kılavuzuyla birlikte iletilir.'], 'self_service_uygun_mu': False}","['ad_soyad', 'departman', 'ise_baslama_tarihi', 'pozisyon']","Yeni çalışanın işe başlama tarihi ve departmanı nedir, hangi sistemlere erişimi olması gerekiyor?"
T-3665,"Outlook şifremin süresi dooldu, yenileyemiyorum, sürekli hata veriyor.",Hizmet Talebi (Service Request),Bilgi Teknolojileri,Güvenlik ve Erişim,Şifre Sıfırlama,Orta,"{'cozum_basligi': 'Şifre sıfırlama işlemi', 'adimlar': ['Adım 1: Kimlik doğrulama (çalışan sicil no / kayıtlı e-posta) yapılır.', 'Adım 2: Self servis şifre sıfırlama portalı üzerinden geçici şifre oluşturulur.', 'Adım 3: Portal üzerinden çözülemiyorsa IT güvenlik ekibi manuel sıfırlama için ticket açar.'], 'self_service_uygun_mu': True}","['kullanici_adi', 'sicil_no', 'sistem_adi']",Şifrenizi mi unuttunuz yoksa hesabınız mı kilitlendi?
T-3666,Yeni stajyerimiz için email ve sistem hesabı oluşturulmasını rica ederim.,Hizmet Talebi (Service Request),Bilgi Teknolojileri,Güvenlik ve Erişim,Yeni Kullanıcı Hesabı,Orta,"{'cozum_basligi': 'Yeni kullanıcı hesabı açma süreci', 'adimlar': [""Adım 1: İK'dan işe giriş onayı ve pozisyon bilgisi teyit edilir."", 'Adım 2: Aktif Dizin üzerinde hesap oluşturulur ve gerekli grup üyelikleri tanımlanır.', 'Adım 3: E-posta ve sistem erişim bilgileri ilk giriş kılavuzuyla birlikte iletilir.'], 'self_service_uygun_mu': False}","['ad_soyad', 'departman', 'ise_baslama_tarihi', 'pozisyon']","Yeni çalışanın işe başlama tarihi ve departmanı nedir, hangi sistemlere erişimi olması gerekiyor?"
T-3667,"Fatih Aydın - kümülatif vergi matrahımla ilgili itirazım var, geçen yılki hesaplamayla tutarsız görünüyor.",Arıza (Incident),İnsan Kaynakları,Bordro & Özlük,Bordro Vergi Matrahı İtirazı,Yüksek,"{'cozum_basligi': 'Bordro vergi matrahı itiraz inceleme süreci', 'adimlar': ['Adım 1: İtiraz edilen dönemin vergi matrahı ve dilim hesaplaması bordro ekibi tarafından yeniden kontrol edilir.', 'Adım 2: Kümülatif matrah hesaplamasında hata olup olmadığı muhasebe ile teyit edilir.', 'Adım 3: Hata tespit edilirse düzeltme bir sonraki bordro döneminde uygulanır ve çalışana açıklama yapılır.'], 'self_service_uygun_mu': False}","['ad_soyad', 'donem', 'itiraz_detayi']","Vergi diliminin değiştiğini mi düşünüyorsunuz, yoksa kümülatif matrah hesaplamasında bir hata mı görüyorsunuz?"
T-3668,"Kaç gün izin hakkım kaldı acaba, bakabilir misiniz?",Bilgi Talebi (Information),İnsan Kaynakları,İzin Yönetimi,Yıllık İzin Talebi/Bakiye Sorgulama,Orta,"{'cozum_basligi': 'Yıllık izin talebi/bakiye sorgulama süreci', 'adimlar': ['Adım 1: İK portalından güncel izin bakiyesi kontrol edilir.', 'Adım 2: Talep edilen tarih aralığı yöneticinin onayına gönderilir.', 'Adım 3: Onay sonrası izin sistemde işlenir ve bordroya yansıtılır.'], 'self_service_uygun_mu': True}","['ad_soyad', 'kalan_izin_sorgusu']","Hangi tarihler arasında izin kullanmak istiyorsunuz, yoksa sadece bakiye mi öğrenmek istiyorsunuz?"
T-3669,"7 Ekim tarihinde evleniyorum, 3 günlük evlilik iznimi kullanmak istiyorum.",Hizmet Talebi (Service Request),İnsan Kaynakları,İzin Yönetimi,Evlilik İzni Talebi,Düşük,"{'cozum_basligi': 'Evlilik izni tanımlama süreci', 'adimlar': ['Adım 1: Evlilik tarihi ve evlilik cüzdanı bilgisi talep edilir.', 'Adım 2: İş kanunu kapsamındaki 3 günlük evlilik izni sisteme tanımlanır.', 'Adım 3: Yönetici onayı sonrası izin takvime işlenir.'], 'self_service_uygun_mu': False}","['ad_soyad', 'evlilik_tarihi', 'izin_baslangic_tarihi']",Evlilik tarihiniz nedir ve izninizi ne zaman kullanmak istiyorsunuz?
T-3670,"Tedarikcimiz odeme yapilmadigini soyluyor ama sistemde 'odendi' gornuyor, tutarsizlik var.",Bilgi Talebi (Information),Finans,Masraf & Ödeme,Fatura Ödeme Takibi,Orta,"{'cozum_basligi': 'Fatura ödeme durumu takibi', 'adimlar': ['Adım 1: Fatura numarası ile muhasebe/ERP sisteminde ödeme kaydı sorgulanır.', 'Adım 2: Ödeme planlanan tarih ve onay durumu kontrol edilir.', 'Adım 3: Gecikme varsa ödeme sorumlusuna hatırlatma yapılır ve tedarikçiye bilgi verilir.'], 'self_service_uygun_mu': True}","['fatura_no', 'vade_tarihi']",Fatura numarasını ve tedarikçi firma adını paylaşabilir misiniz?
T-3671,"Teams'e giriş yapamıyorum, 'bir sorun ouştu' hatası çıkıyor sürekli.",Arıza (Incident),Bilgi Teknolojileri,Yazılım,Uygulama Hatası (Outlook/Teams/Excel vb.),Orta,"{'cozum_basligi': 'Uygulama hatası giderme', 'adimlar': ['Adım 1: Uygulama tamamen kapatılıp yeniden açılır, gerekirse bilgisayar yeniden başlatılır.', 'Adım 2: Uygulama güncellemesi kontrol edilir ve önbellek/geçici dosyalar temizlenir.', 'Adım 3: Hata devam ederse ekran görüntüsüyle birlikte yazılım destek ekibine ticket açılır.'], 'self_service_uygun_mu': True}","['uygulama_adi', 'hata_mesaji', 'kullanici_adi']","Hangi uygulamada ve tam olarak ne zaman bu hatayı alıyorsunuz, ekran görüntüsü paylaşabilir misiniz?"
T-3672,"5. kat açık ofis yazıcısının toneri neredeyse bitti, yedek talep ediyorum.",Hizmet Talebi (Service Request),İdari İşler,Ofis Ekipmanı,Toner/Kartuş Talebi,Orta,"{'cozum_basligi': 'Toner/kartuş temin süreci', 'adimlar': ['Adım 1: Depo stok durumu kontrol edilir.', 'Adım 2: Uygun toner/kartuş belirtilen yazıcı lokasyonuna teslim edilir.', 'Adım 3: Stokta bulunmuyorsa satınalma süreci tetiklenir ve tahmini teslim süresi bildirilir.'], 'self_service_uygun_mu': False}","['yazici_lokasyon', 'yazici_marka_model', 'toner_kartus_kodu']","Yazıcının marka ve modeli nedir, doğru toner kodunu belirleyebilmemiz için gerekli?"
T-3673,11.437 TL tutarındaki harcama formum 2 gündür beklemede.,Hizmet Talebi (Service Request),Finans,Masraf & Ödeme,Masraf/Harcama Formu Onayı,Orta,"{'cozum_basligi': 'Masraf/harcama formu onay süreci takibi', 'adimlar': ['Adım 1: Formun onay akışındaki mevcut adımı (yönetici/finans) sistemden kontrol edilir.', 'Adım 2: Bekleyen onaycıya hatırlatma bildirimi gönderilir.', 'Adım 3: Onay gecikmesi devam ederse finans ekibi manuel müdahale için ticket açar.'], 'self_service_uygun_mu': True}","['ad_soyad', 'harcama_tarihi', 'tutar']",Form kaç gündür bekliyor ve onay akışında şu an kimde bekliyor biliyor musunuz?
T-3674,"Seyahat sırasında fişimi kaybettim, harcamamı nasıl beyan edebilirim?",Hizmet Talebi (Service Request),Finans,Masraf & Ödeme,Harcama Fişi Kayıp Beyanı,Orta,"{'cozum_basligi': 'Kayıp harcama fişi beyan ve alternatif belge süreci', 'adimlar': ['Adım 1: Kayıp fiş beyan formu doldurulur, harcama tutarı ve tarihi beyan edilir.', 'Adım 2: Mümkünse kredi kartı ekstresi/dekont gibi alternatif kanıt belgesi talep edilir.', 'Adım 3: Finans ekibi beyanı değerlendirip onaylarsa masraf formu istisnai olarak işleme alınır.'], 'self_service_uygun_mu': False}","['ad_soyad', 'harcama_tutari', 'harcama_tarihi', 'kayip_beyani_gerekcesi']",Fişi kaybettiğinize göre elinizde kredi kartı ekstresi gibi tutarı doğrulayacak başka bir belge var mı?
T-3675,"Teams'e giriş yapamıyorum, 'bir sorun oluştu' hatası çıkıyor sürekli. Hem de Bir de mail eklerini indiremiyorum aynı anda",Arıza (Incident),Bilgi Teknolojileri,Yazılım,Uygulama Hatası (Outlook/Teams/Excel vb.),Düşük,"{'cozum_basligi': 'Uygulama hatası giderme', 'adimlar': ['Adım 1: Uygulama tamamen kapatılıp yeniden açılır, gerekirse bilgisayar yeniden başlatılır.', 'Adım 2: Uygulama güncellemesi kontrol edilir ve önbellek/geçici dosyalar temizlenir.', 'Adım 3: Hata devam ederse ekran görüntüsüyle birlikte yazılım destek ekibine ticket açılır.'], 'self_service_uygun_mu': True}","['uygulama_adi', 'hata_mesaji', 'kullanici_adi']",Uygulama hiç açılmıyor mu yoksa belirli bir işlem sırasında mı hata veriyor?
T-3676,"5 Kasım tarihinden beri VPN bağlantım hiç kurulmuyor, evden çalışamıyorum.",Hizmet Talebi (Service Request),Bilgi Teknolojileri,Ağ/Network,VPN Erişim Sorunu,Düşük,"{'cozum_basligi': 'VPN bağlantı sorunu çözümü', 'adimlar': ['Adım 1: VPN istemcisi güncel mi kontrol edilir, kullanıcı adı/şifre doğrulanır.', 'Adım 2: İnternet bağlantısı ve güvenlik duvarı ayarları kontrol edilir, istemci yeniden başlatılır.', 'Adım 3: Erişim devam etmiyorsa VPN sertifikası/erişim yetkisi için ticket açılır.'], 'self_service_uygun_mu': True}","['kullanici_adi', 'cihaz_turu', 'hata_mesaji']",Evden mi yoksa başka bir lokasyondan mı bağlanmaya çalışıyorsunuz?
T-3677,VPN şifremi doğru giriyorum ama 'yetkisiz erişim' hatası alıyorum.,Arıza (Incident),Bilgi Teknolojileri,Ağ/Network,VPN Erişim Sorunu,Yüksek,"{'cozum_basligi': 'VPN bağlantı sorunu çözümü', 'adimlar': ['Adım 1: VPN istemcisi güncel mi kontrol edilir, kullanıcı adı/şifre doğrulanır.', 'Adım 2: İnternet bağlantısı ve güvenlik duvarı ayarları kontrol edilir, istemci yeniden başlatılır.', 'Adım 3: Erişim devam etmiyorsa VPN sertifikası/erişim yetkisi için ticket açılır.'], 'self_service_uygun_mu': True}","['kullanici_adi', 'cihaz_turu', 'hata_mesaji']",Evden mi yoksa başka bir lokasyondan mı bağlanmaya çalışıyorsunuz?
T-3678,"Ebru Kara - bireysel emeklilik katkı payımı değiştirmek istiyorum, formu nereden alabilirim?",Bilgi Talebi (Information),İnsan Kaynakları,Bordro & Özlük,BES (Bireysel Emeklilik) Kesintisi Talebi,Orta,"{'cozum_basligi': 'BES kesinti oranı/katılım işlemi düzenleme', 'adimlar': ['Adım 1: Çalışanın mevcut BES katılım durumu ve kesinti oranı sistemden kontrol edilir.', 'Adım 2: Talep edilen değişiklik (katılım, çıkış, oran güncelleme) BES şirketine iletilir.', 'Adım 3: Onay sonrası bordro kesinti kalemi güncellenir ve çalışana bilgi verilir.'], 'self_service_uygun_mu': False}","['ad_soyad', 'talep_turu', 'yeni_kesinti_orani']",BES'ten çıkmak mı istiyorsunuz yoksa kesinti oranınızı mı değiştirmek istiyorsunuz?
T-3679,"İrem Şimşek - çocuğumun sağlık sigortası kapsamına dahil edilmesini rica ederim, doğum belgesi ekte.",Hizmet Talebi (Service Request),İnsan Kaynakları,Bordro & Özlük,ÖSS (Özel Sağlık Sigortası) Aile Kapsamı Ekleme,Orta,"{'cozum_basligi': 'Özel sağlık sigortasına aile bireyi ekleme süreci', 'adimlar': ['Adım 1: Eklenecek aile bireyinin kimlik bilgileri ve yakınlık derecesi (eş/çocuk) alınır.', 'Adım 2: Talep sigorta şirketine İK tarafından iletilir ve poliçe güncellemesi başlatılır.', 'Adım 3: Poliçe onayı sonrası yeni sağlık kartı çalışana/aile bireyine ulaştırılır.'], 'self_service_uygun_mu': False}","['ad_soyad', 'eklenecek_kisi_tc', 'poliçe_baslangic_tarihi']","Eklemek istediğiniz kişi eşiniz mi çocuğunuz mu, kimlik bilgilerini paylaşabilir misiniz?"
T-3680,"Seyahat masrafım 2,921.60 EUR olarak girildi ama kur yanlış hesaplanmış görünüyor.",Bilgi Talebi (Information),Finans,Masraf & Ödeme,Döviz Kuru Farkı/Uyumsuzluğu,Orta,"{'cozum_basligi': 'Döviz kuru farkı/uyumsuzluğu inceleme süreci', 'adimlar': ['Adım 1: Harcama tarihindeki resmi TCMB kuru ile sistemde kullanılan kur karşılaştırılır.', 'Adım 2: Fark tespit edilirse hangi kur kaynağının kullanıldığı muhasebe ile teyit edilir.', 'Adım 3: Hatalı hesaplama varsa düzeltme kaydı oluşturulur ve fark tazmin edilir.'], 'self_service_uygun_mu': False}","['ad_soyad', 'harcama_tarihi', 'doviz_tutar', 'kullanilan_kur']","Harcamanızın tarihini ve hangi döviz cinsinden olduğunu paylaşabilir misiniz, hangi kur baz alınmış görüyorsunuz?"
T-3681,Tedarikci firmadan geelcek kisi icin otopark yer ayrilabilir mi 14 Ekim?,Hizmet Talebi (Service Request),İdari İşler,Güvenlik & Ulaşım,Misafir Otopark İzni,Orta,"{'cozum_basligi': 'Misafir otopark giriş izni tanımlama', 'adimlar': ['Adım 1: Misafirin plaka bilgisi ve ziyaret tarihi/saati alınır.', 'Adım 2: Güvenlik birimine otopark giriş izni tanımlanır.', 'Adım 3: Misafir giriş yaptığında güvenlik plaka üzerinden yönlendirme yapar.'], 'self_service_uygun_mu': False}","['misafir_ad_soyad', 'plaka_no', 'ziyaret_tarihi_saati']",Misafirinizin plaka bilgisi ve ziyaret saati nedir?
T-3682,"Ege Temizlik Hizmetleri firmasindan gelmesi gereken paket 3 gundur ulasmadi, takip edder misiniz?",Hizmet Talebi (Service Request),İdari İşler,Satınalma/Malzeme,Kargo/Kurye Teslimat Takibi,Orta,"{'cozum_basligi': 'Kargo/kurye teslimat takibi', 'adimlar': ['Adım 1: Kargo takip numarası ve gönderici bilgisi ile kargo firması sistemi kontrol edilir.', 'Adım 2: Resepsiyon/depo teslim kaydı kontrol edilerek paketin durumu netleştirilir.', 'Adım 3: Paket bulunamıyorsa kargo firmasına resmi kayıp/gecikme bildirimi açılır.'], 'self_service_uygun_mu': True}","['takip_no', 'kargo_firmasi', 'gonderi_tarihi']",Kargonuzun takip numarası var mı ve hangi firmadan gönderildi?
T-3683,"Zyenep Yıldız - prim ödemem bordroya yansımamış görünüyor, bakabilir misiniz?",Bilgi Talebi (Information),İnsan Kaynakları,Bordro & Özlük,Bordro/Maaş Bilgisi Talebi,Orta,"{'cozum_basligi': 'Bordro/maaş bilgisi inceleme süreci', 'adimlar': ['Adım 1: Çalışanın ilgili ay bordrosu bordro sisteminden çekilip incelenir.', 'Adım 2: Kesinti/ek ödeme kalemleri tek tek karşılaştırılır ve hata olup olmadığı tespit edilir.', 'Adım 3: Hata tespit edilirse düzeltme için bordro/muhasebe ekibine ticket açılır.'], 'self_service_uygun_mu': False}","['ad_soyad', 'donem', 'itiraz_konusu']",Maaşınızda eksik ödeme mi var yoksa fazla kesinti mi görüyorsunuz?
T-3684,"Acilen Ana bina lobi'da klima aşırı ses yapıyor, çalışmayı zorlaştırıyor. Ne zaman çözülür acaba?",Arıza (Incident),İdari İşler,Bina/Tesis Bakım,Klima/Isıtma Arızası,Düşük,"{'cozum_basligi': 'Klima/ısıtma sistemi arıza giderme', 'adimlar': ['Adım 1: Termostat ayarları ve cihazın açık olup olmadığı kontrol edilir.', 'Adım 2: Bina teknik ekibi filtre/gaz durumunu yerinde kontrol eder.', 'Adım 3: Kalıcı arıza tespit edilirse bakım/onarım için dış servis çağrılır.'], 'self_service_uygun_mu': False}","['ofis_lokasyon', 'cihaz_konumu', 'sorun_tanimi']","Klima hiç çalışmıyor mu yoksa soğutmuyor/ısıtmıyor mu, hangi bölgedesiniz?"
T-3685,"Ahmet Şimşek - doğum iznim bitiyor yakında, yaı zamanlı çalışma hakkımı öğrenebilir miyim?",Hizmet Talebi (Service Request),İnsan Kaynakları,İzin Yönetimi,Doğum/Analık İzni Talebi,Düşük,"{'cozum_basligi': 'Doğum/analık izni tanımlama süreci', 'adimlar': ['Adım 1: Doktor raporu ve tahmini/gerçek doğum tarihi talep edilir.', 'Adım 2: Yasal doğum öncesi 8 hafta - doğum sonrası 8 hafta izin süresi hesaplanır.', ""Adım 3: İzin süresi SGK'ya bildirilir ve bordro/İK sisteminde işlenir.""], 'self_service_uygun_mu': False}","['ad_soyad', 'tahmini_dogum_tarihi', 'doktor_raporu']","Tahmini doğum tarihiniz nedir, doktor raporunuzu paylaşabilir misiniz?"
T-3686,Ucretsiz izin almak istiyorum yurtdisi cikisim var 15 gunnluk,Hizmet Talebi (Service Request),İnsan Kaynakları,İzin Yönetimi,Ücretsiz İzin Talebi,Yüksek,"{'cozum_basligi': 'Ücretsiz izin talebi değerlendirme süreci', 'adimlar': ['Adım 1: Talep gerekçesi ve süresi ile birlikte kaydedilir.', 'Adım 2: Yönetici ve İK onayına gönderilir, SGK bildirimi gerekliliği kontrol edilir.', 'Adım 3: Onaylanması halinde ücretsiz izin süresi bordro ve SGK sistemine işlenir.'], 'self_service_uygun_mu': False}","['ad_soyad', 'talep_suresi', 'gerekce']",Ne kadar süreyle ücretsiz izin kullanmak istiyorsunuz ve gerekçeniz nedir?
T-3687,"Acilen Harcama formu onaya dustu ama 5 gundur kimse onaylamadi Bu konuda epeydir mağdurum, lütfen hızlı dönüş yapar mısınız?",Arıza (Incident),Finans,Masraf & Ödeme,Masraf/Harcama Formu Onayı,Orta,"{'cozum_basligi': 'Masraf/harcama formu onay süreci takibi', 'adimlar': ['Adım 1: Formun onay akışındaki mevcut adımı (yönetici/finans) sistemden kontrol edilir.', 'Adım 2: Bekleyen onaycıya hatırlatma bildirimi gönderilir.', 'Adım 3: Onay gecikmesi devam ederse finans ekibi manuel müdahale için ticket açar.'], 'self_service_uygun_mu': True}","['form_no', 'tutar', 'onay_bekleyen_kisi']",Form kaç gündür bekliyor ve onay akışında şu an kimde bekliyor biliyor musunuz?
T-3688,"Buse Yilmaz - servis durgaimin degistirilmesini talep ediyorum, ev tasindi.",Hizmet Talebi (Service Request),İdari İşler,Güvenlik & Ulaşım,Servis Güzergah Talebi,Orta,"{'cozum_basligi': 'Personel servis güzergahı düzenleme', 'adimlar': ['Adım 1: Talep edilen adres mevcut güzergahlara uygunluk açısından incelenir.', 'Adım 2: Ulaşım/idari işler ekibi güzergah planlamasını günceller.', 'Adım 3: Yeni güzergah bilgisi çalışana ve servis şoförüne iletilir.'], 'self_service_uygun_mu': False}","['ev_adresi', 'mevcut_hat_no', 'talep_turu']",Mevcut servis güzergahınızda mı değişiklik istiyorsunuz yoksa yeni bir durak mı ekleniyor?
T-3689,"Yıldız Öztürk - maaş bordrosu ve çalışma belgesi ihtiyacım var, ev kirası için isteniyor.",Hizmet Talebi (Service Request),İnsan Kaynakları,Bordro & Özlük,Özlük/Çalışma Belgesi Talebi,Yüksek,"{'cozum_basligi': 'Özlük/çalışma belgesi düzenleme', 'adimlar': ['Adım 1: Talep edilen belge türü ve kullanım amacı teyit edilir.', 'Adım 2: İK sistemi üzerinden güncel çalışan bilgileriyle belge hazırlanır.', 'Adım 3: Belge imzalandıktan sonra çalışana e-posta veya elden teslim edilir.'], 'self_service_uygun_mu': True}","['ad_soyad', 'sicil_no', 'belge_turu', 'kullanim_amaci']","Hangi belgeye ihtiyacınız var (çalışma belgesi, hizmet dökümü vb.) ve hangi amaçla kullanılacak?"
T-3690,"Projeksiyon cihazi goruntu vermiyor, Yonetim toplanti salonu'dayiz su an.",Hizmet Talebi (Service Request),İdari İşler,Ofis Ekipmanı,Toplantı Odası Ekipman Arızası (ClickShare/Projeksiyon),Orta,"{'cozum_basligi': 'Toplantı odası ekran/görüntü aktarım arızası giderme', 'adimlar': ['Adım 1: ClickShare/HDMI kablosu ve cihazın güç bağlantısı kontrol edilir.', 'Adım 2: Ekran/projeksiyon cihazı yeniden başlatılır, giriş kaynağı kontrol edilir.', 'Adım 3: Sorun devam ederse toplantı öncesi acil teknik destek için ticket açılır.'], 'self_service_uygun_mu': True}","['oda_adi', 'ekipman_turu', 'toplanti_saati']",Hangi toplantı odasından bahsediyorsunuz ve toplantınız ne zaman başlıyor?
T-3691,"Çok acil, 3. kat lambaları yanmıyor, ofis çok karanlık kaldı. Ne zaman çözülür acaba?",Arıza (Incident),İdari İşler,Bina/Tesis Bakım,Elektrik/Aydınlatma Arızası,Orta,"{'cozum_basligi': 'Elektrik/aydınlatma arıza giderme', 'adimlar': ['Adım 1: Sigorta atmış mı, ampul/armatür arızalı mı kontrol edilir.', 'Adım 2: Bina teknik ekibi lokasyona yönlendirilir.', 'Adım 3: Kalıcı çözüm için gerekiyorsa dış elektrik servisi çağrılır.'], 'self_service_uygun_mu': False}","['ofis_lokasyon', 'ariza_tanimi', 'aciliyet_durumu']",Sorun tüm katta mı yoksa belirli bir bölgede/masada mı yaşanıyor?
T-3692,"Çok acil, CRM sistemine yeni giriş yetkisi verilmesi gerekiyor, yöneticim Murat Kaya onaylayabilir. Bu konuda epeydir mağdurum, lütfen hızlı dönüş yapar mısınız?",Hizmet Talebi (Service Request),Bilgi Teknolojileri,Güvenlik ve Erişim,Sistem/Klasör Yetki Talebi,Orta,"{'cozum_basligi': 'Sistem/klasör yetki tanımlama süreci', 'adimlar': ['Adım 1: Talep, ilgili departman yöneticisinin onayına gönderilir.', 'Adım 2: Onay sonrası erişim, en az yetki prensibiyle tanımlanır.', 'Adım 3: Yetki tanımlandıktan sonra kullanıcıya bilgilendirme yapılır ve ticket kapatılır.'], 'self_service_uygun_mu': False}","['kullanici_adi', 'erisim_seviyesi', 'departman']",Okuma yetkisi mi yoksa yazma/düzenleme yetkisi mi gerekiyor?
T-3693,"Ahmet Kılıç - seyahat masraf formum reddedildi ama sebep yazmıyor, öğrenebilir miyim?",Hizmet Talebi (Service Request),Finans,Masraf & Ödeme,Masraf/Harcama Formu Onayı,Yüksek,"{'cozum_basligi': 'Masraf/harcama formu onay süreci takibi', 'adimlar': ['Adım 1: Formun onay akışındaki mevcut adımı (yönetici/finans) sistemden kontrol edilir.', 'Adım 2: Bekleyen onaycıya hatırlatma bildirimi gönderilir.', 'Adım 3: Onay gecikmesi devam ederse finans ekibi manuel müdahale için ticket açar.'], 'self_service_uygun_mu': True}","['form_no', 'tutar', 'onay_bekleyen_kisi']",Form kaç gündür bekliyor ve onay akışında şu an kimde bekliyor biliyor musunuz?
T-3694,"Acilen Yarin saat 14:00'te bir musteri ziyaretimiz vaar, giris izni gerekiyor.",Hizmet Talebi (Service Request),İdari İşler,Güvenlik & Ulaşım,Ziyaretçi Giriş Talebi,Yüksek,"{'cozum_basligi': 'Ziyaretçi giriş kaydı oluşturma', 'adimlar': ['Adım 1: Ziyaretçi bilgileri (ad soyad, TC/kimlik, ziyaret amacı) alınır.', 'Adım 2: Güvenlik birimine ziyaret tarihi ve saati bildirilir.', 'Adım 3: Ziyaretçi giriş gününde resepsiyonda kayıt yapılıp kartı teslim edilir.'], 'self_service_uygun_mu': False}","['ziyaretci_ad_soyad', 'ziyaret_tarihi_saati', 'ziyaret_edilen_kisi']","Ziyaretçinin adı, ziyaret tarihi/saati ve kimi ziyaret edeceği bilgisini alabilir miyim?"
T-3695,"Acilen Şirket kartıyla yaptığım döviz harcaması geç yansıdı, kur o gün çok değişmişti, fark var mı bakar mısınız?",Arıza (Incident),Finans,Masraf & Ödeme,Döviz Kuru Farkı/Uyumsuzluğu,Orta,"{'cozum_basligi': 'Döviz kuru farkı/uyumsuzluğu inceleme süreci', 'adimlar': ['Adım 1: Harcama tarihindeki resmi TCMB kuru ile sistemde kullanılan kur karşılaştırılır.', 'Adım 2: Fark tespit edilirse hangi kur kaynağının kullanıldığı muhasebe ile teyit edilir.', 'Adım 3: Hatalı hesaplama varsa düzeltme kaydı oluşturulur ve fark tazmin edilir.'], 'self_service_uygun_mu': False}","['ad_soyad', 'harcama_tarihi', 'doviz_tutar', 'kullanilan_kur']","Harcamanızın tarihini ve hangi döviz cinsinden olduğunu paylaşabilir misiniz, hangi kur baz alınmış görüyorsunuz?"
T-3696,Bes kesinti oranimi artirrmak istiyorum bordromdan,Bilgi Talebi (Information),İnsan Kaynakları,Bordro & Özlük,BES (Bireysel Emeklilik) Kesintisi Talebi,Düşük,"{'cozum_basligi': 'BES kesinti oranı/katılım işlemi düzenleme', 'adimlar': ['Adım 1: Çalışanın mevcut BES katılım durumu ve kesinti oranı sistemden kontrol edilir.', 'Adım 2: Talep edilen değişiklik (katılım, çıkış, oran güncelleme) BES şirketine iletilir.', 'Adım 3: Onay sonrası bordro kesinti kalemi güncellenir ve çalışana bilgi verilir.'], 'self_service_uygun_mu': False}","['ad_soyad', 'talep_turu', 'yeni_kesinti_orani']",BES'ten çıkmak mı istiyorsunuz yoksa kesinti oranınızı mı değiştirmek istiyorsunuz?
T-3697,"Ayşe - klavyemde bazı tuşlar basmıyor, özellikle boşluk tuşu.",Arıza (Incident),Bilgi Teknolojileri,Donanım,Monitör/Çevre Birimi Arızası,Orta,"{'cozum_basligi': 'Monitör/çevre birimi arıza tespiti', 'adimlar': ['Adım 1: Kablo bağlantıları (HDMI/VGA/güç) ve monitör güç düğmesi kontrol edilir.', 'Adım 2: Farklı bir kablo veya port ile test yapılır.', 'Adım 3: Arıza devam ediyorsa cihaz değişimi için IT saha ekibine ticket açılır.'], 'self_service_uygun_mu': True}","['cihaz_turu', 'kullanici_adi', 'ofis_lokasyon']",Ekranda hiç görüntü mü yok yoksa titreme/renk bozukluğu mu var?
T-3698,"Eski projeden kalan klasör yetkim hâlâ aktif, kaldırılmasını rica ederim.",Hizmet Talebi (Service Request),Bilgi Teknolojileri,Güvenlik ve Erişim,Sistem/Klasör Yetki Talebi,Orta,"{'cozum_basligi': 'Sistem/klasör yetki tanımlama süreci', 'adimlar': ['Adım 1: Talep, ilgili departman yöneticisinin onayına gönderilir.', 'Adım 2: Onay sonrası erişim, en az yetki prensibiyle tanımlanır.', 'Adım 3: Yetki tanımlandıktan sonra kullanıcıya bilgilendirme yapılır ve ticket kapatılır.'], 'self_service_uygun_mu': False}","['kullanici_adi', 'klasor_sistem_adi', 'yonetici_onayi']",Okuma yetkisi mi yoksa yazma/düzenleme yetkisi mi gerekiyor?
T-3699,"1.088 TL tutarındaki fatura hâlâ ödenmemiş görünüyor, Selin Catering Hizmetleri.",Bilgi Talebi (Information),Finans,Masraf & Ödeme,Fatura Ödeme Takibi,Yüksek,"{'cozum_basligi': 'Fatura ödeme durumu takibi', 'adimlar': ['Adım 1: Fatura numarası ile muhasebe/ERP sisteminde ödeme kaydı sorgulanır.', 'Adım 2: Ödeme planlanan tarih ve onay durumu kontrol edilir.', 'Adım 3: Gecikme varsa ödeme sorumlusuna hatırlatma yapılır ve tedarikçiye bilgi verilir.'], 'self_service_uygun_mu': True}","['fatura_no', 'vade_tarihi']","Faturanın vade tarihi geçti mi, ne kadar süredir bekliyor?"
T-3700,"Lütfen acil Onur Erdoğan - masaüstü bilgisayarımın fanı çok ses yapıyor ve ısınıyor, dikkatimi dağıtıyor. Bir de Klavyem de arada tuş basmıyor, onu da kontrol ettirmek isterim Teşekkür ederim şimdiden.",Arıza (Incident),Bilgi Teknolojileri,Donanım,Bilgisayar Arıza/Onarım,Yüksek,"{'cozum_basligi': 'Bilgisayar donanım arızası ilk müdahale', 'adimlar': ['Adım 1: Cihaz kapatılıp yeniden başlatılır, güç kablosu ve bağlantılar kontrol edilir.', 'Adım 2: Uzaktan tanı aracıyla donanım sağlık testi çalıştırılır.', 'Adım 3: Sorun devam ederse yerinde teknik destek için ticket açılır ve teknisyen yönlendirilir.'], 'self_service_uygun_mu': True}","['cihaz_seri_no', 'ofis_lokasyon', 'ariza_tanimi']",Sorun ne zaman başladı ve hangi lokasyondaki cihazdan bahsediyoruz?
T-3701,"Excel dosyam kaydedilirken donuyor, dakikalarca bekliyorum.",Arıza (Incident),Bilgi Teknolojileri,Yazılım,Uygulama Hatası (Outlook/Teams/Excel vb.),Orta,"{'cozum_basligi': 'Uygulama hatası giderme', 'adimlar': ['Adım 1: Uygulama tamamen kapatılıp yeniden açılır, gerekirse bilgisayar yeniden başlatılır.', 'Adım 2: Uygulama güncellemesi kontrol edilir ve önbellek/geçici dosyalar temizlenir.', 'Adım 3: Hata devam ederse ekran görüntüsüyle birlikte yazılım destek ekibine ticket açılır.'], 'self_service_uygun_mu': True}","['uygulama_adi', 'isletim_sistemi', 'hata_ekran_goruntusu']",Uygulama hiç açılmıyor mu yoksa belirli bir işlem sırasında mı hata veriyor?
T-3702,"Çok acil, Yeni laptop lazim eski cihaz cok yavas kaldi artik Teşekkür ederim şimdiden.",Hizmet Talebi (Service Request),Bilgi Teknolojileri,Donanım,Yeni Ekipman Kurulumu,Orta,"{'cozum_basligi': 'Yeni donanım ekipmanı kurulum süreci', 'adimlar': ['Adım 1: Talep, envanter ve bütçe onayı için yöneticiye/IT sorumlusuna iletilir.', 'Adım 2: Uygun ekipman depo stoğundan veya satın alma sürecinden temin edilir.', 'Adım 3: Kurulum IT saha ekibi tarafından belirlenen tarihte yerinde gerçekleştirilir.'], 'self_service_uygun_mu': False}","['ekipman_turu', 'kullanici_adi', 'ofis_lokasyon', 'talep_tarihi']","Hangi ekipmana ihtiyacınız var ve kimin için, hangi lokasyona kurulacak?"
T-3703,"Gökhan Öztürk - SGK giriş belgemi mail atabilir misiniz, kredi başvurusu için lazım.",Hizmet Talebi (Service Request),İnsan Kaynakları,Bordro & Özlük,SGK Giriş/Çıkış Evrakı Talebi,Orta,"{'cozum_basligi': 'SGK giriş/çıkış evrakı düzenleme', 'adimlar': ['Adım 1: Talep edilen belgenin türü (işe giriş bildirgesi/işten ayrılış bildirgesi) teyit edilir.', 'Adım 2: SGK e-Bildirge sisteminden ilgili belge sorgulanır ve çıktısı alınır.', 'Adım 3: Belge onaylanıp çalışana e-posta veya elden iletilir.'], 'self_service_uygun_mu': False}","['ad_soyad', 'sicil_no', 'belge_turu', 'kullanim_amaci']","İşe giriş bildirgesi mi yoksa işten ayrılış bildirgesi mi gerekiyor, hangi amaçla kullanılacak?"
T-3704,"Çok acil, Tüm kat internetsiz kaldı, Üretim tesisi idari bina, çok acil! Teşekkür ederim şimdiden.",Arıza (Incident),Bilgi Teknolojileri,Ağ/Network,İnternet Bağlantı Sorunu,Yüksek,"{'cozum_basligi': 'İnternet bağlantı arızası ilk müdahale', 'adimlar': ['Adım 1: Modem/router yeniden başlatılır, kablo bağlantıları kontrol edilir.', 'Adım 2: Farklı bir cihaz veya prizden bağlantı test edilir.', 'Adım 3: Sorun devam ederse altyapı ekibine ticket açılır ve etkilenen kişi sayısı raporlanır.'], 'self_service_uygun_mu': True}","['ofis_lokasyon', 'etkilenen_kisi_sayisi', 'baslangic_zamani']","İnternet hiç mi yok yoksa çok mu yavaş, ayrıca sadece siz mi etkileniyorsunuz yoksa tüm kat mı?"
T-3705,Rica etsem acil Yemek fisini kaybettim ama kredi karti ekstresi var elimde Ne zaman çözülür acaba?,Hizmet Talebi (Service Request),Finans,Masraf & Ödeme,Harcama Fişi Kayıp Beyanı,Orta,"{'cozum_basligi': 'Kayıp harcama fişi beyan ve alternatif belge süreci', 'adimlar': ['Adım 1: Kayıp fiş beyan formu doldurulur, harcama tutarı ve tarihi beyan edilir.', 'Adım 2: Mümkünse kredi kartı ekstresi/dekont gibi alternatif kanıt belgesi talep edilir.', 'Adım 3: Finans ekibi beyanı değerlendirip onaylarsa masraf formu istisnai olarak işleme alınır.'], 'self_service_uygun_mu': False}","['ad_soyad', 'harcama_tutari', 'harcama_tarihi', 'kayip_beyani_gerekcesi']",Fişi kaybettiğinize göre elinizde kredi kartı ekstresi gibi tutarı doğrulayacak başka bir belge var mı?
T-3706,"Uğur Arslan - süt iznim için işe geç başlamak istiyorum, uygun mudur?",Hizmet Talebi (Service Request),İnsan Kaynakları,İzin Yönetimi,Süt İzni Talebi,Yüksek,"{'cozum_basligi': 'Süt izni düzenleme süreci', 'adimlar': ['Adım 1: Doğum tarihi teyit edilerek yasal süt izni hakkı (ilk 6 ay günde 1,5 saat) hesaplanır.', 'Adım 2: Çalışma saatlerine nasıl entegre edileceği (sabah/akşam/tek seferde) belirlenir.', 'Adım 3: Yönetici bilgilendirilir ve süt izni takvime/çalışma planına işlenir.'], 'self_service_uygun_mu': False}","['ad_soyad', 'dogum_tarihi', 'tercih_edilen_saat']","Süt izninizi günün hangi saatinde kullanmak istersiniz, sabah mı akşam mı?"
T-3707,"Yeni adresim için uygun bir serivs hattı var mı acaba, bilgi alabilir miyim? Teşekkür ederim şimdiden.",Hizmet Talebi (Service Request),İdari İşler,Güvenlik & Ulaşım,Servis Güzergah Talebi,Orta,"{'cozum_basligi': 'Personel servis güzergahı düzenleme', 'adimlar': ['Adım 1: Talep edilen adres mevcut güzergahlara uygunluk açısından incelenir.', 'Adım 2: Ulaşım/idari işler ekibi güzergah planlamasını günceller.', 'Adım 3: Yeni güzergah bilgisi çalışana ve servis şoförüne iletilir.'], 'self_service_uygun_mu': False}","['ev_adresi', 'mevcut_hat_no', 'talep_turu']",Mevcut servis güzergahınızda mı değişiklik istiyorsunuz yoksa yeni bir durak mı ekleniyor?
T-3708,"SAP şifremi unuttum, sıfırlama linki de gelmiyor mailime. Gerçekten çok sıkıntı oluyor, bir an önce ilgilenirseniz sevinirim.",Hizmet Talebi (Service Request),Bilgi Teknolojileri,Güvenlik ve Erişim,Şifre Sıfırlama,Düşük,"{'cozum_basligi': 'Şifre sıfırlama işlemi', 'adimlar': ['Adım 1: Kimlik doğrulama (çalışan sicil no / kayıtlı e-posta) yapılır.', 'Adım 2: Self servis şifre sıfırlama portalı üzerinden geçici şifre oluşturulur.', 'Adım 3: Portal üzerinden çözülemiyorsa IT güvenlik ekibi manuel sıfırlama için ticket açar.'], 'self_service_uygun_mu': True}","['kullanici_adi', 'kayitli_email']","Hangi sistemin şifresini sıfırlamamız gerekiyor: e-posta, bilgisayar girişi yoksa başka bir uygulama mı?"
T-3709,Gizem Aydın - fatura EUR olarak kesildi ama TL'ye çevrilirken güncel kur kullanılmamış sanırım.,Arıza (Incident),Finans,Masraf & Ödeme,Döviz Kuru Farkı/Uyumsuzluğu,Orta,"{'cozum_basligi': 'Döviz kuru farkı/uyumsuzluğu inceleme süreci', 'adimlar': ['Adım 1: Harcama tarihindeki resmi TCMB kuru ile sistemde kullanılan kur karşılaştırılır.', 'Adım 2: Fark tespit edilirse hangi kur kaynağının kullanıldığı muhasebe ile teyit edilir.', 'Adım 3: Hatalı hesaplama varsa düzeltme kaydı oluşturulur ve fark tazmin edilir.'], 'self_service_uygun_mu': False}","['ad_soyad', 'harcama_tarihi', 'doviz_tutar', 'kullanilan_kur']","Harcamanızın tarihini ve hangi döviz cinsinden olduğunu paylaşabilir misiniz, hangi kur baz alınmış görüyorsunuz?"
T-3710,"Rica etsem acil Excel dosyam kaydedilirken donuyor, dakikalarca bekliyorum. Teşekkür ederim şimdiden.",Arıza (Incident),Bilgi Teknolojileri,Yazılım,Uygulama Hatası (Outlook/Teams/Excel vb.),Orta,"{'cozum_basligi': 'Uygulama hatası giderme', 'adimlar': ['Adım 1: Uygulama tamamen kapatılıp yeniden açılır, gerekirse bilgisayar yeniden başlatılır.', 'Adım 2: Uygulama güncellemesi kontrol edilir ve önbellek/geçici dosyalar temizlenir.', 'Adım 3: Hata devam ederse ekran görüntüsüyle birlikte yazılım destek ekibine ticket açılır.'], 'self_service_uygun_mu': True}","['uygulama_adi', 'hata_mesaji', 'kullanici_adi']",Uygulama hiç açılmıyor mu yoksa belirli bir işlem sırasında mı hata veriyor?
T-3711,Uccretsiz izin almak istiyorum yurtdisi cikisim var 15 gunluk,Hizmet Talebi (Service Request),İnsan Kaynakları,İzin Yönetimi,Ücretsiz İzin Talebi,Yüksek,"{'cozum_basligi': 'Ücretsiz izin talebi değerlendirme süreci', 'adimlar': ['Adım 1: Talep gerekçesi ve süresi ile birlikte kaydedilir.', 'Adım 2: Yönetici ve İK onayına gönderilir, SGK bildirimi gerekliliği kontrol edilir.', 'Adım 3: Onaylanması halinde ücretsiz izin süresi bordro ve SGK sistemine işlenir.'], 'self_service_uygun_mu': False}","['ad_soyad', 'talep_suresi', 'gerekce']",Ne kadar süreyle ücretsiz izin kullanmak istiyorsunuz ve gerekçeniz nedir?
T-3712,"Derya Kara - bu yil kac gun izin kullandim, kalan hakkimi ogreneblir miyim?",Hizmet Talebi (Service Request),İnsan Kaynakları,İzin Yönetimi,Yıllık İzin Talebi/Bakiye Sorgulama,Düşük,"{'cozum_basligi': 'Yıllık izin talebi/bakiye sorgulama süreci', 'adimlar': ['Adım 1: İK portalından güncel izin bakiyesi kontrol edilir.', 'Adım 2: Talep edilen tarih aralığı yöneticinin onayına gönderilir.', 'Adım 3: Onay sonrası izin sistemde işlenir ve bordroya yansıtılır.'], 'self_service_uygun_mu': True}","['ad_soyad', 'kalan_izin_sorgusu']","Hangi tarihler arasında izin kullanmak istiyorsunuz, yoksa sadece bakiye mi öğrenmek istiyorsunuz?"
T-3713,"Yazıcı kağıt sıkıştırıyor sürekli İzmir şube İşlerim çok aksıyor, acil çözüm bekliyorum.",Arıza (Incident),İdari İşler,Ofis Ekipmanı,Yazıcı/Fotokopi Arıza Bildirimi,Düşük,"{'cozum_basligi': 'Yazıcı/fotokopi arıza giderme', 'adimlar': ['Adım 1: Kağıt sıkışması, kapak açık kalması gibi görünür arızalar kontrol edilir.', 'Adım 2: Cihaz yeniden başlatılır ve sürücü/bağlantı ayarları kontrol edilir.', 'Adım 3: Sorun devam ederse teknik servis çağrısı için ticket açılır.'], 'self_service_uygun_mu': True}","['yazici_lokasyon', 'hata_kodu']","Yazıcı hiç çalışmıyor mu, kağıt mı sıkıştı yoksa çıktı kalitesi mi kötü?"
T-3714,Sifre sifirlama lazim Elif Yıldız,Hizmet Talebi (Service Request),Bilgi Teknolojileri,Güvenlik ve Erişim,Şifre Sıfırlama,Orta,"{'cozum_basligi': 'Şifre sıfırlama işlemi', 'adimlar': ['Adım 1: Kimlik doğrulama (çalışan sicil no / kayıtlı e-posta) yapılır.', 'Adım 2: Self servis şifre sıfırlama portalı üzerinden geçici şifre oluşturulur.', 'Adım 3: Portal üzerinden çözülemiyorsa IT güvenlik ekibi manuel sıfırlama için ticket açar.'], 'self_service_uygun_mu': True}","['kullanici_adi', 'sicil_no', 'sistem_adi']",Şifrenizi mi unuttunuz yoksa hesabınız mı kilitlendi?
T-3715,"Acilen Hastaneden rapor aldim yukleyecegim yer neresi bilmiyorum Bu konuda epeydir mağdurum, lütfen hızlı dönüş yapar mısınız?",Bilgi Talebi (Information),İnsan Kaynakları,İzin Yönetimi,Sağlık Raporu/İstirahat Bildirimi,Orta,"{'cozum_basligi': 'Sağlık raporu/istirahat bildirimi işleme süreci', 'adimlar': [""Adım 1: Rapor e-Nabız/hastane sisteminden veya elden İK'ya iletilir."", 'Adım 2: Rapor süresi SGK sistemine ve bordroya işlenir.', 'Adım 3: Yöneticiye çalışanın izinli/raporlu olduğu bilgisi iletilir.'], 'self_service_uygun_mu': True}","['ad_soyad', 'rapor_baslangic_bitis_tarihi', 'rapor_belgesi']",Raporunuz kaç gün ve e-Nabız üzerinden mi yoksa elden mi ileteceksiniz?
T-3716,"Kalite ortak paylaşım alanına erişim talep ediyorum, yöneticim onaylayacak.",Hizmet Talebi (Service Request),Bilgi Teknolojileri,Güvenlik ve Erişim,Sistem/Klasör Yetki Talebi,Düşük,"{'cozum_basligi': 'Sistem/klasör yetki tanımlama süreci', 'adimlar': ['Adım 1: Talep, ilgili departman yöneticisinin onayına gönderilir.', 'Adım 2: Onay sonrası erişim, en az yetki prensibiyle tanımlanır.', 'Adım 3: Yetki tanımlandıktan sonra kullanıcıya bilgilendirme yapılır ve ticket kapatılır.'], 'self_service_uygun_mu': False}","['kullanici_adi', 'klasor_sistem_adi', 'yonetici_onayi']",Hangi klasöre veya sisteme erişim yetkisi talep ediyorsunuz ve yöneticinizin onayı var mı?
T-3717,"Doğum iznime ne zaman başlamam gerekioyr, tahmini tarihim 8 Ocak.",Hizmet Talebi (Service Request),İnsan Kaynakları,İzin Yönetimi,Doğum/Analık İzni Talebi,Düşük,"{'cozum_basligi': 'Doğum/analık izni tanımlama süreci', 'adimlar': ['Adım 1: Doktor raporu ve tahmini/gerçek doğum tarihi talep edilir.', 'Adım 2: Yasal doğum öncesi 8 hafta - doğum sonrası 8 hafta izin süresi hesaplanır.', ""Adım 3: İzin süresi SGK'ya bildirilir ve bordro/İK sisteminde işlenir.""], 'self_service_uygun_mu': False}","['ad_soyad', 'tahmini_dogum_tarihi', 'doktor_raporu']","Tahmini doğum tarihiniz nedir, doktor raporunuzu paylaşabilir misiniz?"
T-3718,"İrem Yıldız - seyahat masraf formum reddedildi ama sebep yazmıyor, öğrenebilir miyim?",Hizmet Talebi (Service Request),Finans,Masraf & Ödeme,Masraf/Harcama Formu Onayı,Düşük,"{'cozum_basligi': 'Masraf/harcama formu onay süreci takibi', 'adimlar': ['Adım 1: Formun onay akışındaki mevcut adımı (yönetici/finans) sistemden kontrol edilir.', 'Adım 2: Bekleyen onaycıya hatırlatma bildirimi gönderilir.', 'Adım 3: Onay gecikmesi devam ederse finans ekibi manuel müdahale için ticket açar.'], 'self_service_uygun_mu': True}","['form_no', 'tutar', 'onay_bekleyen_kisi']",Form kaç gündür bekliyor ve onay akışında şu an kimde bekliyor biliyor musunuz?
T-3719,3.265 TL tutarındaki harcama formum 2 gündür beklemede.,Hizmet Talebi (Service Request),Finans,Masraf & Ödeme,Masraf/Harcama Formu Onayı,Orta,"{'cozum_basligi': 'Masraf/harcama formu onay süreci takibi', 'adimlar': ['Adım 1: Formun onay akışındaki mevcut adımı (yönetici/finans) sistemden kontrol edilir.', 'Adım 2: Bekleyen onaycıya hatırlatma bildirimi gönderilir.', 'Adım 3: Onay gecikmesi devam ederse finans ekibi manuel müdahale için ticket açar.'], 'self_service_uygun_mu': True}","['ad_soyad', 'harcama_tarihi', 'tutar']",Form kaç gündür bekliyor ve onay akışında şu an kimde bekliyor biliyor musunuz?
T-3720,"Lütfen acil Ofiste internet yok, herkes şikayet ediyor Kadıköy ofis'da.",Arıza (Incident),Bilgi Teknolojileri,Ağ/Network,İnternet Bağlantı Sorunu,Orta,"{'cozum_basligi': 'İnternet bağlantı arızası ilk müdahale', 'adimlar': ['Adım 1: Modem/router yeniden başlatılır, kablo bağlantıları kontrol edilir.', 'Adım 2: Farklı bir cihaz veya prizden bağlantı test edilir.', 'Adım 3: Sorun devam ederse altyapı ekibine ticket açılır ve etkilenen kişi sayısı raporlanır.'], 'self_service_uygun_mu': True}","['ofis_lokasyon', 'etkilenen_kisi_sayisi', 'baslangic_zamani']",Kaç kişiyi etkiliyor bu sorun ve hangi lokasyondasınız?
T-3721,Buse Çetin - yurtdışı proje nedeniyle kart limitimin geçici olarak artırılmasını rica ederim.,Hizmet Talebi (Service Request),Finans,Masraf & Ödeme,Kurumsal Kredi Kartı Limit Artırımı,Düşük,"{'cozum_basligi': 'Kurumsal kredi kartı limit artırım süreci', 'adimlar': ['Adım 1: Mevcut limit, kullanım geçmişi ve talep gerekçesi kaydedilir.', 'Adım 2: Yönetici ve finans müdürü onayına gönderilir.', 'Adım 3: Onay sonrası banka ile limit artırım talebi iletilir ve süreç takip edilir.'], 'self_service_uygun_mu': False}","['ad_soyad', 'mevcut_limit', 'talep_edilen_limit', 'gerekce']","Mevcut kart limitiniz nedir ve ne kadar artış talep ediyorsunuz, gerekçeniz nedir?"
T-3722,"Çok acil, Excel'de formüller birden hatalı sonuç vermeye başladı, dosya bozuldu galiba. Ayrıca Bir de mail eklerini indiremiyorum aynı anda İşlerim çok aksıyor, acil çözüm bekliyorum.",Hizmet Talebi (Service Request),Bilgi Teknolojileri,Yazılım,Uygulama Hatası (Outlook/Teams/Excel vb.),Yüksek,"{'cozum_basligi': 'Uygulama hatası giderme', 'adimlar': ['Adım 1: Uygulama tamamen kapatılıp yeniden açılır, gerekirse bilgisayar yeniden başlatılır.', 'Adım 2: Uygulama güncellemesi kontrol edilir ve önbellek/geçici dosyalar temizlenir.', 'Adım 3: Hata devam ederse ekran görüntüsüyle birlikte yazılım destek ekibine ticket açılır.'], 'self_service_uygun_mu': True}","['uygulama_adi', 'hata_mesaji', 'kullanici_adi']",Uygulama hiç açılmıyor mu yoksa belirli bir işlem sırasında mı hata veriyor?
T-3723,Prizler calismiyor Bodrum kat arşiv bilgisayarim sarj olmuyor,Arıza (Incident),İdari İşler,Bina/Tesis Bakım,Elektrik/Aydınlatma Arızası,Orta,"{'cozum_basligi': 'Elektrik/aydınlatma arıza giderme', 'adimlar': ['Adım 1: Sigorta atmış mı, ampul/armatür arızalı mı kontrol edilir.', 'Adım 2: Bina teknik ekibi lokasyona yönlendirilir.', 'Adım 3: Kalıcı çözüm için gerekiyorsa dış elektrik servisi çağrılır.'], 'self_service_uygun_mu': False}","['ofis_lokasyon', 'ariza_tanimi', 'aciliyet_durumu']",Sorun tüm katta mı yoksa belirli bir bölgede/masada mı yaşanıyor?
T-3724,"B blok 4. kat'daki klotuğum çok yıpranmış, sırt desteği tamamen çökmüş, bel ağrım oluyor artık.",Arıza (Incident),İdari İşler,Bina/Tesis Bakım,Ofis Mobilya Arızası (Ergonomik Masa/Koltuk),Düşük,"{'cozum_basligi': 'Ergonomik mobilya arıza/bakım süreci', 'adimlar': ['Adım 1: Arızanın türü (mekanizma, yükseklik ayarı, tekerlek vb.) tespit edilir.', 'Adım 2: Bina bakım ekibi basit onarımı yerinde dener.', 'Adım 3: Onarılamıyorsa parça değişimi veya mobilya değişimi için satınalma sürecine yönlendirilir.'], 'self_service_uygun_mu': False}","['mobilya_turu', 'ofis_lokasyon', 'ariza_tanimi']","Koltuğunuzda mı yoksa masanızda mı sorun var, tam olarak ne arızalandı?"
T-3725,"Muhasebe sunucusuna erişim yok, tüm ekip etkilendi 4 Temmuz sabahından beri.",Arıza (Incident),Bilgi Teknolojileri,Sunucu/Sistem,Sunucu/Servis Kesintisi,Yüksek,"{'cozum_basligi': 'Sunucu/servis kesintisi acil müdahale', 'adimlar': ['Adım 1: Sunucu/servis durumu izleme panelinden kontrol edilir, etkilenen servisler belirlenir.', 'Adım 2: Sunucu ekibi tarafından servis yeniden başlatılır veya yük devretme (failover) uygulanır.', 'Adım 3: Kök neden analizi için kritik öncelikli ticket açılır ve ilgili birimlere bilgi verilir.'], 'self_service_uygun_mu': False}","['sunucu_adi', 'hata_kodu', 'etki_alani']",Bu kesinti tüm şirketi mi yoksa belirli bir departmanı mı etkiliyor?
T-3726,"Rica etsem acil Genel Müdürlük binası'daki elektrik panosundan ses geliyor, biraz endişe verici.",Arıza (Incident),İdari İşler,Bina/Tesis Bakım,Elektrik/Aydınlatma Arızası,Orta,"{'cozum_basligi': 'Elektrik/aydınlatma arıza giderme', 'adimlar': ['Adım 1: Sigorta atmış mı, ampul/armatür arızalı mı kontrol edilir.', 'Adım 2: Bina teknik ekibi lokasyona yönlendirilir.', 'Adım 3: Kalıcı çözüm için gerekiyorsa dış elektrik servisi çağrılır.'], 'self_service_uygun_mu': False}","['ofis_lokasyon', 'ariza_tanimi', 'aciliyet_durumu']",Sorun tüm katta mı yoksa belirli bir bölgede/masada mı yaşanıyor?
T-3727,"Çok acil, Muhasebe klasörüne erişim yetkim yok, projemde ihtiyacım var. İşlerim çok aksıyor, acil çözüm bekliyorum.",Hizmet Talebi (Service Request),Bilgi Teknolojileri,Güvenlik ve Erişim,Sistem/Klasör Yetki Talebi,Yüksek,"{'cozum_basligi': 'Sistem/klasör yetki tanımlama süreci', 'adimlar': ['Adım 1: Talep, ilgili departman yöneticisinin onayına gönderilir.', 'Adım 2: Onay sonrası erişim, en az yetki prensibiyle tanımlanır.', 'Adım 3: Yetki tanımlandıktan sonra kullanıcıya bilgilendirme yapılır ve ticket kapatılır.'], 'self_service_uygun_mu': False}","['kullanici_adi', 'erisim_seviyesi', 'departman']",Hangi klasöre veya sisteme erişim yetkisi talep ediyorsunuz ve yöneticinizin onayı var mı?
T-3728,"Seyahat sıraısnda fişimi kaybettim, harcamamı nasıl beyan edebilirim?",Hizmet Talebi (Service Request),Finans,Masraf & Ödeme,Harcama Fişi Kayıp Beyanı,Yüksek,"{'cozum_basligi': 'Kayıp harcama fişi beyan ve alternatif belge süreci', 'adimlar': ['Adım 1: Kayıp fiş beyan formu doldurulur, harcama tutarı ve tarihi beyan edilir.', 'Adım 2: Mümkünse kredi kartı ekstresi/dekont gibi alternatif kanıt belgesi talep edilir.', 'Adım 3: Finans ekibi beyanı değerlendirip onaylarsa masraf formu istisnai olarak işleme alınır.'], 'self_service_uygun_mu': False}","['ad_soyad', 'harcama_tutari', 'harcama_tarihi', 'kayip_beyani_gerekcesi']",Fişi kaybettiğinize göre elinizde kredi kartı ekstresi gibi tutarı doğrulayacak başka bir belge var mı?
T-3729,Lütfen acil Evden baglanamiyorum vpn e surekli hata veriyor Teşekkür ederim şimdiden.,Hizmet Talebi (Service Request),Bilgi Teknolojileri,Ağ/Network,VPN Erişim Sorunu,Yüksek,"{'cozum_basligi': 'VPN bağlantı sorunu çözümü', 'adimlar': ['Adım 1: VPN istemcisi güncel mi kontrol edilir, kullanıcı adı/şifre doğrulanır.', 'Adım 2: İnternet bağlantısı ve güvenlik duvarı ayarları kontrol edilir, istemci yeniden başlatılır.', 'Adım 3: Erişim devam etmiyorsa VPN sertifikası/erişim yetkisi için ticket açılır.'], 'self_service_uygun_mu': True}","['kullanici_adi', 'baglanti_lokasyonu', 'vpn_istemci_versiyonu']",Evden mi yoksa başka bir lokasyondan mı bağlanmaya çalışıyorsunuz?
T-3730,"Dün akşam kapattığımda sorun yoktu ama bu sabah Bodrum kat arşiv'da bilgisayarım hiç tepki vermiyor, ekran simsiyah kalıyor. Hem de Masaüstümdeki dosyalara da erişemiyorum galiba",Arıza (Incident),Bilgi Teknolojileri,Donanım,Bilgisayar Arıza/Onarım,Yüksek,"{'cozum_basligi': 'Bilgisayar donanım arızası ilk müdahale', 'adimlar': ['Adım 1: Cihaz kapatılıp yeniden başlatılır, güç kablosu ve bağlantılar kontrol edilir.', 'Adım 2: Uzaktan tanı aracıyla donanım sağlık testi çalıştırılır.', 'Adım 3: Sorun devam ederse yerinde teknik destek için ticket açılır ve teknisyen yönlendirilir.'], 'self_service_uygun_mu': True}","['cihaz_seri_no', 'kullanici_adi', 'ofis_lokasyon', 'ariza_baslangic_zamani']","Cihazınız hiç açılmıyor mu yoksa açılıp kapanıyor mu, ayrıca cihazın seri numarasını paylaşabilir misiniz?"
T-3731,"BES kesintimi durdurmak istiyorum, nasıl bir süreç izlemem gerekiyor?",Hizmet Talebi (Service Request),İnsan Kaynakları,Bordro & Özlük,BES (Bireysel Emeklilik) Kesintisi Talebi,Düşük,"{'cozum_basligi': 'BES kesinti oranı/katılım işlemi düzenleme', 'adimlar': ['Adım 1: Çalışanın mevcut BES katılım durumu ve kesinti oranı sistemden kontrol edilir.', 'Adım 2: Talep edilen değişiklik (katılım, çıkış, oran güncelleme) BES şirketine iletilir.', 'Adım 3: Onay sonrası bordro kesinti kalemi güncellenir ve çalışana bilgi verilir.'], 'self_service_uygun_mu': False}","['ad_soyad', 'talep_turu', 'yeni_kesinti_orani']",BES'ten çıkmak mı istiyorsunuz yoksa kesinti oranınızı mı değiştirmek istiyorsunuz?
T-3732,Fiş fotoğraflarını yükledim ama form bir türlü finansa düşmmüyor sistemde.,Arıza (Incident),Finans,Masraf & Ödeme,Masraf/Harcama Formu Onayı,Yüksek,"{'cozum_basligi': 'Masraf/harcama formu onay süreci takibi', 'adimlar': ['Adım 1: Formun onay akışındaki mevcut adımı (yönetici/finans) sistemden kontrol edilir.', 'Adım 2: Bekleyen onaycıya hatırlatma bildirimi gönderilir.', 'Adım 3: Onay gecikmesi devam ederse finans ekibi manuel müdahale için ticket açar.'], 'self_service_uygun_mu': True}","['ad_soyad', 'harcama_tarihi', 'tutar']",Formun numarasını veya harcama tutarını paylaşabilir misiniz?
T-3733,"Volkan Kaya - servis durağımın değiştirilmesini talep ediyorum, ev taşındı.",Hizmet Talebi (Service Request),İdari İşler,Güvenlik & Ulaşım,Servis Güzergah Talebi,Düşük,"{'cozum_basligi': 'Personel servis güzergahı düzenleme', 'adimlar': ['Adım 1: Talep edilen adres mevcut güzergahlara uygunluk açısından incelenir.', 'Adım 2: Ulaşım/idari işler ekibi güzergah planlamasını günceller.', 'Adım 3: Yeni güzergah bilgisi çalışana ve servis şoförüne iletilir.'], 'self_service_uygun_mu': False}","['ev_adresi', 'mevcut_hat_no', 'talep_turu']",Mevcut servis güzergahınızda mı değişiklik istiyorsunuz yoksa yeni bir durak mı ekleniyor?
T-3734,"Klima sürekli su damlatıyor tavandan, yelrer ıslanıyor.",Arıza (Incident),İdari İşler,Bina/Tesis Bakım,Klima/Isıtma Arızası,Orta,"{'cozum_basligi': 'Klima/ısıtma sistemi arıza giderme', 'adimlar': ['Adım 1: Termostat ayarları ve cihazın açık olup olmadığı kontrol edilir.', 'Adım 2: Bina teknik ekibi filtre/gaz durumunu yerinde kontrol eder.', 'Adım 3: Kalıcı arıza tespit edilirse bakım/onarım için dış servis çağrılır.'], 'self_service_uygun_mu': False}","['ofis_lokasyon', 'cihaz_konumu', 'sorun_tanimi']","Klima hiç çalışmıyor mu yoksa soğutmuyor/ısıtmıyor mu, hangi bölgedesiniz?"
T-3735,"Şifremi unuttum bilgisayara giremiyorum İşlerim çok aksıyor, acil çözüm bekliyorum.",Hizmet Talebi (Service Request),Bilgi Teknolojileri,Güvenlik ve Erişim,Şifre Sıfırlama,Yüksek,"{'cozum_basligi': 'Şifre sıfırlama işlemi', 'adimlar': ['Adım 1: Kimlik doğrulama (çalışan sicil no / kayıtlı e-posta) yapılır.', 'Adım 2: Self servis şifre sıfırlama portalı üzerinden geçici şifre oluşturulur.', 'Adım 3: Portal üzerinden çözülemiyorsa IT güvenlik ekibi manuel sıfırlama için ticket açar.'], 'self_service_uygun_mu': True}","['kullanici_adi', 'sicil_no', 'sistem_adi']",Şifrenizi mi unuttunuz yoksa hesabınız mı kilitlendi?
T-3736,"Seyahat masrafım 1,532.68 USD olarak girildi ama kur yanlış hesaplanmış görünüyor.",Bilgi Talebi (Information),Finans,Masraf & Ödeme,Döviz Kuru Farkı/Uyumsuzluğu,Düşük,"{'cozum_basligi': 'Döviz kuru farkı/uyumsuzluğu inceleme süreci', 'adimlar': ['Adım 1: Harcama tarihindeki resmi TCMB kuru ile sistemde kullanılan kur karşılaştırılır.', 'Adım 2: Fark tespit edilirse hangi kur kaynağının kullanıldığı muhasebe ile teyit edilir.', 'Adım 3: Hatalı hesaplama varsa düzeltme kaydı oluşturulur ve fark tazmin edilir.'], 'self_service_uygun_mu': False}","['ad_soyad', 'harcama_tarihi', 'doviz_tutar', 'kullanilan_kur']","Harcamanızın tarihini ve hangi döviz cinsinden olduğunu paylaşabilir misiniz, hangi kur baz alınmış görüyorsunuz?"
T-3737,Kartus degisimi lazim yazici az murekkep uyarisi veriyor,Hizmet Talebi (Service Request),İdari İşler,Ofis Ekipmanı,Toner/Kartuş Talebi,Orta,"{'cozum_basligi': 'Toner/kartuş temin süreci', 'adimlar': ['Adım 1: Depo stok durumu kontrol edilir.', 'Adım 2: Uygun toner/kartuş belirtilen yazıcı lokasyonuna teslim edilir.', 'Adım 3: Stokta bulunmuyorsa satınalma süreci tetiklenir ve tahmini teslim süresi bildirilir.'], 'self_service_uygun_mu': False}","['yazici_lokasyon', 'yazici_marka_model', 'toner_kartus_kodu']","Yazıcının marka ve modeli nedir, doğru toner kodunu belirleyebilmemiz için gerekli?"
T-3738,"3 gunluk istirahat raporum va,r nasil iletmem gerekiyor sisteme?",Hizmet Talebi (Service Request),İnsan Kaynakları,İzin Yönetimi,Sağlık Raporu/İstirahat Bildirimi,Orta,"{'cozum_basligi': 'Sağlık raporu/istirahat bildirimi işleme süreci', 'adimlar': [""Adım 1: Rapor e-Nabız/hastane sisteminden veya elden İK'ya iletilir."", 'Adım 2: Rapor süresi SGK sistemine ve bordroya işlenir.', 'Adım 3: Yöneticiye çalışanın izinli/raporlu olduğu bilgisi iletilir.'], 'self_service_uygun_mu': True}","['ad_soyad', 'rapor_baslangic_bitis_tarihi', 'rapor_belgesi']",Raporunuz kaç gün ve e-Nabız üzerinden mi yoksa elden mi ileteceksiniz?
T-3739,Isitma sistemi calismioyr ofis buz gibi bu sabahtan beri,Arıza (Incident),İdari İşler,Bina/Tesis Bakım,Klima/Isıtma Arızası,Orta,"{'cozum_basligi': 'Klima/ısıtma sistemi arıza giderme', 'adimlar': ['Adım 1: Termostat ayarları ve cihazın açık olup olmadığı kontrol edilir.', 'Adım 2: Bina teknik ekibi filtre/gaz durumunu yerinde kontrol eder.', 'Adım 3: Kalıcı arıza tespit edilirse bakım/onarım için dış servis çağrılır.'], 'self_service_uygun_mu': False}","['ofis_lokasyon', 'cihaz_konumu', 'sorun_tanimi']","Klima hiç çalışmıyor mu yoksa soğutmuyor/ısıtmıyor mu, hangi bölgedesiniz?"
T-3740,Wifi ye baglanamiyorum İzmir şube sürekli şifre hatası veriyor,Arıza (Incident),Bilgi Teknolojileri,Ağ/Network,Wi-Fi Bağlantı Sorunu,Orta,"{'cozum_basligi': 'Wi-Fi bağlantı sorunu çözümü', 'adimlar': ['Adım 1: Cihazın Wi-Fi ayarları kapatılıp açılır, ağa yeniden bağlanılır.', 'Adım 2: Şifre doğru girildi mi ve sinyal gücü yeterli mi kontrol edilir.', 'Adım 3: Sorun sürüyorsa erişim noktası (AP) kontrolü için ticket açılır.'], 'self_service_uygun_mu': True}","['ofis_lokasyon', 'wifi_ag_adi']","Wi-Fi ağı görünüyor mu ama bağlanamıyor musunuz, yoksa hiç görünmüyor mu?"
T-3741,"Çok acil, Evden baglanamiyorum vpn e sürekli hata veriyor Teşekkür ederim şimdiden.",Arıza (Incident),Bilgi Teknolojileri,Ağ/Network,VPN Erişim Sorunu,Orta,"{'cozum_basligi': 'VPN bağlantı sorunu çözümü', 'adimlar': ['Adım 1: VPN istemcisi güncel mi kontrol edilir, kullanıcı adı/şifre doğrulanır.', 'Adım 2: İnternet bağlantısı ve güvenlik duvarı ayarları kontrol edilir, istemci yeniden başlatılır.', 'Adım 3: Erişim devam etmiyorsa VPN sertifikası/erişim yetkisi için ticket açılır.'], 'self_service_uygun_mu': True}","['kullanici_adi', 'baglanti_lokasyonu', 'vpn_istemci_versiyonu']",VPN'e hiç bağlanamıyor musunuz yoksa bağlanıp kısa süre sonra mı düşüyorsunuz? Bir hata mesajı görüyor musunuz?
T-3742,EUR cinsinden kesilen faturada sistem otomatik TL'ye ceviriyor ama kur yanlis gorunuyor.,Hizmet Talebi (Service Request),Finans,Masraf & Ödeme,Çoklu Para Birimli Fatura Girişi,Orta,"{'cozum_basligi': 'Çoklu para birimli fatura giriş desteği', 'adimlar': ['Adım 1: Faturanın orijinal para birimi ve tutarı doğrulanır.', 'Adım 2: ERP sisteminde ilgili para birimi tanımlı değilse muhasebe sistem ekibi tanımlama yapar.', 'Adım 3: Fatura, güncel kur ile TL karşılığı hesaplanarak sisteme işlenir.'], 'self_service_uygun_mu': False}","['fatura_no', 'tedarikci_adi', 'para_birimi', 'tutar']",Faturanın para birimi nedir (USD/EUR/GBP) ve sistemde bu para birimiyle giriş yapabiliyor musunuz?
T-3743,"Rica etsem acil Kartım harcama sırasında reddedildi, limit dolmuş olabilir, kontrol eder misiniz? Ne zaman çözülür acaba?",Hizmet Talebi (Service Request),Finans,Masraf & Ödeme,Kurumsal Kredi Kartı Limit Artırımı,Düşük,"{'cozum_basligi': 'Kurumsal kredi kartı limit artırım süreci', 'adimlar': ['Adım 1: Mevcut limit, kullanım geçmişi ve talep gerekçesi kaydedilir.', 'Adım 2: Yönetici ve finans müdürü onayına gönderilir.', 'Adım 3: Onay sonrası banka ile limit artırım talebi iletilir ve süreç takip edilir.'], 'self_service_uygun_mu': False}","['ad_soyad', 'mevcut_limit', 'talep_edilen_limit', 'gerekce']","Mevcut kart limitiniz nedir ve ne kadar artış talep ediyorsunuz, gerekçeniz nedir?"
T-3744,"Bordromda fazla mesai ücreti görünmüyor, 12 Ağustos ayına ait.",Arıza (Incident),İnsan Kaynakları,Bordro & Özlük,Bordro/Maaş Bilgisi Talebi,Orta,"{'cozum_basligi': 'Bordro/maaş bilgisi inceleme süreci', 'adimlar': ['Adım 1: Çalışanın ilgili ay bordrosu bordro sisteminden çekilip incelenir.', 'Adım 2: Kesinti/ek ödeme kalemleri tek tek karşılaştırılır ve hata olup olmadığı tespit edilir.', 'Adım 3: Hata tespit edilirse düzeltme için bordro/muhasebe ekibine ticket açılır.'], 'self_service_uygun_mu': False}","['ad_soyad', 'donem', 'itiraz_konusu']",Hangi ayın bordrosuyla ilgili ve tam olarak hangi kalemde hata olduğunu düşünüyorsunuz?
T-3745,"Acilen Ahmet Şahin - çocuğumun sağlık sigortası kapsamına dahil edilmesini rica ederim, doğum belgesi ekte. Teşekkür ederim şimdiden.",Hizmet Talebi (Service Request),İnsan Kaynakları,Bordro & Özlük,ÖSS (Özel Sağlık Sigortası) Aile Kapsamı Ekleme,Orta,"{'cozum_basligi': 'Özel sağlık sigortasına aile bireyi ekleme süreci', 'adimlar': ['Adım 1: Eklenecek aile bireyinin kimlik bilgileri ve yakınlık derecesi (eş/çocuk) alınır.', 'Adım 2: Talep sigorta şirketine İK tarafından iletilir ve poliçe güncellemesi başlatılır.', 'Adım 3: Poliçe onayı sonrası yeni sağlık kartı çalışana/aile bireyine ulaştırılır.'], 'self_service_uygun_mu': False}","['ad_soyad', 'eklenecek_kisi_tc', 'poliçe_baslangic_tarihi']","Eklemek istediğiniz kişi eşiniz mi çocuğunuz mu, kimlik bilgilerini paylaşabilir misiniz?"
T-3746,Lütfen acil Raporlama ekranı 'veritabanına bağlanılamıyor' hatası veriyor.,Arıza (Incident),Bilgi Teknolojileri,Sunucu/Sistem,Veritabanı Erişim Hatası,Yüksek,"{'cozum_basligi': 'Veritabanı erişim hatası çözümü', 'adimlar': ['Adım 1: Kullanıcının veritabanı bağlantı ayarları ve yetkileri kontrol edilir.', 'Adım 2: Veritabanı servisinin çalışır durumda olup olmadığı sistem ekibince doğrulanır.', 'Adım 3: Yetki/bağlantı sorunu devam ediyorsa veritabanı yöneticisine (DBA) ticket yönlendirilir.'], 'self_service_uygun_mu': False}","['veritabani_adi', 'hata_mesaji', 'kullanici_adi']",Bu hata sadece sizde mi oluşuyor yoksa tüm ekipte mi?
T-3747,Yazıcı kağıt sıkıştırıyor sürekli 3. kat,Arıza (Incident),İdari İşler,Ofis Ekipmanı,Yazıcı/Fotokopi Arıza Bildirimi,Orta,"{'cozum_basligi': 'Yazıcı/fotokopi arıza giderme', 'adimlar': ['Adım 1: Kağıt sıkışması, kapak açık kalması gibi görünür arızalar kontrol edilir.', 'Adım 2: Cihaz yeniden başlatılır ve sürücü/bağlantı ayarları kontrol edilir.', 'Adım 3: Sorun devam ederse teknik servis çağrısı için ticket açılır.'], 'self_service_uygun_mu': True}","['yazici_lokasyon', 'yazici_marka_model', 'ariza_tanimi']",Hangi kattaki/lokasyondaki yazıcıdan bahsediyorsunuz?
T-3748,Işten cikis bildirgesi lazim yeni ise baslarken istediler,Hizmet Talebi (Service Request),İnsan Kaynakları,Bordro & Özlük,SGK Giriş/Çıkış Evrakı Talebi,Orta,"{'cozum_basligi': 'SGK giriş/çıkış evrakı düzenleme', 'adimlar': ['Adım 1: Talep edilen belgenin türü (işe giriş bildirgesi/işten ayrılış bildirgesi) teyit edilir.', 'Adım 2: SGK e-Bildirge sisteminden ilgili belge sorgulanır ve çıktısı alınır.', 'Adım 3: Belge onaylanıp çalışana e-posta veya elden iletilir.'], 'self_service_uygun_mu': False}","['ad_soyad', 'sicil_no', 'belge_turu', 'kullanim_amaci']","İşe giriş bildirgesi mi yoksa işten ayrılış bildirgesi mi gerekiyor, hangi amaçla kullanılacak?"
T-3749,Prizler calismiyor İzmir şube bilgisayarim sarj olmuyor,Arıza (Incident),İdari İşler,Bina/Tesis Bakım,Elektrik/Aydınlatma Arızası,Düşük,"{'cozum_basligi': 'Elektrik/aydınlatma arıza giderme', 'adimlar': ['Adım 1: Sigorta atmış mı, ampul/armatür arızalı mı kontrol edilir.', 'Adım 2: Bina teknik ekibi lokasyona yönlendirilir.', 'Adım 3: Kalıcı çözüm için gerekiyorsa dış elektrik servisi çağrılır.'], 'self_service_uygun_mu': False}","['ofis_lokasyon', 'ariza_tanimi', 'aciliyet_durumu']",Sorun tüm katta mı yoksa belirli bir bölgede/masada mı yaşanıyor?
T-3750,"Rica etsem acil Üretim için yeni bir proje yönetim yazılımı kurulumu talep ediyoruz. İşlerim çok aksıyor, acil çözüm bekliyorum.",Bilgi Talebi (Information),Bilgi Teknolojileri,Yazılım,Yazılım Lisans/Kurulum Talebi,Düşük,"{'cozum_basligi': 'Yazılım lisans/kurulum süreci', 'adimlar': ['Adım 1: Talep, lisans uygunluğu ve yönetici onayı için değerlendirilir.', 'Adım 2: Lisans anahtarı temin edilir veya mevcut lisans havuzundan atama yapılır.', 'Adım 3: Kurulum IT ekibi tarafından uzaktan veya yerinde gerçekleştirilir.'], 'self_service_uygun_mu': False}","['yazilim_adi', 'kullanici_adi', 'onay_bilgisi']",Hangi yazılımın lisansına/kurulumuna ihtiyacınız var ve bu talep yöneticiniz tarafından onaylandı mı?
T-3751,"Acilen 1 Ekim günü tedarikçi firmadan 2 kişi gleecek, resepsiyona bildirim yapar mısınız? Bu konuda epeydir mağdurum, lütfen hızlı dönüş yapar mısınız?",Hizmet Talebi (Service Request),İdari İşler,Güvenlik & Ulaşım,Ziyaretçi Giriş Talebi,Orta,"{'cozum_basligi': 'Ziyaretçi giriş kaydı oluşturma', 'adimlar': ['Adım 1: Ziyaretçi bilgileri (ad soyad, TC/kimlik, ziyaret amacı) alınır.', 'Adım 2: Güvenlik birimine ziyaret tarihi ve saati bildirilir.', 'Adım 3: Ziyaretçi giriş gününde resepsiyonda kayıt yapılıp kartı teslim edilir.'], 'self_service_uygun_mu': False}","['ziyaretci_ad_soyad', 'ziyaret_tarihi_saati', 'ziyaret_edilen_kisi']","Ziyaretçinin adı, ziyaret tarihi/saati ve kimi ziyaret edeceği bilgisini alabilir miyim?"
T-3752,"Lütfen acil Cihazımdan garip bir ses geliyor ve bazen aniden yeniden başlıyor, çok can sıkıcı bir durum.",Arıza (Incident),Bilgi Teknolojileri,Donanım,Bilgisayar Arıza/Onarım,Yüksek,"{'cozum_basligi': 'Bilgisayar donanım arızası ilk müdahale', 'adimlar': ['Adım 1: Cihaz kapatılıp yeniden başlatılır, güç kablosu ve bağlantılar kontrol edilir.', 'Adım 2: Uzaktan tanı aracıyla donanım sağlık testi çalıştırılır.', 'Adım 3: Sorun devam ederse yerinde teknik destek için ticket açılır ve teknisyen yönlendirilir.'], 'self_service_uygun_mu': True}","['cihaz_seri_no', 'kullanici_adi', 'ofis_lokasyon', 'ariza_baslangic_zamani']",Sorun ne zaman başladı ve hangi lokasyondaki cihazdan bahsediyoruz?
T-3753,Fiş fotoğraflarını yükledim ama form bir türlü finansa düşmüyor sistemde.,Arıza (Incident),Finans,Masraf & Ödeme,Masraf/Harcama Formu Onayı,Orta,"{'cozum_basligi': 'Masraf/harcama formu onay süreci takibi', 'adimlar': ['Adım 1: Formun onay akışındaki mevcut adımı (yönetici/finans) sistemden kontrol edilir.', 'Adım 2: Bekleyen onaycıya hatırlatma bildirimi gönderilir.', 'Adım 3: Onay gecikmesi devam ederse finans ekibi manuel müdahale için ticket açar.'], 'self_service_uygun_mu': True}","['ad_soyad', 'harcama_tarihi', 'tutar']",Form kaç gündür bekliyor ve onay akışında şu an kimde bekliyor biliyor musunuz?
T-3754,Rica etsem acil Fatura odemesi ne zaman yapilacak vadesi gecti sanirim,Bilgi Talebi (Information),Finans,Masraf & Ödeme,Fatura Ödeme Takibi,Orta,"{'cozum_basligi': 'Fatura ödeme durumu takibi', 'adimlar': ['Adım 1: Fatura numarası ile muhasebe/ERP sisteminde ödeme kaydı sorgulanır.', 'Adım 2: Ödeme planlanan tarih ve onay durumu kontrol edilir.', 'Adım 3: Gecikme varsa ödeme sorumlusuna hatırlatma yapılır ve tedarikçiye bilgi verilir.'], 'self_service_uygun_mu': True}","['fatura_no', 'vade_tarihi']",Fatura numarasını ve tedarikçi firma adını paylaşabilir misiniz?
T-3755,"Izin talebimi yanlış girmişim, düzeltilmesi gerekiyor.",Hizmet Talebi (Service Request),İnsan Kaynakları,İzin Yönetimi,İzin İptal/Değişiklik,Orta,"{'cozum_basligi': 'İzin iptal/değişiklik işlemi', 'adimlar': ['Adım 1: Mevcut izin kaydı sistemde bulunur ve doğrulanır.', 'Adım 2: İptal/değişiklik talebi yöneticinin onayına yeniden gönderilir.', 'Adım 3: Onay sonrası izin bakiyesi ve takvim güncellenir.'], 'self_service_uygun_mu': True}","['ad_soyad', 'mevcut_izin_tarihi', 'yeni_talep']",İzninizi tamamen iptal mi etmek istiyorsunuz yoksa tarihini mi değiştirmek istiyorsunuz?
T-3756,Acilen Klasor ve dosya lazim biraz stok bitmis gorunuyor,Hizmet Talebi (Service Request),İdari İşler,Satınalma/Malzeme,Kırtasiye Malzeme Talebi,Düşük,"{'cozum_basligi': 'Kırtasiye malzeme temini', 'adimlar': ['Adım 1: Talep departman yöneticisi onayına iletilir.', 'Adım 2: Depo stoğundan malzemeler hazırlanır.', 'Adım 3: Malzemeler belirtilen teslimat lokasyonuna gönderilir.'], 'self_service_uygun_mu': False}","['malzeme_listesi_miktar', 'departman', 'teslimat_lokasyonu']","Hangi malzemelerden ne miktarda ihtiyacınız var, liste hâlinde belirtebilir misiniz?"
T-3757,"Ebru Kurt - bu yıl kaç gün izin kullandım, kaan hakkımı öğrenebilir miyim?",Hizmet Talebi (Service Request),İnsan Kaynakları,İzin Yönetimi,Yıllık İzin Talebi/Bakiye Sorgulama,Düşük,"{'cozum_basligi': 'Yıllık izin talebi/bakiye sorgulama süreci', 'adimlar': ['Adım 1: İK portalından güncel izin bakiyesi kontrol edilir.', 'Adım 2: Talep edilen tarih aralığı yöneticinin onayına gönderilir.', 'Adım 3: Onay sonrası izin sistemde işlenir ve bordroya yansıtılır.'], 'self_service_uygun_mu': True}","['ad_soyad', 'izin_baslangic_bitis_tarihi']","Hangi tarihler arasında izin kullanmak istiyorsunuz, yoksa sadece bakiye mi öğrenmek istiyorsunuz?"
T-3758,"Kadıköy ofis kapısının kilidi bozuk, tam kapanmıyor.",Arıza (Incident),İdari İşler,Bina/Tesis Bakım,Bina İçi Teknik Bakım Talebi,Orta,"{'cozum_basligi': 'Genel bina içi teknik bakım süreci', 'adimlar': ['Adım 1: Talep bina teknik bakım ekibine iletilir ve önceliklendirilir.', 'Adım 2: Uygun teknisyen belirlenen lokasyona yönlendirilir.', 'Adım 3: Bakım/onarım tamamlandıktan sonra talep sahibine bilgi verilir.'], 'self_service_uygun_mu': False}","['ofis_lokasyon', 'sorun_tanimi', 'uygun_zaman_araligi']","Sorun tam olarak nedir ve hangi alanda (kapı, su tesisatı, asansör vb.) yaşanıyor?"
T-3759,"Kaan Çetin - esimin dedesi vefat etti, 1 gunluk mazeret izni kullanabilir miyim?",Hizmet Talebi (Service Request),İnsan Kaynakları,İzin Yönetimi,Vefat/Mazeret İzni Talebi,Yüksek,"{'cozum_basligi': 'Vefat/mazeret izni tanımlama süreci', 'adimlar': ['Adım 1: Yakınlık derecesi ve vefat tarihi bilgisi alınır (mümkünse belge sonradan tamamlanabilir).', 'Adım 2: Yasal mazeret izni (1. derece yakın için 3 gün) sisteme derhal tanımlanır.', 'Adım 3: Yönetici bilgilendirilir, çalışanın dönüş tarihi takip edilir.'], 'self_service_uygun_mu': False}","['ad_soyad', 'yakinlik_derecesi', 'izin_baslangic_tarihi']","Başsağlığı dileriz, yakınlık dereceniz nedir ve izninizin ne zaman başlamasını istersiniz?"
T-3760,"Çok acil, Yillik izin talebimi onaylatmam lazim aciliyeti var seyahat planim var İşlerim çok aksıyor, acil çözüm bekliyorum.",Bilgi Talebi (Information),İnsan Kaynakları,İzin Yönetimi,Yıllık İzin Talebi/Bakiye Sorgulama,Yüksek,"{'cozum_basligi': 'Yıllık izin talebi/bakiye sorgulama süreci', 'adimlar': ['Adım 1: İK portalından güncel izin bakiyesi kontrol edilir.', 'Adım 2: Talep edilen tarih aralığı yöneticinin onayına gönderilir.', 'Adım 3: Onay sonrası izin sistemde işlenir ve bordroya yansıtılır.'], 'self_service_uygun_mu': True}","['ad_soyad', 'kalan_izin_sorgusu']","Hangi tarihler arasında izin kullanmak istiyorsunuz, yoksa sadece bakiye mi öğrenmek istiyorsunuz?"
T-3761,"Acilen Fiş fotoğraflarını yükledim ama form bir türlü finansa düşmüyor sistemde. Gerçekten çok sıkıntı oluyor, bir an önce ilgilenirseniz sevinirim.",Hizmet Talebi (Service Request),Finans,Masraf & Ödeme,Masraf/Harcama Formu Onayı,Yüksek,"{'cozum_basligi': 'Masraf/harcama formu onay süreci takibi', 'adimlar': ['Adım 1: Formun onay akışındaki mevcut adımı (yönetici/finans) sistemden kontrol edilir.', 'Adım 2: Bekleyen onaycıya hatırlatma bildirimi gönderilir.', 'Adım 3: Onay gecikmesi devam ederse finans ekibi manuel müdahale için ticket açar.'], 'self_service_uygun_mu': True}","['form_no', 'tutar', 'onay_bekleyen_kisi']",Formun numarasını veya harcama tutarını paylaşabilir misiniz?
T-3762,"Üretim tesisi idari bina'da klima aşırı ses yapıyor, çalışmayı zorlaştırıyor.",Arıza (Incident),İdari İşler,Bina/Tesis Bakım,Klima/Isıtma Arızası,Orta,"{'cozum_basligi': 'Klima/ısıtma sistemi arıza giderme', 'adimlar': ['Adım 1: Termostat ayarları ve cihazın açık olup olmadığı kontrol edilir.', 'Adım 2: Bina teknik ekibi filtre/gaz durumunu yerinde kontrol eder.', 'Adım 3: Kalıcı arıza tespit edilirse bakım/onarım için dış servis çağrılır.'], 'self_service_uygun_mu': False}","['ofis_lokasyon', 'cihaz_konumu', 'sorun_tanimi']","Klima hiç çalışmıyor mu yoksa soğutmuyor/ısıtmıyor mu, hangi bölgedesiniz?"
T-3763,Pazarlama departmanina 3 adet yeni bilgisayar kurulumu yapilmasi gerekyior 25 Eylul itibariyle.,Hizmet Talebi (Service Request),Bilgi Teknolojileri,Donanım,Yeni Ekipman Kurulumu,Orta,"{'cozum_basligi': 'Yeni donanım ekipmanı kurulum süreci', 'adimlar': ['Adım 1: Talep, envanter ve bütçe onayı için yöneticiye/IT sorumlusuna iletilir.', 'Adım 2: Uygun ekipman depo stoğundan veya satın alma sürecinden temin edilir.', 'Adım 3: Kurulum IT saha ekibi tarafından belirlenen tarihte yerinde gerçekleştirilir.'], 'self_service_uygun_mu': False}","['ekipman_turu', 'departman', 'teslim_tarihi']","Hangi ekipmana ihtiyacınız var ve kimin için, hangi lokasyona kurulacak?"
T-3764,"Ege Temizlik Hizmetleeri firmasindan gelen USD faturayi sisteme giremiyorum, para birimi secenegi cikmiyor.",Hizmet Talebi (Service Request),Finans,Masraf & Ödeme,Çoklu Para Birimli Fatura Girişi,Orta,"{'cozum_basligi': 'Çoklu para birimli fatura giriş desteği', 'adimlar': ['Adım 1: Faturanın orijinal para birimi ve tutarı doğrulanır.', 'Adım 2: ERP sisteminde ilgili para birimi tanımlı değilse muhasebe sistem ekibi tanımlama yapar.', 'Adım 3: Fatura, güncel kur ile TL karşılığı hesaplanarak sisteme işlenir.'], 'self_service_uygun_mu': False}","['fatura_no', 'tedarikci_adi', 'para_birimi', 'tutar']",Faturanın para birimi nedir (USD/EUR/GBP) ve sistemde bu para birimiyle giriş yapabiliyor musunuz?
T-3765,"Çok acil, Vergi dilimi degisti diye maasim dustu ama hesaplama yanlis gibi geldi bana",Arıza (Incident),İnsan Kaynakları,Bordro & Özlük,Bordro Vergi Matrahı İtirazı,Yüksek,"{'cozum_basligi': 'Bordro vergi matrahı itiraz inceleme süreci', 'adimlar': ['Adım 1: İtiraz edilen dönemin vergi matrahı ve dilim hesaplaması bordro ekibi tarafından yeniden kontrol edilir.', 'Adım 2: Kümülatif matrah hesaplamasında hata olup olmadığı muhasebe ile teyit edilir.', 'Adım 3: Hata tespit edilirse düzeltme bir sonraki bordro döneminde uygulanır ve çalışana açıklama yapılır.'], 'self_service_uygun_mu': False}","['ad_soyad', 'donem', 'itiraz_detayi']","Vergi diliminin değiştiğini mi düşünüyorsunuz, yoksa kümülatif matrah hesaplamasında bir hata mı görüyorsunuz?"
T-3766,"Onur Aktaş - giriş kartımı bulamıyorum, evi de aradım yok.",Arıza (Incident),İdari İşler,Güvenlik & Ulaşım,Kayıp Giriş Kartı,Orta,"{'cozum_basligi': 'Kayıp giriş kartı iptal ve yeniden basım süreci', 'adimlar': ['Adım 1: Kayıp kart derhal sistem üzerinden iptal edilir, güvenlik riski önlenir.', 'Adım 2: Kimlik doğrulaması sonrası yeni kart basım talebi oluşturulur.', 'Adım 3: Yeni kart resepsiyon/güvenlik biriminden teslim alınır.'], 'self_service_uygun_mu': False}","['ad_soyad', 'sicil_no', 'kayip_tarihi']","Kartınızı en son ne zaman ve nerede kullandığınızı hatırlıyor musunuz, kaybolduğunu mu düşünüyorsunuz?"
T-3767,"Lütfen acil Barış Kaya - maaş bordrosu ve çalışma belgesi ihtiyacım var, ev kirası için isteniyor. Teşekkür ederim şimdiden.",Hizmet Talebi (Service Request),İnsan Kaynakları,Bordro & Özlük,Özlük/Çalışma Belgesi Talebi,Düşük,"{'cozum_basligi': 'Özlük/çalışma belgesi düzenleme', 'adimlar': ['Adım 1: Talep edilen belge türü ve kullanım amacı teyit edilir.', 'Adım 2: İK sistemi üzerinden güncel çalışan bilgileriyle belge hazırlanır.', 'Adım 3: Belge imzalandıktan sonra çalışana e-posta veya elden teslim edilir.'], 'self_service_uygun_mu': True}","['ad_soyad', 'sicil_no', 'belge_turu', 'kullanim_amaci']","Hangi belgeye ihtiyacınız var (çalışma belgesi, hizmet dökümü vb.) ve hangi amaçla kullanılacak?"
T-3768,"Lütfen acil ÖSS ye es ekleme yapmak istiyorum evlendik yeni İşlerim çok aksıyor, acil çözüm bekliyorum.",Hizmet Talebi (Service Request),İnsan Kaynakları,Bordro & Özlük,ÖSS (Özel Sağlık Sigortası) Aile Kapsamı Ekleme,Orta,"{'cozum_basligi': 'Özel sağlık sigortasına aile bireyi ekleme süreci', 'adimlar': ['Adım 1: Eklenecek aile bireyinin kimlik bilgileri ve yakınlık derecesi (eş/çocuk) alınır.', 'Adım 2: Talep sigorta şirketine İK tarafından iletilir ve poliçe güncellemesi başlatılır.', 'Adım 3: Poliçe onayı sonrası yeni sağlık kartı çalışana/aile bireyine ulaştırılır.'], 'self_service_uygun_mu': False}","['ad_soyad', 'eklenecek_kisi_tc', 'poliçe_baslangic_tarihi']","Eklemek istediğiniz kişi eşiniz mi çocuğunuz mu, kimlik bilgilerini paylaşabilir misiniz?"
T-3769,"Nazlı Yılmaz - GBP faturasını girmeye çalışıyorum ama sistem sadece TL kabul ediyor, yardımcı ollur musunuz?",Hizmet Talebi (Service Request),Finans,Masraf & Ödeme,Çoklu Para Birimli Fatura Girişi,Orta,"{'cozum_basligi': 'Çoklu para birimli fatura giriş desteği', 'adimlar': ['Adım 1: Faturanın orijinal para birimi ve tutarı doğrulanır.', 'Adım 2: ERP sisteminde ilgili para birimi tanımlı değilse muhasebe sistem ekibi tanımlama yapar.', 'Adım 3: Fatura, güncel kur ile TL karşılığı hesaplanarak sisteme işlenir.'], 'self_service_uygun_mu': False}","['fatura_no', 'tedarikci_adi', 'para_birimi', 'tutar']",Faturanın para birimi nedir (USD/EUR/GBP) ve sistemde bu para birimiyle giriş yapabiliyor musunuz?
T-3770,"Lütfen acil 1 Eylül sabahından beri internet kesik kesik çalışıyor, toplantılara giremiyorum. Ayrıca Wifi de aynı şekilde çok zayıf çekiyor bu arada",Arıza (Incident),Bilgi Teknolojileri,Ağ/Network,İnternet Bağlantı Sorunu,Orta,"{'cozum_basligi': 'İnternet bağlantı arızası ilk müdahale', 'adimlar': ['Adım 1: Modem/router yeniden başlatılır, kablo bağlantıları kontrol edilir.', 'Adım 2: Farklı bir cihaz veya prizden bağlantı test edilir.', 'Adım 3: Sorun devam ederse altyapı ekibine ticket açılır ve etkilenen kişi sayısı raporlanır.'], 'self_service_uygun_mu': True}","['ofis_lokasyon', 'internet_saglayici_bilgisi']","İnternet hiç mi yok yoksa çok mu yavaş, ayrıca sadece siz mi etkileniyorsunuz yoksa tüm kat mı?"
T-3771,"Kadıköy ofis'da klima aşırı ses yapıyor, çalışmayı zorlaştırıyor.",Arıza (Incident),İdari İşler,Bina/Tesis Bakım,Klima/Isıtma Arızası,Orta,"{'cozum_basligi': 'Klima/ısıtma sistemi arıza giderme', 'adimlar': ['Adım 1: Termostat ayarları ve cihazın açık olup olmadığı kontrol edilir.', 'Adım 2: Bina teknik ekibi filtre/gaz durumunu yerinde kontrol eder.', 'Adım 3: Kalıcı arıza tespit edilirse bakım/onarım için dış servis çağrılır.'], 'self_service_uygun_mu': False}","['ofis_lokasyon', 'cihaz_konumu', 'sorun_tanimi']","Klima hiç çalışmıyor mu yoksa soğutmuyor/ısıtmıyor mu, hangi bölgedesiniz?"
T-3772,"Çok acil, Netsis lisansım bitmiş, yenilenmesi gerekiyor. İşlerim çok aksıyor, acil çözüm bekliyorum.",Hizmet Talebi (Service Request),Bilgi Teknolojileri,Yazılım,Yazılım Lisans/Kurulum Talebi,Düşük,"{'cozum_basligi': 'Yazılım lisans/kurulum süreci', 'adimlar': ['Adım 1: Talep, lisans uygunluğu ve yönetici onayı için değerlendirilir.', 'Adım 2: Lisans anahtarı temin edilir veya mevcut lisans havuzundan atama yapılır.', 'Adım 3: Kurulum IT ekibi tarafından uzaktan veya yerinde gerçekleştirilir.'], 'self_service_uygun_mu': False}","['yazilim_adi', 'kullanici_adi', 'onay_bilgisi']",Hangi yazılımın lisansına/kurulumuna ihtiyacınız var ve bu talep yöneticiniz tarafından onaylandı mı?
T-3773,"Monitörüm hiç açılmıyor, 2. kat toplantı koridoru masamda. Hem de Bir de mouse'um da bazen donuyor",Arıza (Incident),Bilgi Teknolojileri,Donanım,Monitör/Çevre Birimi Arızası,Yüksek,"{'cozum_basligi': 'Monitör/çevre birimi arıza tespiti', 'adimlar': ['Adım 1: Kablo bağlantıları (HDMI/VGA/güç) ve monitör güç düğmesi kontrol edilir.', 'Adım 2: Farklı bir kablo veya port ile test yapılır.', 'Adım 3: Arıza devam ediyorsa cihaz değişimi için IT saha ekibine ticket açılır.'], 'self_service_uygun_mu': True}","['cihaz_turu', 'kullanici_adi', 'ofis_lokasyon']",Ekranda hiç görüntü mü yok yoksa titreme/renk bozukluğu mu var?
T-3774,"Çatidan su sizintisi var 2. kat toplanti koridoru tavaninda, lee buyuyor giderek.",Hizmet Talebi (Service Request),İdari İşler,Bina/Tesis Bakım,Bina İçi Teknik Bakım Talebi,Yüksek,"{'cozum_basligi': 'Genel bina içi teknik bakım süreci', 'adimlar': ['Adım 1: Talep bina teknik bakım ekibine iletilir ve önceliklendirilir.', 'Adım 2: Uygun teknisyen belirlenen lokasyona yönlendirilir.', 'Adım 3: Bakım/onarım tamamlandıktan sonra talep sahibine bilgi verilir.'], 'self_service_uygun_mu': False}","['ofis_lokasyon', 'sorun_tanimi', 'uygun_zaman_araligi']","Sorun tam olarak nedir ve hangi alanda (kapı, su tesisatı, asansör vb.) yaşanıyor?"
T-3775,Lütfen acil Ofis çok sıcak klima çalışmıyor Levent plaza 12. kat Ne zaman çözülür acaba?,Arıza (Incident),İdari İşler,Bina/Tesis Bakım,Klima/Isıtma Arızası,Orta,"{'cozum_basligi': 'Klima/ısıtma sistemi arıza giderme', 'adimlar': ['Adım 1: Termostat ayarları ve cihazın açık olup olmadığı kontrol edilir.', 'Adım 2: Bina teknik ekibi filtre/gaz durumunu yerinde kontrol eder.', 'Adım 3: Kalıcı arıza tespit edilirse bakım/onarım için dış servis çağrılır.'], 'self_service_uygun_mu': False}","['ofis_lokasyon', 'cihaz_konumu', 'sorun_tanimi']","Klima hiç çalışmıyor mu yoksa soğutmuyor/ısıtmıyor mu, hangi bölgedesiniz?"
T-3776,Yeni kimligimi ekliyorum soyadim degisti lutfen sistemde guncelleyin,Hizmet Talebi (Service Request),İnsan Kaynakları,Bordro & Özlük,Soyadı Değişikliği,Orta,"{'cozum_basligi': 'Soyadı değişikliği kayıt güncelleme süreci', 'adimlar': ['Adım 1: Nüfus cüzdanı/kimlik belgesinin güncel hali çalışandan talep edilir.', 'Adım 2: İK sistemi, bordro sistemi ve e-posta imzası gibi tüm kayıtlarda soyadı güncellenir.', 'Adım 3: Güncelleme tamamlandığında çalışana ve ilgili birimlere (IT, muhasebe) bilgi verilir.'], 'self_service_uygun_mu': False}","['ad_soyad', 'eski_soyad', 'yeni_kimlik_belgesi']","Yeni kimlik belgenizi paylaşabilir misiniz, hangi sistemlerde güncelleme yapmamızı istersiniz?"
T-3777,Toner bitti acil Kayseri fabrika ofisi,Hizmet Talebi (Service Request),İdari İşler,Ofis Ekipmanı,Toner/Kartuş Talebi,Orta,"{'cozum_basligi': 'Toner/kartuş temin süreci', 'adimlar': ['Adım 1: Depo stok durumu kontrol edilir.', 'Adım 2: Uygun toner/kartuş belirtilen yazıcı lokasyonuna teslim edilir.', 'Adım 3: Stokta bulunmuyorsa satınalma süreci tetiklenir ve tahmini teslim süresi bildirilir.'], 'self_service_uygun_mu': False}","['yazici_lokasyon', 'yazici_marka_model', 'toner_kartus_kodu']","Yazıcının marka ve modeli nedir, doğru toner kodunu belirleyebilmemiz için gerekli?"
T-3778,"Hakan Şahin - bireysel emeklilik katkı payımı değiştirmek istiyorum, formu nereden alabilirim?",Hizmet Talebi (Service Request),İnsan Kaynakları,Bordro & Özlük,BES (Bireysel Emeklilik) Kesintisi Talebi,Düşük,"{'cozum_basligi': 'BES kesinti oranı/katılım işlemi düzenleme', 'adimlar': ['Adım 1: Çalışanın mevcut BES katılım durumu ve kesinti oranı sistemden kontrol edilir.', 'Adım 2: Talep edilen değişiklik (katılım, çıkış, oran güncelleme) BES şirketine iletilir.', 'Adım 3: Onay sonrası bordro kesinti kalemi güncellenir ve çalışana bilgi verilir.'], 'self_service_uygun_mu': False}","['ad_soyad', 'talep_turu', 'yeni_kesinti_orani']",BES'ten çıkmak mı istiyorsunuz yoksa kesinti oranınızı mı değiştirmek istiyorsunuz?
T-3779,"Mehmet Aktaş - 5 günlük sağlık raporum var, işe döndüğümde bir evrak getirmem gerekiyor mu?",Hizmet Talebi (Service Request),İnsan Kaynakları,İzin Yönetimi,Sağlık Raporu/İstirahat Bildirimi,Orta,"{'cozum_basligi': 'Sağlık raporu/istirahat bildirimi işleme süreci', 'adimlar': [""Adım 1: Rapor e-Nabız/hastane sisteminden veya elden İK'ya iletilir."", 'Adım 2: Rapor süresi SGK sistemine ve bordroya işlenir.', 'Adım 3: Yöneticiye çalışanın izinli/raporlu olduğu bilgisi iletilir.'], 'self_service_uygun_mu': True}","['ad_soyad', 'rapor_baslangic_bitis_tarihi', 'rapor_belgesi']",Raporunuz kaç gün ve e-Nabız üzerinden mi yoksa elden mi ileteceksiniz?
T-3780,Yeni laptop lazim eski cihaz cok yavas kaldi artik,Hizmet Talebi (Service Request),Bilgi Teknolojileri,Donanım,Yeni Ekipman Kurulumu,Orta,"{'cozum_basligi': 'Yeni donanım ekipmanı kurulum süreci', 'adimlar': ['Adım 1: Talep, envanter ve bütçe onayı için yöneticiye/IT sorumlusuna iletilir.', 'Adım 2: Uygun ekipman depo stoğundan veya satın alma sürecinden temin edilir.', 'Adım 3: Kurulum IT saha ekibi tarafından belirlenen tarihte yerinde gerçekleştirilir.'], 'self_service_uygun_mu': False}","['ekipman_turu', 'departman', 'teslim_tarihi']","Hangi ekipmana ihtiyacınız var ve kimin için, hangi lokasyona kurulacak?"
T-3781,"Toplantı odasındaki wifi çok zayıf, sunum yaparken bağlanttı kesiliyor.",Arıza (Incident),Bilgi Teknolojileri,Ağ/Network,Wi-Fi Bağlantı Sorunu,Düşük,"{'cozum_basligi': 'Wi-Fi bağlantı sorunu çözümü', 'adimlar': ['Adım 1: Cihazın Wi-Fi ayarları kapatılıp açılır, ağa yeniden bağlanılır.', 'Adım 2: Şifre doğru girildi mi ve sinyal gücü yeterli mi kontrol edilir.', 'Adım 3: Sorun sürüyorsa erişim noktası (AP) kontrolü için ticket açılır.'], 'self_service_uygun_mu': True}","['ofis_lokasyon', 'wifi_ag_adi']","Wi-Fi ağı görünüyor mu ama bağlanamıyor musunuz, yoksa hiç görünmüyor mu?"
T-3782,"Çok acil, Eğitim salonu içindeki hoparlör ses vermiyor, katılımıclar bizi duyamıyor.",Arıza (Incident),İdari İşler,Ofis Ekipmanı,Toplantı Odası Ekipman Arızası (ClickShare/Projeksiyon),Orta,"{'cozum_basligi': 'Toplantı odası ekran/görüntü aktarım arızası giderme', 'adimlar': ['Adım 1: ClickShare/HDMI kablosu ve cihazın güç bağlantısı kontrol edilir.', 'Adım 2: Ekran/projeksiyon cihazı yeniden başlatılır, giriş kaynağı kontrol edilir.', 'Adım 3: Sorun devam ederse toplantı öncesi acil teknik destek için ticket açılır.'], 'self_service_uygun_mu': True}","['oda_adi', 'ekipman_turu', 'toplanti_saati']",ClickShare mi yoksa HDMI/projeksiyon bağlantısında mı sorun yaşıyorsunuz?
T-3783,"Acilen İzmir şube'daki dolap kapağı kırık, yenisi gerekiyor. İşlerim çok aksıyor, acil çözüm bekliyorum.",Hizmet Talebi (Service Request),İdari İşler,Satınalma/Malzeme,Ofis Mobilya Değişimi,Orta,"{'cozum_basligi': 'Ofis mobilyası değişim süreci', 'adimlar': ['Adım 1: Mevcut mobilyanın durumu değerlendirilir ve değişim gerekçesi kaydedilir.', 'Adım 2: Bütçe/onay süreci tamamlandıktan sonra satınalma talebi açılır.', 'Adım 3: Yeni mobilya teslim alınıp kurulumu yapılır, eski mobilya değişim için alınır.'], 'self_service_uygun_mu': False}","['mobilya_turu', 'ofis_lokasyon', 'degisim_gerekcesi']",Hangi mobilyanın değişmesini istiyorsunuz ve mevcut olanın sorunu nedir?
T-3784,"Formu onaylayacak kişi sitemde 'pasif kullanıcı' olarak görünüyor, işlem tıkandı.",Arıza (Incident),Finans,Masraf & Ödeme,Onay Akışında Yönetici Görünmüyor Sorunu,Yüksek,"{'cozum_basligi': 'Onay akışı yönetici ataması düzeltme süreci', 'adimlar': ['Adım 1: Organizasyon şemasında çalışanın tanımlı yöneticisi sistemden kontrol edilir.', 'Adım 2: Yönetici ayrılmış/değişmiş ise onay akışı güncel yöneticiye yeniden atanır.', 'Adım 3: Bekleyen tüm formlar yeni onay akışına manuel olarak yönlendirilir.'], 'self_service_uygun_mu': False}","['ad_soyad', 'form_no', 'eski_yonetici', 'yeni_yonetici']",Onay akışında hangi form takılı kaldı ve eski yöneticiniz mi hâlâ sistemde görünüyor?
T-3785,"Rica etsem acil SAP şirfemi unuttum, sıfırlama linki de gelmiyor mailime. Teşekkür ederim şimdiden.",Arıza (Incident),Bilgi Teknolojileri,Güvenlik ve Erişim,Şifre Sıfırlama,Düşük,"{'cozum_basligi': 'Şifre sıfırlama işlemi', 'adimlar': ['Adım 1: Kimlik doğrulama (çalışan sicil no / kayıtlı e-posta) yapılır.', 'Adım 2: Self servis şifre sıfırlama portalı üzerinden geçici şifre oluşturulur.', 'Adım 3: Portal üzerinden çözülemiyorsa IT güvenlik ekibi manuel sıfırlama için ticket açar.'], 'self_service_uygun_mu': True}","['kullanici_adi', 'kayitli_email']",Şifrenizi mi unuttunuz yoksa hesabınız mı kilitlendi?
T-3786,"Rica etsem acil Kartal Matbaacılık firmasından gelmesi gerreken paket 3 gündür ulaşmadı, takip eder misiniz?",Bilgi Talebi (Information),İdari İşler,Satınalma/Malzeme,Kargo/Kurye Teslimat Takibi,Orta,"{'cozum_basligi': 'Kargo/kurye teslimat takibi', 'adimlar': ['Adım 1: Kargo takip numarası ve gönderici bilgisi ile kargo firması sistemi kontrol edilir.', 'Adım 2: Resepsiyon/depo teslim kaydı kontrol edilerek paketin durumu netleştirilir.', 'Adım 3: Paket bulunamıyorsa kargo firmasına resmi kayıp/gecikme bildirimi açılır.'], 'self_service_uygun_mu': True}","['takip_no', 'kargo_firmasi', 'gonderi_tarihi']","Kargo ne zaman gönderildi, teslimat için beklediğiniz lokasyon neresi?"
T-3787,Üretim'a yeni katılan arkadaşımız için tüm erişimlerin tanımlanması lazım.,Hizmet Talebi (Service Request),Bilgi Teknolojileri,Güvenlik ve Erişim,Yeni Kullanıcı Hesabı,Orta,"{'cozum_basligi': 'Yeni kullanıcı hesabı açma süreci', 'adimlar': [""Adım 1: İK'dan işe giriş onayı ve pozisyon bilgisi teyit edilir."", 'Adım 2: Aktif Dizin üzerinde hesap oluşturulur ve gerekli grup üyelikleri tanımlanır.', 'Adım 3: E-posta ve sistem erişim bilgileri ilk giriş kılavuzuyla birlikte iletilir.'], 'self_service_uygun_mu': False}","['ad_soyad', 'yonetici_adi', 'gerekli_sistemler']","Yeni çalışanın işe başlama tarihi ve departmanı nedir, hangi sistemlere erişimi olması gerekiyor?"
T-3788,"Acilen Yeni IBAN bilgisi geldi ama resmi yazı olmadan sistemde güncelleyemiyoruz, tedarikçiden evrak istenmeli. Bu konuda epeydir mağdurum, lütfen hızlı dönüş yapar mısınız?",Bilgi Talebi (Information),Finans,Masraf & Ödeme,Tedarikçi IBAN/Vade Mutabakatı,Orta,"{'cozum_basligi': 'Tedarikçi IBAN/vade mutabakat süreci', 'adimlar': ['Adım 1: Tedarikçinin sistemde kayıtlı IBAN ve vade koşulları kontrol edilir.', 'Adım 2: Tedarikçiden güncel IBAN/vade bilgisini teyit eden resmi yazı istenir.', 'Adım 3: Bilgiler güncellendikten sonra mutabakat formu karşılıklı imzalanarak kapatılır.'], 'self_service_uygun_mu': False}","['tedarikci_adi', 'vade_gun_sayisi']",Tedarikçinin IBAN bilgisi mi değişti yoksa vade koşullarında bir anlaşmazlık mı var?
T-3789,"Çok acil, Yazıcı kağıt sıkıştırıyor sürekli Ankara ofisi Teşekkür ederim şimdiden.",Arıza (Incident),İdari İşler,Ofis Ekipmanı,Yazıcı/Fotokopi Arıza Bildirimi,Orta,"{'cozum_basligi': 'Yazıcı/fotokopi arıza giderme', 'adimlar': ['Adım 1: Kağıt sıkışması, kapak açık kalması gibi görünür arızalar kontrol edilir.', 'Adım 2: Cihaz yeniden başlatılır ve sürücü/bağlantı ayarları kontrol edilir.', 'Adım 3: Sorun devam ederse teknik servis çağrısı için ticket açılır.'], 'self_service_uygun_mu': True}","['yazici_lokasyon', 'yazici_marka_model', 'ariza_tanimi']","Yazıcı hiç çalışmıyor mu, kağıt mı sıkıştı yoksa çıktı kalitesi mi kötü?"
T-3790,"Yusuf Demir - proje için 5.000 TL avansa ihtiyacım var, acil onay rica ederim.",Hizmet Talebi (Service Request),Finans,Masraf & Ödeme,Avans Talebi,Orta,"{'cozum_basligi': 'Avans talebi işleme süreci', 'adimlar': ['Adım 1: Avans talebi tutarı ve gerekçesi (seyahat/proje) kaydedilir.', 'Adım 2: Yönetici ve finans onayına gönderilir.', 'Adım 3: Onay sonrası avans, belirtilen banka hesabına aktarılır.'], 'self_service_uygun_mu': False}","['ad_soyad', 'tutar', 'gerekce', 'seyahat_tarihi']",Avans hangi seyahat/proje için ve ne kadar tutar için gerekiyor?
T-3791,"Acilen Anka Danışmanlık IBAN'ını değiştirmiş, mutabakat yapmadan ödeme geçmeyelim. Gerçekten çok sıkıntı oluyor, bir an önce ilgilenirseniz sevinirim.",Bilgi Talebi (Information),Finans,Masraf & Ödeme,Tedarikçi IBAN/Vade Mutabakatı,Yüksek,"{'cozum_basligi': 'Tedarikçi IBAN/vade mutabakat süreci', 'adimlar': ['Adım 1: Tedarikçinin sistemde kayıtlı IBAN ve vade koşulları kontrol edilir.', 'Adım 2: Tedarikçiden güncel IBAN/vade bilgisini teyit eden resmi yazı istenir.', 'Adım 3: Bilgiler güncellendikten sonra mutabakat formu karşılıklı imzalanarak kapatılır.'], 'self_service_uygun_mu': False}","['tedarikci_adi', 'vade_gun_sayisi']",Tedarikçinin IBAN bilgisi mi değişti yoksa vade koşullarında bir anlaşmazlık mı var?
T-3792,"Pergel Ofis Malzemeleri bizi aradı fatura ödemesi gecikmiş, kontrol eder misiniz?",Hizmet Talebi (Service Request),Finans,Masraf & Ödeme,Fatura Ödeme Takibi,Düşük,"{'cozum_basligi': 'Fatura ödeme durumu takibi', 'adimlar': ['Adım 1: Fatura numarası ile muhasebe/ERP sisteminde ödeme kaydı sorgulanır.', 'Adım 2: Ödeme planlanan tarih ve onay durumu kontrol edilir.', 'Adım 3: Gecikme varsa ödeme sorumlusuna hatırlatma yapılır ve tedarikçiye bilgi verilir.'], 'self_service_uygun_mu': True}","['fatura_no', 'vade_tarihi']",Fatura numarasını ve tedarikçi firma adını paylaşabilir misiniz?
T-3793,"Eşimi özel sağlık sigortama eklettirmek istiyorum, ne yapmam gerekiyor?",Hizmet Talebi (Service Request),İnsan Kaynakları,Bordro & Özlük,ÖSS (Özel Sağlık Sigortası) Aile Kapsamı Ekleme,Düşük,"{'cozum_basligi': 'Özel sağlık sigortasına aile bireyi ekleme süreci', 'adimlar': ['Adım 1: Eklenecek aile bireyinin kimlik bilgileri ve yakınlık derecesi (eş/çocuk) alınır.', 'Adım 2: Talep sigorta şirketine İK tarafından iletilir ve poliçe güncellemesi başlatılır.', 'Adım 3: Poliçe onayı sonrası yeni sağlık kartı çalışana/aile bireyine ulaştırılır.'], 'self_service_uygun_mu': False}","['ad_soyad', 'eklenecek_kisi_bilgisi', 'yakinlik_derecesi']","Eklemek istediğiniz kişi eşiniz mi çocuğunuz mu, kimlik bilgilerini paylaşabilir misiniz?"
T-3794,"Fatura odemesi ne zaman yapilacak vadesi gecti saniirim Bu konuda epeydir mağdurum, lütfen hızlı dönüş yapar mısınız?",Bilgi Talebi (Information),Finans,Masraf & Ödeme,Fatura Ödeme Takibi,Orta,"{'cozum_basligi': 'Fatura ödeme durumu takibi', 'adimlar': ['Adım 1: Fatura numarası ile muhasebe/ERP sisteminde ödeme kaydı sorgulanır.', 'Adım 2: Ödeme planlanan tarih ve onay durumu kontrol edilir.', 'Adım 3: Gecikme varsa ödeme sorumlusuna hatırlatma yapılır ve tedarikçiye bilgi verilir.'], 'self_service_uygun_mu': True}","['fatura_no', 'tedarikci_adi', 'tutar']","Faturanın vade tarihi geçti mi, ne kadar süredir bekliyor?"
T-3795,"8.521 TL tutarındaki fatura hâlâ ödenmemiş görünüyor, Deniz Teknoloji A.Ş..",Bilgi Talebi (Information),Finans,Masraf & Ödeme,Fatura Ödeme Takibi,Orta,"{'cozum_basligi': 'Fatura ödeme durumu takibi', 'adimlar': ['Adım 1: Fatura numarası ile muhasebe/ERP sisteminde ödeme kaydı sorgulanır.', 'Adım 2: Ödeme planlanan tarih ve onay durumu kontrol edilir.', 'Adım 3: Gecikme varsa ödeme sorumlusuna hatırlatma yapılır ve tedarikçiye bilgi verilir.'], 'self_service_uygun_mu': True}","['fatura_no', 'tedarikci_adi', 'tutar']",Fatura numarasını ve tedarikçi firma adını paylaşabilir misiniz?
T-3796,"VPN istemcisi programı çok yavaş açılıyor, bazen hiç yanıt vermiyor.",Arıza (Incident),Bilgi Teknolojileri,Yazılım,Uygulama Hatası (Outlook/Teams/Excel vb.),Yüksek,"{'cozum_basligi': 'Uygulama hatası giderme', 'adimlar': ['Adım 1: Uygulama tamamen kapatılıp yeniden açılır, gerekirse bilgisayar yeniden başlatılır.', 'Adım 2: Uygulama güncellemesi kontrol edilir ve önbellek/geçici dosyalar temizlenir.', 'Adım 3: Hata devam ederse ekran görüntüsüyle birlikte yazılım destek ekibine ticket açılır.'], 'self_service_uygun_mu': True}","['uygulama_adi', 'hata_mesaji', 'kullanici_adi']","Hangi uygulamada ve tam olarak ne zaman bu hatayı alıyorsunuz, ekran görüntüsü paylaşabilir misiniz?"
T-3797,Lütfen acil Tedarikçi firmadan gelecek kişi için otopark yer ayrılabilir mi 19 Mart? Ne zaman çözülür acaba?,Hizmet Talebi (Service Request),İdari İşler,Güvenlik & Ulaşım,Misafir Otopark İzni,Düşük,"{'cozum_basligi': 'Misafir otopark giriş izni tanımlama', 'adimlar': ['Adım 1: Misafirin plaka bilgisi ve ziyaret tarihi/saati alınır.', 'Adım 2: Güvenlik birimine otopark giriş izni tanımlanır.', 'Adım 3: Misafir giriş yaptığında güvenlik plaka üzerinden yönlendirme yapar.'], 'self_service_uygun_mu': False}","['misafir_ad_soyad', 'plaka_no', 'ziyaret_tarihi_saati']",Misafirinizin plaka bilgisi ve ziyaret saati nedir?
T-3798,"Teams toplantisina girerken kameram ve mikrofonum algilanmiyor, cok acl bir sunumum var.",Arıza (Incident),Bilgi Teknolojileri,Yazılım,Uygulama Hatası (Outlook/Teams/Excel vb.),Yüksek,"{'cozum_basligi': 'Uygulama hatası giderme', 'adimlar': ['Adım 1: Uygulama tamamen kapatılıp yeniden açılır, gerekirse bilgisayar yeniden başlatılır.', 'Adım 2: Uygulama güncellemesi kontrol edilir ve önbellek/geçici dosyalar temizlenir.', 'Adım 3: Hata devam ederse ekran görüntüsüyle birlikte yazılım destek ekibine ticket açılır.'], 'self_service_uygun_mu': True}","['uygulama_adi', 'hata_mesaji', 'kullanici_adi']","Hangi uygulamada ve tam olarak ne zaman bu hatayı alıyorsunuz, ekran görüntüsü paylaşabilir misiniz?"
T-3799,"Çok acil, Klasor ve dosya lazim biraz stok bitmis gorunuyor",Hizmet Talebi (Service Request),İdari İşler,Satınalma/Malzeme,Kırtasiye Malzeme Talebi,Orta,"{'cozum_basligi': 'Kırtasiye malzeme temini', 'adimlar': ['Adım 1: Talep departman yöneticisi onayına iletilir.', 'Adım 2: Depo stoğundan malzemeler hazırlanır.', 'Adım 3: Malzemeler belirtilen teslimat lokasyonuna gönderilir.'], 'self_service_uygun_mu': False}","['malzeme_listesi_miktar', 'departman', 'teslimat_lokasyonu']","Hangi malzemelerden ne miktarda ihtiyacınız var, liste hâlinde belirtebilir misiniz?"
T-3800,"Rica etsem acil Yazıcı kartuşu değişmesi gerekiyor, mürekkep bitti sanırım.",Hizmet Talebi (Service Request),İdari İşler,Ofis Ekipmanı,Toner/Kartuş Talebi,Düşük,"{'cozum_basligi': 'Toner/kartuş temin süreci', 'adimlar': ['Adım 1: Depo stok durumu kontrol edilir.', 'Adım 2: Uygun toner/kartuş belirtilen yazıcı lokasyonuna teslim edilir.', 'Adım 3: Stokta bulunmuyorsa satınalma süreci tetiklenir ve tahmini teslim süresi bildirilir.'], 'self_service_uygun_mu': False}","['yazici_lokasyon', 'yazici_marka_model', 'toner_kartus_kodu']","Yazıcının marka ve modeli nedir, doğru toner kodunu belirleyebilmemiz için gerekli?"
T-3801,"Excel'de formüller birden hatalı sonuç vermeye başladı, dosya bozuldu galiba.",Arıza (Incident),Bilgi Teknolojileri,Yazılım,Uygulama Hatası (Outlook/Teams/Excel vb.),Orta,"{'cozum_basligi': 'Uygulama hatası giderme', 'adimlar': ['Adım 1: Uygulama tamamen kapatılıp yeniden açılır, gerekirse bilgisayar yeniden başlatılır.', 'Adım 2: Uygulama güncellemesi kontrol edilir ve önbellek/geçici dosyalar temizlenir.', 'Adım 3: Hata devam ederse ekran görüntüsüyle birlikte yazılım destek ekibine ticket açılır.'], 'self_service_uygun_mu': True}","['uygulama_adi', 'hata_mesaji', 'kullanici_adi']",Uygulama hiç açılmıyor mu yoksa belirli bir işlem sırasında mı hata veriyor?
T-3802,"Mavi Lojistik Ltd. firmasindan gelen USD faturayi sistme giremiyorum, para birimi secenegi cikmiyor.",Arıza (Incident),Finans,Masraf & Ödeme,Çoklu Para Birimli Fatura Girişi,Orta,"{'cozum_basligi': 'Çoklu para birimli fatura giriş desteği', 'adimlar': ['Adım 1: Faturanın orijinal para birimi ve tutarı doğrulanır.', 'Adım 2: ERP sisteminde ilgili para birimi tanımlı değilse muhasebe sistem ekibi tanımlama yapar.', 'Adım 3: Fatura, güncel kur ile TL karşılığı hesaplanarak sisteme işlenir.'], 'self_service_uygun_mu': False}","['fatura_no', 'tedarikci_adi', 'para_birimi', 'tutar']",Faturanın para birimi nedir (USD/EUR/GBP) ve sistemde bu para birimiyle giriş yapabiliyor musunuz?
T-3803,Acilen Evden baglanamiyorum vpn e sürekli hata veriyor,Hizmet Talebi (Service Request),Bilgi Teknolojileri,Ağ/Network,VPN Erişim Sorunu,Düşük,"{'cozum_basligi': 'VPN bağlantı sorunu çözümü', 'adimlar': ['Adım 1: VPN istemcisi güncel mi kontrol edilir, kullanıcı adı/şifre doğrulanır.', 'Adım 2: İnternet bağlantısı ve güvenlik duvarı ayarları kontrol edilir, istemci yeniden başlatılır.', 'Adım 3: Erişim devam etmiyorsa VPN sertifikası/erişim yetkisi için ticket açılır.'], 'self_service_uygun_mu': True}","['kullanici_adi', 'cihaz_turu', 'hata_mesaji']",Evden mi yoksa başka bir lokasyondan mı bağlanmaya çalışıyorsunuz?
T-3804,"Teams toplantısına girerken kameram ve mikrofonum algılanmıyor, çok acil bir sunmum var. Bunun yanında Bir de mail eklerini indiremiyorum aynı anda",Hizmet Talebi (Service Request),Bilgi Teknolojileri,Yazılım,Uygulama Hatası (Outlook/Teams/Excel vb.),Düşük,"{'cozum_basligi': 'Uygulama hatası giderme', 'adimlar': ['Adım 1: Uygulama tamamen kapatılıp yeniden açılır, gerekirse bilgisayar yeniden başlatılır.', 'Adım 2: Uygulama güncellemesi kontrol edilir ve önbellek/geçici dosyalar temizlenir.', 'Adım 3: Hata devam ederse ekran görüntüsüyle birlikte yazılım destek ekibine ticket açılır.'], 'self_service_uygun_mu': True}","['uygulama_adi', 'isletim_sistemi', 'hata_ekran_goruntusu']",Uygulama hiç açılmıyor mu yoksa belirli bir işlem sırasında mı hata veriyor?
T-3805,Resepsiyona kargo geldi mi acaba bilgi alabilir miyim Cansu Özturk adina?,Bilgi Talebi (Information),İdari İşler,Satınalma/Malzeme,Kargo/Kurye Teslimat Takibi,Orta,"{'cozum_basligi': 'Kargo/kurye teslimat takibi', 'adimlar': ['Adım 1: Kargo takip numarası ve gönderici bilgisi ile kargo firması sistemi kontrol edilir.', 'Adım 2: Resepsiyon/depo teslim kaydı kontrol edilerek paketin durumu netleştirilir.', 'Adım 3: Paket bulunamıyorsa kargo firmasına resmi kayıp/gecikme bildirimi açılır.'], 'self_service_uygun_mu': True}","['gonderici_bilgisi', 'teslimat_lokasyonu']","Kargo ne zaman gönderildi, teslimat için beklediğiniz lokasyon neresi?"
T-3806,"Tolga Demir - doğum iznim bitiyor ykında, yarı zamanlı çalışma hakkımı öğrenebilir miyim?",Hizmet Talebi (Service Request),İnsan Kaynakları,İzin Yönetimi,Doğum/Analık İzni Talebi,Orta,"{'cozum_basligi': 'Doğum/analık izni tanımlama süreci', 'adimlar': ['Adım 1: Doktor raporu ve tahmini/gerçek doğum tarihi talep edilir.', 'Adım 2: Yasal doğum öncesi 8 hafta - doğum sonrası 8 hafta izin süresi hesaplanır.', ""Adım 3: İzin süresi SGK'ya bildirilir ve bordro/İK sisteminde işlenir.""], 'self_service_uygun_mu': False}","['ad_soyad', 'tahmini_dogum_tarihi', 'doktor_raporu']","Tahmini doğum tarihiniz nedir, doktor raporunuzu paylaşabilir misiniz?"
T-3807,"Çok acil, Monitörüm hiç açılmıyor, 5. kat açık ofis masamda. Teşekkür ederim şimdiden.",Arıza (Incident),Bilgi Teknolojileri,Donanım,Monitör/Çevre Birimi Arızası,Orta,"{'cozum_basligi': 'Monitör/çevre birimi arıza tespiti', 'adimlar': ['Adım 1: Kablo bağlantıları (HDMI/VGA/güç) ve monitör güç düğmesi kontrol edilir.', 'Adım 2: Farklı bir kablo veya port ile test yapılır.', 'Adım 3: Arıza devam ediyorsa cihaz değişimi için IT saha ekibine ticket açılır.'], 'self_service_uygun_mu': True}","['cihaz_turu', 'kullanici_adi', 'ofis_lokasyon']","Sorun hangi çevre biriminde: monitör, klavye, mouse yoksa yazıcı mı?"
T-3808,"Lütfen acil Onur Dogan - 5 gunluk saglik raporum var, ise dondugumde bir evrak getirmem gerekiyor mu?",Hizmet Talebi (Service Request),İnsan Kaynakları,İzin Yönetimi,Sağlık Raporu/İstirahat Bildirimi,Orta,"{'cozum_basligi': 'Sağlık raporu/istirahat bildirimi işleme süreci', 'adimlar': [""Adım 1: Rapor e-Nabız/hastane sisteminden veya elden İK'ya iletilir."", 'Adım 2: Rapor süresi SGK sistemine ve bordroya işlenir.', 'Adım 3: Yöneticiye çalışanın izinli/raporlu olduğu bilgisi iletilir.'], 'self_service_uygun_mu': True}","['ad_soyad', 'rapor_baslangic_bitis_tarihi', 'rapor_belgesi']",Raporunuz kaç gün ve e-Nabız üzerinden mi yoksa elden mi ileteceksiniz?
T-3809,"Ofis girişindeki otomatik kapı sensörü çalışmıyor, elle açmak gerekiyor.",Hizmet Talebi (Service Request),İdari İşler,Bina/Tesis Bakım,Bina İçi Teknik Bakım Talebi,Orta,"{'cozum_basligi': 'Genel bina içi teknik bakım süreci', 'adimlar': ['Adım 1: Talep bina teknik bakım ekibine iletilir ve önceliklendirilir.', 'Adım 2: Uygun teknisyen belirlenen lokasyona yönlendirilir.', 'Adım 3: Bakım/onarım tamamlandıktan sonra talep sahibine bilgi verilir.'], 'self_service_uygun_mu': False}","['ofis_lokasyon', 'sorun_tanimi', 'uygun_zaman_araligi']","Sorun tam olarak nedir ve hangi alanda (kapı, su tesisatı, asansör vb.) yaşanıyor?"
T-3810,"28 Nisan tarihinde evlendim, medeni halimin güncellenmesi gerekiyor sistemde.",Hizmet Talebi (Service Request),İnsan Kaynakları,Bordro & Özlük,Evlilik Bildirimi,Orta,"{'cozum_basligi': 'Evlilik durum değişikliği kayıt süreci', 'adimlar': ['Adım 1: Evlilik cüzdanı fotokopisi/belgesi çalışandan talep edilir.', 'Adım 2: Medeni hal ve varsa soyadı bilgisi İK sisteminde güncellenir.', 'Adım 3: Vergi matrahı, SGK ve varsa özel sağlık sigortası kayıtları güncellenmesi için ilgili birimlere bilgi verilir.'], 'self_service_uygun_mu': False}","['ad_soyad', 'yeni_medeni_hal', 'es_bilgisi']","Evlilik tarihinizi ve evlilik cüzdanı belgesini paylaşabilir misiniz, medeni hal güncellemesi için gerekiyor?"
T-3811,"Tolga Aktaş - proje için 5.000 TL avansa ihtiyacım var, acil onay rica ederim.",Hizmet Talebi (Service Request),Finans,Masraf & Ödeme,Avans Talebi,Orta,"{'cozum_basligi': 'Avans talebi işleme süreci', 'adimlar': ['Adım 1: Avans talebi tutarı ve gerekçesi (seyahat/proje) kaydedilir.', 'Adım 2: Yönetici ve finans onayına gönderilir.', 'Adım 3: Onay sonrası avans, belirtilen banka hesabına aktarılır.'], 'self_service_uygun_mu': False}","['ad_soyad', 'tutar', 'gerekce', 'seyahat_tarihi']",Avans hangi seyahat/proje için ve ne kadar tutar için gerekiyor?
T-3812,"Esra Koç - çocuğumun sağlık sigortası kapsamına dahil edilmesini rica ederim, doğum belgesi ekte.",Hizmet Talebi (Service Request),İnsan Kaynakları,Bordro & Özlük,ÖSS (Özel Sağlık Sigortası) Aile Kapsamı Ekleme,Orta,"{'cozum_basligi': 'Özel sağlık sigortasına aile bireyi ekleme süreci', 'adimlar': ['Adım 1: Eklenecek aile bireyinin kimlik bilgileri ve yakınlık derecesi (eş/çocuk) alınır.', 'Adım 2: Talep sigorta şirketine İK tarafından iletilir ve poliçe güncellemesi başlatılır.', 'Adım 3: Poliçe onayı sonrası yeni sağlık kartı çalışana/aile bireyine ulaştırılır.'], 'self_service_uygun_mu': False}","['ad_soyad', 'eklenecek_kisi_bilgisi', 'yakinlik_derecesi']","Eklemek istediğiniz kişi eşiniz mi çocuğunuz mu, kimlik bilgilerini paylaşabilir misiniz?"
T-3813,"Rica etsem acil Kartım harcama sırasında reddedildi, limit dolmuş olabilir, kontrol eder misiniz? Gerçekten çok sıkıntı oluyor, bir an önce ilgilenirseniz sevinirim.",Hizmet Talebi (Service Request),Finans,Masraf & Ödeme,Kurumsal Kredi Kartı Limit Artırımı,Orta,"{'cozum_basligi': 'Kurumsal kredi kartı limit artırım süreci', 'adimlar': ['Adım 1: Mevcut limit, kullanım geçmişi ve talep gerekçesi kaydedilir.', 'Adım 2: Yönetici ve finans müdürü onayına gönderilir.', 'Adım 3: Onay sonrası banka ile limit artırım talebi iletilir ve süreç takip edilir.'], 'self_service_uygun_mu': False}","['ad_soyad', 'mevcut_limit', 'talep_edilen_limit', 'gerekce']","Mevcut kart limitiniz nedir ve ne kadar artış talep ediyorsunuz, gerekçeniz nedir?"
T-3814,"Damga vergisi kesintim gecen aya gore cok farkli cikti, sebebini ogrenebbilir miyim?",Bilgi Talebi (Information),İnsan Kaynakları,Bordro & Özlük,Bordro Vergi Matrahı İtirazı,Düşük,"{'cozum_basligi': 'Bordro vergi matrahı itiraz inceleme süreci', 'adimlar': ['Adım 1: İtiraz edilen dönemin vergi matrahı ve dilim hesaplaması bordro ekibi tarafından yeniden kontrol edilir.', 'Adım 2: Kümülatif matrah hesaplamasında hata olup olmadığı muhasebe ile teyit edilir.', 'Adım 3: Hata tespit edilirse düzeltme bir sonraki bordro döneminde uygulanır ve çalışana açıklama yapılır.'], 'self_service_uygun_mu': False}","['ad_soyad', 'donem', 'itiraz_detayi']","Vergi diliminin değiştiğini mi düşünüyorsunuz, yoksa kümülatif matrah hesaplamasında bir hata mı görüyorsunuz?"
T-3815,"Dosya sunucusuna erişim kesildi, tüm departmanlar dosyalara ulaşamıyor.",Arıza (Incident),Bilgi Teknolojileri,Sunucu/Sistem,Sunucu/Servis Kesintisi,Yüksek,"{'cozum_basligi': 'Sunucu/servis kesintisi acil müdahale', 'adimlar': ['Adım 1: Sunucu/servis durumu izleme panelinden kontrol edilir, etkilenen servisler belirlenir.', 'Adım 2: Sunucu ekibi tarafından servis yeniden başlatılır veya yük devretme (failover) uygulanır.', 'Adım 3: Kök neden analizi için kritik öncelikli ticket açılır ve ilgili birimlere bilgi verilir.'], 'self_service_uygun_mu': False}","['sunucu_adi', 'hata_kodu', 'etki_alani']",Bu kesinti tüm şirketi mi yoksa belirli bir departmanı mı etkiliyor?
T-3816,"İzmir şub'da misafir wifi ağına bağlanamıyorum, şifreyi doğru giriyorum.",Arıza (Incident),Bilgi Teknolojileri,Ağ/Network,Wi-Fi Bağlantı Sorunu,Orta,"{'cozum_basligi': 'Wi-Fi bağlantı sorunu çözümü', 'adimlar': ['Adım 1: Cihazın Wi-Fi ayarları kapatılıp açılır, ağa yeniden bağlanılır.', 'Adım 2: Şifre doğru girildi mi ve sinyal gücü yeterli mi kontrol edilir.', 'Adım 3: Sorun sürüyorsa erişim noktası (AP) kontrolü için ticket açılır.'], 'self_service_uygun_mu': True}","['ofis_lokasyon', 'cihaz_turu']","Wi-Fi ağı görünüyor mu ama bağlanamıyor musunuz, yoksa hiç görünmüyor mu?"
T-3817,"Çok acil, Toplantı Odası B içindeki hoparlör ses vermiyor, katılımcılar bizi duyamıyor. İşlerim çok aksıyor, acil çözüm bekliyorum.",Hizmet Talebi (Service Request),İdari İşler,Ofis Ekipmanı,Toplantı Odası Ekipman Arızası (ClickShare/Projeksiyon),Yüksek,"{'cozum_basligi': 'Toplantı odası ekran/görüntü aktarım arızası giderme', 'adimlar': ['Adım 1: ClickShare/HDMI kablosu ve cihazın güç bağlantısı kontrol edilir.', 'Adım 2: Ekran/projeksiyon cihazı yeniden başlatılır, giriş kaynağı kontrol edilir.', 'Adım 3: Sorun devam ederse toplantı öncesi acil teknik destek için ticket açılır.'], 'self_service_uygun_mu': True}","['oda_adi', 'hata_tanimi']",Hangi toplantı odasından bahsediyorsunuz ve toplantınız ne zaman başlıyor?
T-3818,"Çok acil, Elektrikli yükseklik ayarlı masam artık yukarı kalkmıyor, düğmeye basınca ses geliyor ama hareket etmiyor. İşlerim çok aksıyor, acil çözüm bekliyorum.",Hizmet Talebi (Service Request),İdari İşler,Bina/Tesis Bakım,Ofis Mobilya Arızası (Ergonomik Masa/Koltuk),Orta,"{'cozum_basligi': 'Ergonomik mobilya arıza/bakım süreci', 'adimlar': ['Adım 1: Arızanın türü (mekanizma, yükseklik ayarı, tekerlek vb.) tespit edilir.', 'Adım 2: Bina bakım ekibi basit onarımı yerinde dener.', 'Adım 3: Onarılamıyorsa parça değişimi veya mobilya değişimi için satınalma sürecine yönlendirilir.'], 'self_service_uygun_mu': False}","['mobilya_turu', 'ofis_lokasyon', 'ariza_tanimi']","Koltuğunuzda mı yoksa masanızda mı sorun var, tam olarak ne arızalandı?"
T-3819,"Yeni dogan bebegimi salik sigortasina eklemek istiyorum, evraklar neler?",Hizmet Talebi (Service Request),İnsan Kaynakları,Bordro & Özlük,ÖSS (Özel Sağlık Sigortası) Aile Kapsamı Ekleme,Orta,"{'cozum_basligi': 'Özel sağlık sigortasına aile bireyi ekleme süreci', 'adimlar': ['Adım 1: Eklenecek aile bireyinin kimlik bilgileri ve yakınlık derecesi (eş/çocuk) alınır.', 'Adım 2: Talep sigorta şirketine İK tarafından iletilir ve poliçe güncellemesi başlatılır.', 'Adım 3: Poliçe onayı sonrası yeni sağlık kartı çalışana/aile bireyine ulaştırılır.'], 'self_service_uygun_mu': False}","['ad_soyad', 'eklenecek_kisi_bilgisi', 'yakinlik_derecesi']","Eklemek istediğiniz kişi eşiniz mi çocuğunuz mu, kimlik bilgilerini paylaşabilir misiniz?"
T-3820,Yazıcı kağıt sıkıştırıyor sürekli İzmir şube,Arıza (Incident),İdari İşler,Ofis Ekipmanı,Yazıcı/Fotokopi Arıza Bildirimi,Orta,"{'cozum_basligi': 'Yazıcı/fotokopi arıza giderme', 'adimlar': ['Adım 1: Kağıt sıkışması, kapak açık kalması gibi görünür arızalar kontrol edilir.', 'Adım 2: Cihaz yeniden başlatılır ve sürücü/bağlantı ayarları kontrol edilir.', 'Adım 3: Sorun devam ederse teknik servis çağrısı için ticket açılır.'], 'self_service_uygun_mu': True}","['yazici_lokasyon', 'yazici_marka_model', 'ariza_tanimi']","Yazıcı hiç çalışmıyor mu, kağıt mı sıkıştı yoksa çıktı kalitesi mi kötü?"
T-3821,Lütfen acil Kart limiti artirimi istiyorum proje harcamalari icin yetersiz kaliyor Teşekkür ederim şimdiden.,Hizmet Talebi (Service Request),Finans,Masraf & Ödeme,Kurumsal Kredi Kartı Limit Artırımı,Düşük,"{'cozum_basligi': 'Kurumsal kredi kartı limit artırım süreci', 'adimlar': ['Adım 1: Mevcut limit, kullanım geçmişi ve talep gerekçesi kaydedilir.', 'Adım 2: Yönetici ve finans müdürü onayına gönderilir.', 'Adım 3: Onay sonrası banka ile limit artırım talebi iletilir ve süreç takip edilir.'], 'self_service_uygun_mu': False}","['ad_soyad', 'mevcut_limit', 'talep_edilen_limit', 'gerekce']","Mevcut kart limitiniz nedir ve ne kadar artış talep ediyorsunuz, gerekçeniz nedir?"
T-3822,"Kerem Kaya - 5 günlük sağlık raporum var, işe döndüğümde bir evrak getirmem gerekiyor mu?",Hizmet Talebi (Service Request),İnsan Kaynakları,İzin Yönetimi,Sağlık Raporu/İstirahat Bildirimi,Düşük,"{'cozum_basligi': 'Sağlık raporu/istirahat bildirimi işleme süreci', 'adimlar': [""Adım 1: Rapor e-Nabız/hastane sisteminden veya elden İK'ya iletilir."", 'Adım 2: Rapor süresi SGK sistemine ve bordroya işlenir.', 'Adım 3: Yöneticiye çalışanın izinli/raporlu olduğu bilgisi iletilir.'], 'self_service_uygun_mu': True}","['ad_soyad', 'rapor_baslangic_bitis_tarihi', 'rapor_belgesi']",Raporunuz kaç gün ve e-Nabız üzerinden mi yoksa elden mi ileteceksiniz?
T-3823,"Hesabım 3 kere yanlış deneme sonrası kilitlendi, açılması lazım acil.",Arıza (Incident),Bilgi Teknolojileri,Güvenlik ve Erişim,Şifre Sıfırlama,Orta,"{'cozum_basligi': 'Şifre sıfırlama işlemi', 'adimlar': ['Adım 1: Kimlik doğrulama (çalışan sicil no / kayıtlı e-posta) yapılır.', 'Adım 2: Self servis şifre sıfırlama portalı üzerinden geçici şifre oluşturulur.', 'Adım 3: Portal üzerinden çözülemiyorsa IT güvenlik ekibi manuel sıfırlama için ticket açar.'], 'self_service_uygun_mu': True}","['kullanici_adi', 'kayitli_email']","Hangi sistemin şifresini sıfırlamamız gerekiyor: e-posta, bilgisayar girişi yoksa başka bir uygulama mı?"
T-3824,"Lütfen acil Laptobum şarj olmuyor gibi görünüyor, pil ikonu çıkmıyor ekranda. Gerçekten çok sıkıntı oluyor, bir an önce ilgilenirseniz sevinirim.",Arıza (Incident),Bilgi Teknolojileri,Donanım,Bilgisayar Arıza/Onarım,Düşük,"{'cozum_basligi': 'Bilgisayar donanım arızası ilk müdahale', 'adimlar': ['Adım 1: Cihaz kapatılıp yeniden başlatılır, güç kablosu ve bağlantılar kontrol edilir.', 'Adım 2: Uzaktan tanı aracıyla donanım sağlık testi çalıştırılır.', 'Adım 3: Sorun devam ederse yerinde teknik destek için ticket açılır ve teknisyen yönlendirilir.'], 'self_service_uygun_mu': True}","['cihaz_seri_no', 'kullanici_adi', 'ofis_lokasyon', 'ariza_baslangic_zamani']","Cihazınız hiç açılmıyor mu yoksa açılıp kapanıyor mu, ayrıca cihazın seri numarasını paylaşabilir misiniz?"
T-3825,Sifre sifirlama lazim Nazlı Özdemir,Hizmet Talebi (Service Request),Bilgi Teknolojileri,Güvenlik ve Erişim,Şifre Sıfırlama,Orta,"{'cozum_basligi': 'Şifre sıfırlama işlemi', 'adimlar': ['Adım 1: Kimlik doğrulama (çalışan sicil no / kayıtlı e-posta) yapılır.', 'Adım 2: Self servis şifre sıfırlama portalı üzerinden geçici şifre oluşturulur.', 'Adım 3: Portal üzerinden çözülemiyorsa IT güvenlik ekibi manuel sıfırlama için ticket açar.'], 'self_service_uygun_mu': True}","['kullanici_adi', 'sicil_no', 'sistem_adi']","Hangi sistemin şifresini sıfırlamamız gerekiyor: e-posta, bilgisayar girişi yoksa başka bir uygulama mı?"
T-3826,"CRM servisi 502 hatasi veriyor, satis ekibi islem yapamiyor.",Arıza (Incident),Bilgi Teknolojileri,Sunucu/Sistem,Sunucu/Servis Kesintisi,Kritik,"{'cozum_basligi': 'Sunucu/servis kesintisi acil müdahale', 'adimlar': ['Adım 1: Sunucu/servis durumu izleme panelinden kontrol edilir, etkilenen servisler belirlenir.', 'Adım 2: Sunucu ekibi tarafından servis yeniden başlatılır veya yük devretme (failover) uygulanır.', 'Adım 3: Kök neden analizi için kritik öncelikli ticket açılır ve ilgili birimlere bilgi verilir.'], 'self_service_uygun_mu': False}","['sunucu_adi', 'hata_kodu', 'etki_alani']",Bu kesinti tüm şirketi mi yoksa belirli bir departmanı mı etkiliyor?
T-3827,"Rica etsem acil Muhasebe klasörüne erişim yetkim yok, projemde ihtiyacım var. İşlerim çok aksıyor, acil çözüm bekliyorum.",Hizmet Talebi (Service Request),Bilgi Teknolojileri,Güvenlik ve Erişim,Sistem/Klasör Yetki Talebi,Düşük,"{'cozum_basligi': 'Sistem/klasör yetki tanımlama süreci', 'adimlar': ['Adım 1: Talep, ilgili departman yöneticisinin onayına gönderilir.', 'Adım 2: Onay sonrası erişim, en az yetki prensibiyle tanımlanır.', 'Adım 3: Yetki tanımlandıktan sonra kullanıcıya bilgilendirme yapılır ve ticket kapatılır.'], 'self_service_uygun_mu': False}","['kullanici_adi', 'klasor_sistem_adi', 'yonetici_onayi']",Okuma yetkisi mi yoksa yazma/düzenleme yetkisi mi gerekiyor?
T-3828,"Çatıdan su sızıntısı var Ana bina lobi tavanında, leke büyüyor giderek.",Hizmet Talebi (Service Request),İdari İşler,Bina/Tesis Bakım,Bina İçi Teknik Bakım Talebi,Orta,"{'cozum_basligi': 'Genel bina içi teknik bakım süreci', 'adimlar': ['Adım 1: Talep bina teknik bakım ekibine iletilir ve önceliklendirilir.', 'Adım 2: Uygun teknisyen belirlenen lokasyona yönlendirilir.', 'Adım 3: Bakım/onarım tamamlandıktan sonra talep sahibine bilgi verilir.'], 'self_service_uygun_mu': False}","['ofis_lokasyon', 'sorun_tanimi', 'uygun_zaman_araligi']","Sorun tam olarak nedir ve hangi alanda (kapı, su tesisatı, asansör vb.) yaşanıyor?"
T-3829,"SGK işe giriş evrakımı alabilir miyim, işsizlik maaşı için gerekiyor eski işimden. Gerçekten çok sıkıntı oluyor, bir an önce ilgilenirseniz sevinirim.",Hizmet Talebi (Service Request),İnsan Kaynakları,Bordro & Özlük,SGK Giriş/Çıkış Evrakı Talebi,Yüksek,"{'cozum_basligi': 'SGK giriş/çıkış evrakı düzenleme', 'adimlar': ['Adım 1: Talep edilen belgenin türü (işe giriş bildirgesi/işten ayrılış bildirgesi) teyit edilir.', 'Adım 2: SGK e-Bildirge sisteminden ilgili belge sorgulanır ve çıktısı alınır.', 'Adım 3: Belge onaylanıp çalışana e-posta veya elden iletilir.'], 'self_service_uygun_mu': False}","['ad_soyad', 'sicil_no', 'belge_turu', 'kullanim_amaci']","İşe giriş bildirgesi mi yoksa işten ayrılış bildirgesi mi gerekiyor, hangi amaçla kullanılacak?"
T-3830,"Müşteriye gönderdiğimiz kargo hâlâ yolda görünüyor, gecikme var mı öğrenebilir miyiz?",Bilgi Talebi (Information),İdari İşler,Satınalma/Malzeme,Kargo/Kurye Teslimat Takibi,Düşük,"{'cozum_basligi': 'Kargo/kurye teslimat takibi', 'adimlar': ['Adım 1: Kargo takip numarası ve gönderici bilgisi ile kargo firması sistemi kontrol edilir.', 'Adım 2: Resepsiyon/depo teslim kaydı kontrol edilerek paketin durumu netleştirilir.', 'Adım 3: Paket bulunamıyorsa kargo firmasına resmi kayıp/gecikme bildirimi açılır.'], 'self_service_uygun_mu': True}","['takip_no', 'kargo_firmasi', 'gonderi_tarihi']","Kargo ne zaman gönderildi, teslimat için beklediğiniz lokasyon neresi?"
T-3831,"İkinci bir monitör talep ediyorum, ekran paylaşımlı çalışıyorum çoğunlukla. Gerçekten çok sıkıntı oluyor, bir an önce ilgilenirseniz sevinirim.",Hizmet Talebi (Service Request),Bilgi Teknolojileri,Donanım,Yeni Ekipman Kurulumu,Orta,"{'cozum_basligi': 'Yeni donanım ekipmanı kurulum süreci', 'adimlar': ['Adım 1: Talep, envanter ve bütçe onayı için yöneticiye/IT sorumlusuna iletilir.', 'Adım 2: Uygun ekipman depo stoğundan veya satın alma sürecinden temin edilir.', 'Adım 3: Kurulum IT saha ekibi tarafından belirlenen tarihte yerinde gerçekleştirilir.'], 'self_service_uygun_mu': False}","['ekipman_turu', 'departman', 'teslim_tarihi']","Hangi ekipmana ihtiyacınız var ve kimin için, hangi lokasyona kurulacak?"
T-3832,"Yarınki toplantı için misafirimize otopark izni açılması gerekiyor, plakasını paylaşacağım.",Hizmet Talebi (Service Request),İdari İşler,Güvenlik & Ulaşım,Misafir Otopark İzni,Düşük,"{'cozum_basligi': 'Misafir otopark giriş izni tanımlama', 'adimlar': ['Adım 1: Misafirin plaka bilgisi ve ziyaret tarihi/saati alınır.', 'Adım 2: Güvenlik birimine otopark giriş izni tanımlanır.', 'Adım 3: Misafir giriş yaptığında güvenlik plaka üzerinden yönlendirme yapar.'], 'self_service_uygun_mu': False}","['misafir_ad_soyad', 'plaka_no', 'ziyaret_tarihi_saati']",Misafirinizin plaka bilgisi ve ziyaret saati nedir?
T-3833,Acilen SGK için hizmet dökümü belgesi rica ederim.,Hizmet Talebi (Service Request),İnsan Kaynakları,Bordro & Özlük,Özlük/Çalışma Belgesi Talebi,Yüksek,"{'cozum_basligi': 'Özlük/çalışma belgesi düzenleme', 'adimlar': ['Adım 1: Talep edilen belge türü ve kullanım amacı teyit edilir.', 'Adım 2: İK sistemi üzerinden güncel çalışan bilgileriyle belge hazırlanır.', 'Adım 3: Belge imzalandıktan sonra çalışana e-posta veya elden teslim edilir.'], 'self_service_uygun_mu': True}","['ad_soyad', 'sicil_no', 'belge_turu', 'kullanim_amaci']","Hangi belgeye ihtiyacınız var (çalışma belgesi, hizmet dökümü vb.) ve hangi amaçla kullanılacak?"
T-3834,Wifi ye baglanamiyorum Levent plaza 12. kat sürekli şifre hatası veriyor,Arıza (Incident),Bilgi Teknolojileri,Ağ/Network,Wi-Fi Bağlantı Sorunu,Düşük,"{'cozum_basligi': 'Wi-Fi bağlantı sorunu çözümü', 'adimlar': ['Adım 1: Cihazın Wi-Fi ayarları kapatılıp açılır, ağa yeniden bağlanılır.', 'Adım 2: Şifre doğru girildi mi ve sinyal gücü yeterli mi kontrol edilir.', 'Adım 3: Sorun sürüyorsa erişim noktası (AP) kontrolü için ticket açılır.'], 'self_service_uygun_mu': True}","['ofis_lokasyon', 'wifi_ag_adi']",Hangi ağa bağlanmaya çalışıyorsunuz ve hangi lokasyondasınız?
T-3835,"Rica etsem acil Formu onaylayacak kişi sistemde 'pasif kullanıcı' olarak görünüyor, işlem tıkandı. Teşekkür ederim şimdiden.",Arıza (Incident),Finans,Masraf & Ödeme,Onay Akışında Yönetici Görünmüyor Sorunu,Düşük,"{'cozum_basligi': 'Onay akışı yönetici ataması düzeltme süreci', 'adimlar': ['Adım 1: Organizasyon şemasında çalışanın tanımlı yöneticisi sistemden kontrol edilir.', 'Adım 2: Yönetici ayrılmış/değişmiş ise onay akışı güncel yöneticiye yeniden atanır.', 'Adım 3: Bekleyen tüm formlar yeni onay akışına manuel olarak yönlendirilir.'], 'self_service_uygun_mu': False}","['ad_soyad', 'form_no', 'eski_yonetici', 'yeni_yonetici']",Onay akışında hangi form takılı kaldı ve eski yöneticiniz mi hâlâ sistemde görünüyor?
T-3836,"3 Ağustos tarihinde evleniyorum, 3 günlük evlilik iznimi kullanmak istiyorum.",Hizmet Talebi (Service Request),İnsan Kaynakları,İzin Yönetimi,Evlilik İzni Talebi,Orta,"{'cozum_basligi': 'Evlilik izni tanımlama süreci', 'adimlar': ['Adım 1: Evlilik tarihi ve evlilik cüzdanı bilgisi talep edilir.', 'Adım 2: İş kanunu kapsamındaki 3 günlük evlilik izni sisteme tanımlanır.', 'Adım 3: Yönetici onayı sonrası izin takvime işlenir.'], 'self_service_uygun_mu': False}","['ad_soyad', 'evlilik_tarihi', 'izin_baslangic_tarihi']",Evlilik tarihiniz nedir ve izninizi ne zaman kullanmak istiyorsunuz?
T-3837,"Monitourm hic acilmiyor, Kadikoy ofis masamda.",Hizmet Talebi (Service Request),Bilgi Teknolojileri,Donanım,Monitör/Çevre Birimi Arızası,Yüksek,"{'cozum_basligi': 'Monitör/çevre birimi arıza tespiti', 'adimlar': ['Adım 1: Kablo bağlantıları (HDMI/VGA/güç) ve monitör güç düğmesi kontrol edilir.', 'Adım 2: Farklı bir kablo veya port ile test yapılır.', 'Adım 3: Arıza devam ediyorsa cihaz değişimi için IT saha ekibine ticket açılır.'], 'self_service_uygun_mu': True}","['cihaz_turu', 'kullanici_adi', 'ofis_lokasyon']","Sorun hangi çevre biriminde: monitör, klavye, mouse yoksa yazıcı mı?"
T-3838,"4 Mart tarihinde evleniyorum, 3 günlük evlilik iznimi kullanmak istiyorum.",Hizmet Talebi (Service Request),İnsan Kaynakları,İzin Yönetimi,Evlilik İzni Talebi,Yüksek,"{'cozum_basligi': 'Evlilik izni tanımlama süreci', 'adimlar': ['Adım 1: Evlilik tarihi ve evlilik cüzdanı bilgisi talep edilir.', 'Adım 2: İş kanunu kapsamındaki 3 günlük evlilik izni sisteme tanımlanır.', 'Adım 3: Yönetici onayı sonrası izin takvime işlenir.'], 'self_service_uygun_mu': False}","['ad_soyad', 'evlilik_tarihi', 'izin_baslangic_tarihi']",Evlilik tarihiniz nedir ve izninizi ne zaman kullanmak istiyorsunuz?
T-3839,"Kartal Matbaacılık firmasından gelmmesi gereken paket 3 gündür ulaşmadı, takip eder misiniz?",Bilgi Talebi (Information),İdari İşler,Satınalma/Malzeme,Kargo/Kurye Teslimat Takibi,Orta,"{'cozum_basligi': 'Kargo/kurye teslimat takibi', 'adimlar': ['Adım 1: Kargo takip numarası ve gönderici bilgisi ile kargo firması sistemi kontrol edilir.', 'Adım 2: Resepsiyon/depo teslim kaydı kontrol edilerek paketin durumu netleştirilir.', 'Adım 3: Paket bulunamıyorsa kargo firmasına resmi kayıp/gecikme bildirimi açılır.'], 'self_service_uygun_mu': True}","['gonderici_bilgisi', 'teslimat_lokasyonu']","Kargo ne zaman gönderildi, teslimat için beklediğiniz lokasyon neresi?"
T-3840,Outlook mailleri gelmiyor son 2 saattir hicbir mail almadim,Hizmet Talebi (Service Request),Bilgi Teknolojileri,Yazılım,Uygulama Hatası (Outlook/Teams/Excel vb.),Yüksek,"{'cozum_basligi': 'Uygulama hatası giderme', 'adimlar': ['Adım 1: Uygulama tamamen kapatılıp yeniden açılır, gerekirse bilgisayar yeniden başlatılır.', 'Adım 2: Uygulama güncellemesi kontrol edilir ve önbellek/geçici dosyalar temizlenir.', 'Adım 3: Hata devam ederse ekran görüntüsüyle birlikte yazılım destek ekibine ticket açılır.'], 'self_service_uygun_mu': True}","['uygulama_adi', 'isletim_sistemi', 'hata_ekran_goruntusu']","Hangi uygulamada ve tam olarak ne zaman bu hatayı alıyorsunuz, ekran görüntüsü paylaşabilir misiniz?"
T-3841,Lütfen acil Paylasimli klasore erisemiyorum yetki hatasi aliyorum Teşekkür ederim şimdiden.,Hizmet Talebi (Service Request),Bilgi Teknolojileri,Güvenlik ve Erişim,Sistem/Klasör Yetki Talebi,Orta,"{'cozum_basligi': 'Sistem/klasör yetki tanımlama süreci', 'adimlar': ['Adım 1: Talep, ilgili departman yöneticisinin onayına gönderilir.', 'Adım 2: Onay sonrası erişim, en az yetki prensibiyle tanımlanır.', 'Adım 3: Yetki tanımlandıktan sonra kullanıcıya bilgilendirme yapılır ve ticket kapatılır.'], 'self_service_uygun_mu': False}","['kullanici_adi', 'erisim_seviyesi', 'departman']",Okuma yetkisi mi yoksa yazma/düzenleme yetkisi mi gerekiyor?
T-3842,"Çok acil, Ebru Yıldız - fatura EUR olarak kesildi ama TL'ye çevrilirken güncel kur kullanılmamış sanırım. Teşekkür ederim şimdiden.",Arıza (Incident),Finans,Masraf & Ödeme,Döviz Kuru Farkı/Uyumsuzluğu,Düşük,"{'cozum_basligi': 'Döviz kuru farkı/uyumsuzluğu inceleme süreci', 'adimlar': ['Adım 1: Harcama tarihindeki resmi TCMB kuru ile sistemde kullanılan kur karşılaştırılır.', 'Adım 2: Fark tespit edilirse hangi kur kaynağının kullanıldığı muhasebe ile teyit edilir.', 'Adım 3: Hatalı hesaplama varsa düzeltme kaydı oluşturulur ve fark tazmin edilir.'], 'self_service_uygun_mu': False}","['ad_soyad', 'harcama_tarihi', 'doviz_tutar', 'kullanilan_kur']","Harcamanızın tarihini ve hangi döviz cinsinden olduğunu paylaşabilir misiniz, hangi kur baz alınmış görüyorsunuz?"
T-3843,"Laptobum şarj olmuyor gibi görünüyor, pil ikonu çıkmıyor ekranda. Ayrıca Klavyem de arada tuş basmıyor, onu da kontrol ettirmek isterim",Arıza (Incident),Bilgi Teknolojileri,Donanım,Bilgisayar Arıza/Onarım,Orta,"{'cozum_basligi': 'Bilgisayar donanım arızası ilk müdahale', 'adimlar': ['Adım 1: Cihaz kapatılıp yeniden başlatılır, güç kablosu ve bağlantılar kontrol edilir.', 'Adım 2: Uzaktan tanı aracıyla donanım sağlık testi çalıştırılır.', 'Adım 3: Sorun devam ederse yerinde teknik destek için ticket açılır ve teknisyen yönlendirilir.'], 'self_service_uygun_mu': True}","['cihaz_seri_no', 'kullanici_adi', 'ofis_lokasyon', 'ariza_baslangic_zamani']","Cihazınız hiç açılmıyor mu yoksa açılıp kapanıyor mu, ayrıca cihazın seri numarasını paylaşabilir misiniz?"
T-3844,Volkan Çetin - fatura EUR olarak kesildi ama TL'ye çevrilirken güncel kur kullanılmamış sanırım.,Bilgi Talebi (Information),Finans,Masraf & Ödeme,Döviz Kuru Farkı/Uyumsuzluğu,Düşük,"{'cozum_basligi': 'Döviz kuru farkı/uyumsuzluğu inceleme süreci', 'adimlar': ['Adım 1: Harcama tarihindeki resmi TCMB kuru ile sistemde kullanılan kur karşılaştırılır.', 'Adım 2: Fark tespit edilirse hangi kur kaynağının kullanıldığı muhasebe ile teyit edilir.', 'Adım 3: Hatalı hesaplama varsa düzeltme kaydı oluşturulur ve fark tazmin edilir.'], 'self_service_uygun_mu': False}","['ad_soyad', 'harcama_tarihi', 'doviz_tutar', 'kullanilan_kur']","Harcamanızın tarihini ve hangi döviz cinsinden olduğunu paylaşabilir misiniz, hangi kur baz alınmış görüyorsunuz?"
T-3845,"Ofisimizdeki koltuklar çok eskidi, ekip olaak değişim talep ediyoruz.",Hizmet Talebi (Service Request),İdari İşler,Satınalma/Malzeme,Ofis Mobilya Değişimi,Orta,"{'cozum_basligi': 'Ofis mobilyası değişim süreci', 'adimlar': ['Adım 1: Mevcut mobilyanın durumu değerlendirilir ve değişim gerekçesi kaydedilir.', 'Adım 2: Bütçe/onay süreci tamamlandıktan sonra satınalma talebi açılır.', 'Adım 3: Yeni mobilya teslim alınıp kurulumu yapılır, eski mobilya değişim için alınır.'], 'self_service_uygun_mu': False}","['mobilya_turu', 'ofis_lokasyon', 'degisim_gerekcesi']",Hangi mobilyanın değişmesini istiyorsunuz ve mevcut olanın sorunu nedir?
T-3846,"Outlook şifremin süresi doldu, yenileyemiyorum, sürekli hata veriyor.",Hizmet Talebi (Service Request),Bilgi Teknolojileri,Güvenlik ve Erişim,Şifre Sıfırlama,Orta,"{'cozum_basligi': 'Şifre sıfırlama işlemi', 'adimlar': ['Adım 1: Kimlik doğrulama (çalışan sicil no / kayıtlı e-posta) yapılır.', 'Adım 2: Self servis şifre sıfırlama portalı üzerinden geçici şifre oluşturulur.', 'Adım 3: Portal üzerinden çözülemiyorsa IT güvenlik ekibi manuel sıfırlama için ticket açar.'], 'self_service_uygun_mu': True}","['kullanici_adi', 'sicil_no', 'sistem_adi']",Şifrenizi mi unuttunuz yoksa hesabınız mı kilitlendi?
T-3847,"Mehmet Kara - geçen hafta evlendim, vergi indirimi için evlilik cüzdanımı ileteyim mi?",Hizmet Talebi (Service Request),İnsan Kaynakları,Bordro & Özlük,Evlilik Bildirimi,Yüksek,"{'cozum_basligi': 'Evlilik durum değişikliği kayıt süreci', 'adimlar': ['Adım 1: Evlilik cüzdanı fotokopisi/belgesi çalışandan talep edilir.', 'Adım 2: Medeni hal ve varsa soyadı bilgisi İK sisteminde güncellenir.', 'Adım 3: Vergi matrahı, SGK ve varsa özel sağlık sigortası kayıtları güncellenmesi için ilgili birimlere bilgi verilir.'], 'self_service_uygun_mu': False}","['ad_soyad', 'yeni_medeni_hal', 'es_bilgisi']","Evlilik tarihinizi ve evlilik cüzdanı belgesini paylaşabilir misiniz, medeni hal güncellemesi için gerekiyor?"
T-3848,Şifremi unuttum bigisayara giremiyorum,Arıza (Incident),Bilgi Teknolojileri,Güvenlik ve Erişim,Şifre Sıfırlama,Yüksek,"{'cozum_basligi': 'Şifre sıfırlama işlemi', 'adimlar': ['Adım 1: Kimlik doğrulama (çalışan sicil no / kayıtlı e-posta) yapılır.', 'Adım 2: Self servis şifre sıfırlama portalı üzerinden geçici şifre oluşturulur.', 'Adım 3: Portal üzerinden çözülemiyorsa IT güvenlik ekibi manuel sıfırlama için ticket açar.'], 'self_service_uygun_mu': True}","['kullanici_adi', 'kayitli_email']",Şifrenizi mi unuttunuz yoksa hesabınız mı kilitlendi?
T-3849,Lojistik için yeni bir proje yönetim yazılımı kurulumu talep ediyoruz.,Hizmet Talebi (Service Request),Bilgi Teknolojileri,Yazılım,Yazılım Lisans/Kurulum Talebi,Düşük,"{'cozum_basligi': 'Yazılım lisans/kurulum süreci', 'adimlar': ['Adım 1: Talep, lisans uygunluğu ve yönetici onayı için değerlendirilir.', 'Adım 2: Lisans anahtarı temin edilir veya mevcut lisans havuzundan atama yapılır.', 'Adım 3: Kurulum IT ekibi tarafından uzaktan veya yerinde gerçekleştirilir.'], 'self_service_uygun_mu': False}","['yazilim_adi', 'departman', 'lisans_suresi']",Hangi yazılımın lisansına/kurulumuna ihtiyacınız var ve bu talep yöneticiniz tarafından onaylandı mı?
T-3850,"CRM sistemine yeni giris yetkisi verilmesi gerekiyor, yoneticim Ayse Kara onaylayabilir.",Hizmet Talebi (Service Request),Bilgi Teknolojileri,Güvenlik ve Erişim,Sistem/Klasör Yetki Talebi,Düşük,"{'cozum_basligi': 'Sistem/klasör yetki tanımlama süreci', 'adimlar': ['Adım 1: Talep, ilgili departman yöneticisinin onayına gönderilir.', 'Adım 2: Onay sonrası erişim, en az yetki prensibiyle tanımlanır.', 'Adım 3: Yetki tanımlandıktan sonra kullanıcıya bilgilendirme yapılır ve ticket kapatılır.'], 'self_service_uygun_mu': False}","['kullanici_adi', 'erisim_seviyesi', 'departman']",Hangi klasöre veya sisteme erişim yetkisi talep ediyorsunuz ve yöneticinizin onayı var mı?
T-3851,"Lütfen acil EUR cinsinden kesilen faturada sistem otomatik TL'ye ceviriyor ama kur yanlis gorunuyor. Bu konuda epeydir mağdurum, lütfen hızlı dönüş yapar mısınız?",Arıza (Incident),Finans,Masraf & Ödeme,Çoklu Para Birimli Fatura Girişi,Düşük,"{'cozum_basligi': 'Çoklu para birimli fatura giriş desteği', 'adimlar': ['Adım 1: Faturanın orijinal para birimi ve tutarı doğrulanır.', 'Adım 2: ERP sisteminde ilgili para birimi tanımlı değilse muhasebe sistem ekibi tanımlama yapar.', 'Adım 3: Fatura, güncel kur ile TL karşılığı hesaplanarak sisteme işlenir.'], 'self_service_uygun_mu': False}","['fatura_no', 'tedarikci_adi', 'para_birimi', 'tutar']",Faturanın para birimi nedir (USD/EUR/GBP) ve sistemde bu para birimiyle giriş yapabiliyor musunuz?
T-3852,VPN şifemi doğru giriyorum ama 'yetkisiz erişim' hatası alıyorum.,Arıza (Incident),Bilgi Teknolojileri,Ağ/Network,VPN Erişim Sorunu,Yüksek,"{'cozum_basligi': 'VPN bağlantı sorunu çözümü', 'adimlar': ['Adım 1: VPN istemcisi güncel mi kontrol edilir, kullanıcı adı/şifre doğrulanır.', 'Adım 2: İnternet bağlantısı ve güvenlik duvarı ayarları kontrol edilir, istemci yeniden başlatılır.', 'Adım 3: Erişim devam etmiyorsa VPN sertifikası/erişim yetkisi için ticket açılır.'], 'self_service_uygun_mu': True}","['kullanici_adi', 'baglanti_lokasyonu', 'vpn_istemci_versiyonu']",Evden mi yoksa başka bir lokasyondan mı bağlanmaya çalışıyorsunuz?
T-3853,"Sandalyemin tekerleklerinden biri kirildi, oturmmasi sallaniyor.",Arıza (Incident),İdari İşler,Bina/Tesis Bakım,Ofis Mobilya Arızası (Ergonomik Masa/Koltuk),Orta,"{'cozum_basligi': 'Ergonomik mobilya arıza/bakım süreci', 'adimlar': ['Adım 1: Arızanın türü (mekanizma, yükseklik ayarı, tekerlek vb.) tespit edilir.', 'Adım 2: Bina bakım ekibi basit onarımı yerinde dener.', 'Adım 3: Onarılamıyorsa parça değişimi veya mobilya değişimi için satınalma sürecine yönlendirilir.'], 'self_service_uygun_mu': False}","['mobilya_turu', 'ofis_lokasyon', 'ariza_tanimi']","Koltuğunuzda mı yoksa masanızda mı sorun var, tam olarak ne arızalandı?"
T-3854,"Babam vefat etti, mazeret iznine ihtiyacım var aclien. Teşekkür ederim şimdiden.",Hizmet Talebi (Service Request),İnsan Kaynakları,İzin Yönetimi,Vefat/Mazeret İzni Talebi,Orta,"{'cozum_basligi': 'Vefat/mazeret izni tanımlama süreci', 'adimlar': ['Adım 1: Yakınlık derecesi ve vefat tarihi bilgisi alınır (mümkünse belge sonradan tamamlanabilir).', 'Adım 2: Yasal mazeret izni (1. derece yakın için 3 gün) sisteme derhal tanımlanır.', 'Adım 3: Yönetici bilgilendirilir, çalışanın dönüş tarihi takip edilir.'], 'self_service_uygun_mu': False}","['ad_soyad', 'yakinlik_derecesi', 'izin_baslangic_tarihi']","Başsağlığı dileriz, yakınlık dereceniz nedir ve izninizin ne zaman başlamasını istersiniz?"
T-3855,Fatura odemesi ne zaman yapilacak vadesi gecti sanirim,Bilgi Talebi (Information),Finans,Masraf & Ödeme,Fatura Ödeme Takibi,Orta,"{'cozum_basligi': 'Fatura ödeme durumu takibi', 'adimlar': ['Adım 1: Fatura numarası ile muhasebe/ERP sisteminde ödeme kaydı sorgulanır.', 'Adım 2: Ödeme planlanan tarih ve onay durumu kontrol edilir.', 'Adım 3: Gecikme varsa ödeme sorumlusuna hatırlatma yapılır ve tedarikçiye bilgi verilir.'], 'self_service_uygun_mu': True}","['fatura_no', 'tedarikci_adi', 'tutar']","Faturanın vade tarihi geçti mi, ne kadar süredir bekliyor?"
T-3856,"Bilgi Teknolojileri için dosya, zımba teli ve post-it talep ediyoruz.",Hizmet Talebi (Service Request),İdari İşler,Satınalma/Malzeme,Kırtasiye Malzeme Talebi,Düşük,"{'cozum_basligi': 'Kırtasiye malzeme temini', 'adimlar': ['Adım 1: Talep departman yöneticisi onayına iletilir.', 'Adım 2: Depo stoğundan malzemeler hazırlanır.', 'Adım 3: Malzemeler belirtilen teslimat lokasyonuna gönderilir.'], 'self_service_uygun_mu': False}","['malzeme_listesi_miktar', 'departman', 'teslimat_lokasyonu']","Hangi malzemelerden ne miktarda ihtiyacınız var, liste hâlinde belirtebilir misiniz?"
T-3857,"Çok acil, Isitma sistemi caliismiyor ofis buz gibi bu sabahtan beri",Arıza (Incident),İdari İşler,Bina/Tesis Bakım,Klima/Isıtma Arızası,Yüksek,"{'cozum_basligi': 'Klima/ısıtma sistemi arıza giderme', 'adimlar': ['Adım 1: Termostat ayarları ve cihazın açık olup olmadığı kontrol edilir.', 'Adım 2: Bina teknik ekibi filtre/gaz durumunu yerinde kontrol eder.', 'Adım 3: Kalıcı arıza tespit edilirse bakım/onarım için dış servis çağrılır.'], 'self_service_uygun_mu': False}","['ofis_lokasyon', 'cihaz_konumu', 'sorun_tanimi']","Klima hiç çalışmıyor mu yoksa soğutmuyor/ısıtmıyor mu, hangi bölgedesiniz?"
T-3858,"Nihan Öztüürk - maaş bordrosu ve çalışma belgesi ihtiyacım var, ev kirası için isteniyor.",Hizmet Talebi (Service Request),İnsan Kaynakları,Bordro & Özlük,Özlük/Çalışma Belgesi Talebi,Orta,"{'cozum_basligi': 'Özlük/çalışma belgesi düzenleme', 'adimlar': ['Adım 1: Talep edilen belge türü ve kullanım amacı teyit edilir.', 'Adım 2: İK sistemi üzerinden güncel çalışan bilgileriyle belge hazırlanır.', 'Adım 3: Belge imzalandıktan sonra çalışana e-posta veya elden teslim edilir.'], 'self_service_uygun_mu': True}","['ad_soyad', 'sicil_no', 'belge_turu', 'kullanim_amaci']","Hangi belgeye ihtiyacınız var (çalışma belgesi, hizmet dökümü vb.) ve hangi amaçla kullanılacak?"
T-3859,Yusuf Kara - 5 günllük babalık iznim için doğum raporunu ekliyorum.,Hizmet Talebi (Service Request),İnsan Kaynakları,İzin Yönetimi,Babalık İzni Talebi,Orta,"{'cozum_basligi': 'Babalık izni tanımlama süreci', 'adimlar': ['Adım 1: Doğum tarihi ve doğum belgesi/raporu talep edilir.', 'Adım 2: Yasal 5 günlük babalık izni sisteme tanımlanır.', 'Adım 3: İzin yöneticiye bilgi amaçlı bildirilir ve takvime işlenir.'], 'self_service_uygun_mu': False}","['ad_soyad', 'dogum_tarihi', 'izin_baslangic_tarihi']","Bebeğinizin doğum tarihi nedir, izninizi doğumdan itibaren mi başlatmak istersiniz?"
T-3860,"Kartım çalındı sanırım, 2 Haziran akşamı otobüste kaybettim.",Hizmet Talebi (Service Request),İdari İşler,Güvenlik & Ulaşım,Kayıp Giriş Kartı,Orta,"{'cozum_basligi': 'Kayıp giriş kartı iptal ve yeniden basım süreci', 'adimlar': ['Adım 1: Kayıp kart derhal sistem üzerinden iptal edilir, güvenlik riski önlenir.', 'Adım 2: Kimlik doğrulaması sonrası yeni kart basım talebi oluşturulur.', 'Adım 3: Yeni kart resepsiyon/güvenlik biriminden teslim alınır.'], 'self_service_uygun_mu': False}","['ad_soyad', 'sicil_no', 'kayip_tarihi']","Kartınızı en son ne zaman ve nerede kullandığınızı hatırlıyor musunuz, kaybolduğunu mu düşünüyorsunuz?"
T-3861,"5. kat açık ofis'daki koltuğum çok yıpranmış, sırt desteği tamamen çökmüş, bel ağrım oluyor artık. Gerçekten çok sıkıntı oluyor, bir an önce ilgilenirseniz sevinirim.",Arıza (Incident),İdari İşler,Bina/Tesis Bakım,Ofis Mobilya Arızası (Ergonomik Masa/Koltuk),Orta,"{'cozum_basligi': 'Ergonomik mobilya arıza/bakım süreci', 'adimlar': ['Adım 1: Arızanın türü (mekanizma, yükseklik ayarı, tekerlek vb.) tespit edilir.', 'Adım 2: Bina bakım ekibi basit onarımı yerinde dener.', 'Adım 3: Onarılamıyorsa parça değişimi veya mobilya değişimi için satınalma sürecine yönlendirilir.'], 'self_service_uygun_mu': False}","['mobilya_turu', 'ofis_lokasyon', 'ariza_tanimi']","Koltuğunuzda mı yoksa masanızda mı sorun var, tam olarak ne arızalandı?"
T-3862,Lütfen acil Cansu Aslaan - yöneticim departman değiştirdi ama sistemde hâlâ eski yöneticim onaycı olarak görünüyor. Ne zaman çözülür acaba?,Arıza (Incident),Finans,Masraf & Ödeme,Onay Akışında Yönetici Görünmüyor Sorunu,Düşük,"{'cozum_basligi': 'Onay akışı yönetici ataması düzeltme süreci', 'adimlar': ['Adım 1: Organizasyon şemasında çalışanın tanımlı yöneticisi sistemden kontrol edilir.', 'Adım 2: Yönetici ayrılmış/değişmiş ise onay akışı güncel yöneticiye yeniden atanır.', 'Adım 3: Bekleyen tüm formlar yeni onay akışına manuel olarak yönlendirilir.'], 'self_service_uygun_mu': False}","['ad_soyad', 'form_no', 'eski_yonetici', 'yeni_yonetici']",Onay akışında hangi form takılı kaldı ve eski yöneticiniz mi hâlâ sistemde görünüyor?
T-3863,"Barış Kaya - servis durağımın değiştirilmesini talep ediyorum, ev taşındı. Teşekkür ederim şimdiden.",Hizmet Talebi (Service Request),İdari İşler,Güvenlik & Ulaşım,Servis Güzergah Talebi,Yüksek,"{'cozum_basligi': 'Personel servis güzergahı düzenleme', 'adimlar': ['Adım 1: Talep edilen adres mevcut güzergahlara uygunluk açısından incelenir.', 'Adım 2: Ulaşım/idari işler ekibi güzergah planlamasını günceller.', 'Adım 3: Yeni güzergah bilgisi çalışana ve servis şoförüne iletilir.'], 'self_service_uygun_mu': False}","['ev_adresi', 'mevcut_hat_no', 'talep_turu']",Mevcut servis güzergahınızda mı değişiklik istiyorsunuz yoksa yeni bir durak mı ekleniyor?
T-3864,"Asansör çok yavaş çalışıyor, bazen katta durup açılmıyor.",Arıza (Incident),İdari İşler,Bina/Tesis Bakım,Bina İçi Teknik Bakım Talebi,Düşük,"{'cozum_basligi': 'Genel bina içi teknik bakım süreci', 'adimlar': ['Adım 1: Talep bina teknik bakım ekibine iletilir ve önceliklendirilir.', 'Adım 2: Uygun teknisyen belirlenen lokasyona yönlendirilir.', 'Adım 3: Bakım/onarım tamamlandıktan sonra talep sahibine bilgi verilir.'], 'self_service_uygun_mu': False}","['ofis_lokasyon', 'sorun_tanimi', 'uygun_zaman_araligi']","Sorun tam olarak nedir ve hangi alanda (kapı, su tesisatı, asansör vb.) yaşanıyor?"
T-3865,Cansu Kurt - yurtdışı proje nedeniyle kart limitimin geçici olarak artırılmasını rica ederim.,Hizmet Talebi (Service Request),Finans,Masraf & Ödeme,Kurumsal Kredi Kartı Limit Artırımı,Yüksek,"{'cozum_basligi': 'Kurumsal kredi kartı limit artırım süreci', 'adimlar': ['Adım 1: Mevcut limit, kullanım geçmişi ve talep gerekçesi kaydedilir.', 'Adım 2: Yönetici ve finans müdürü onayına gönderilir.', 'Adım 3: Onay sonrası banka ile limit artırım talebi iletilir ve süreç takip edilir.'], 'self_service_uygun_mu': False}","['ad_soyad', 'mevcut_limit', 'talep_edilen_limit', 'gerekce']","Mevcut kart limitiniz nedir ve ne kadar artış talep ediyorsunuz, gerekçeniz nedir?"
T-3866,"PowerPoint programı çok yavaş açılıyor, bazen hiç yanıt vermiyor.",Arıza (Incident),Bilgi Teknolojileri,Yazılım,Uygulama Hatası (Outlook/Teams/Excel vb.),Orta,"{'cozum_basligi': 'Uygulama hatası giderme', 'adimlar': ['Adım 1: Uygulama tamamen kapatılıp yeniden açılır, gerekirse bilgisayar yeniden başlatılır.', 'Adım 2: Uygulama güncellemesi kontrol edilir ve önbellek/geçici dosyalar temizlenir.', 'Adım 3: Hata devam ederse ekran görüntüsüyle birlikte yazılım destek ekibine ticket açılır.'], 'self_service_uygun_mu': True}","['uygulama_adi', 'isletim_sistemi', 'hata_ekran_goruntusu']","Hangi uygulamada ve tam olarak ne zaman bu hatayı alıyorsunuz, ekran görüntüsü paylaşabilir misiniz?"
T-3867,Excel de makro calistiramiyorum ek modul mi lazim bilmiyorum,Bilgi Talebi (Information),Bilgi Teknolojileri,Yazılım,Yazılım Lisans/Kurulum Talebi,Düşük,"{'cozum_basligi': 'Yazılım lisans/kurulum süreci', 'adimlar': ['Adım 1: Talep, lisans uygunluğu ve yönetici onayı için değerlendirilir.', 'Adım 2: Lisans anahtarı temin edilir veya mevcut lisans havuzundan atama yapılır.', 'Adım 3: Kurulum IT ekibi tarafından uzaktan veya yerinde gerçekleştirilir.'], 'self_service_uygun_mu': False}","['yazilim_adi', 'departman', 'lisans_suresi']",Yeni bir kurulum mu yoksa mevcut lisansın yenilenmesi mi gerekiyor?
T-3868,"Toplantı Odası B'da clickshare ekrana bağlanmıyor, 10 dakikaya toplantımız var acil!",Arıza (Incident),İdari İşler,Ofis Ekipmanı,Toplantı Odası Ekipman Arızası (ClickShare/Projeksiyon),Yüksek,"{'cozum_basligi': 'Toplantı odası ekran/görüntü aktarım arızası giderme', 'adimlar': ['Adım 1: ClickShare/HDMI kablosu ve cihazın güç bağlantısı kontrol edilir.', 'Adım 2: Ekran/projeksiyon cihazı yeniden başlatılır, giriş kaynağı kontrol edilir.', 'Adım 3: Sorun devam ederse toplantı öncesi acil teknik destek için ticket açılır.'], 'self_service_uygun_mu': True}","['oda_adi', 'ekipman_turu', 'toplanti_saati']",Hangi toplantı odasından bahsediyorsunuz ve toplantınız ne zaman başlıyor?
T-3869,Tedarikçi firmadan gelecek kişi için otopark yer ayrılabilir mi 13 Temmuz?,Hizmet Talebi (Service Request),İdari İşler,Güvenlik & Ulaşım,Misafir Otopark İzni,Orta,"{'cozum_basligi': 'Misafir otopark giriş izni tanımlama', 'adimlar': ['Adım 1: Misafirin plaka bilgisi ve ziyaret tarihi/saati alınır.', 'Adım 2: Güvenlik birimine otopark giriş izni tanımlanır.', 'Adım 3: Misafir giriş yaptığında güvenlik plaka üzerinden yönlendirme yapar.'], 'self_service_uygun_mu': False}","['misafir_ad_soyad', 'plaka_no', 'ziyaret_tarihi_saati']",Misafirinizin plaka bilgisi ve ziyaret saati nedir?
T-3870,Vpn baglantisi cok yavas dosyalara erismek imkansiz hale geldi,Arıza (Incident),Bilgi Teknolojileri,Ağ/Network,VPN Erişim Sorunu,Orta,"{'cozum_basligi': 'VPN bağlantı sorunu çözümü', 'adimlar': ['Adım 1: VPN istemcisi güncel mi kontrol edilir, kullanıcı adı/şifre doğrulanır.', 'Adım 2: İnternet bağlantısı ve güvenlik duvarı ayarları kontrol edilir, istemci yeniden başlatılır.', 'Adım 3: Erişim devam etmiyorsa VPN sertifikası/erişim yetkisi için ticket açılır.'], 'self_service_uygun_mu': True}","['kullanici_adi', 'cihaz_turu', 'hata_mesaji']",Evden mi yoksa başka bir lokasyondan mı bağlanmaya çalışıyorsunuz?
T-3871,"Merve Kurt - evlilik iznim icin gerekli evrak nedir, nikah tarihimiz 2 Mart.",Hizmet Talebi (Service Request),İnsan Kaynakları,İzin Yönetimi,Evlilik İzni Talebi,Düşük,"{'cozum_basligi': 'Evlilik izni tanımlama süreci', 'adimlar': ['Adım 1: Evlilik tarihi ve evlilik cüzdanı bilgisi talep edilir.', 'Adım 2: İş kanunu kapsamındaki 3 günlük evlilik izni sisteme tanımlanır.', 'Adım 3: Yönetici onayı sonrası izin takvime işlenir.'], 'self_service_uygun_mu': False}","['ad_soyad', 'evlilik_tarihi', 'izin_baslangic_tarihi']",Evlilik tarihiniz nedir ve izninizi ne zaman kullanmak istiyorsunuz?
T-3872,"Seyahat masrafım 1,409.47 EUR olarak girildi ama kur yanlış hesaplanmış görünüyor.",Bilgi Talebi (Information),Finans,Masraf & Ödeme,Döviz Kuru Farkı/Uyumsuzluğu,Yüksek,"{'cozum_basligi': 'Döviz kuru farkı/uyumsuzluğu inceleme süreci', 'adimlar': ['Adım 1: Harcama tarihindeki resmi TCMB kuru ile sistemde kullanılan kur karşılaştırılır.', 'Adım 2: Fark tespit edilirse hangi kur kaynağının kullanıldığı muhasebe ile teyit edilir.', 'Adım 3: Hatalı hesaplama varsa düzeltme kaydı oluşturulur ve fark tazmin edilir.'], 'self_service_uygun_mu': False}","['ad_soyad', 'harcama_tarihi', 'doviz_tutar', 'kullanilan_kur']","Harcamanızın tarihini ve hangi döviz cinsinden olduğunu paylaşabilir misiniz, hangi kur baz alınmış görüyorsunuz?"
T-3873,"CRM servisi 502 hatası veriyor, satış ekibi işlem yapamıyor.",Arıza (Incident),Bilgi Teknolojileri,Sunucu/Sistem,Sunucu/Servis Kesintisi,Kritik,"{'cozum_basligi': 'Sunucu/servis kesintisi acil müdahale', 'adimlar': ['Adım 1: Sunucu/servis durumu izleme panelinden kontrol edilir, etkilenen servisler belirlenir.', 'Adım 2: Sunucu ekibi tarafından servis yeniden başlatılır veya yük devretme (failover) uygulanır.', 'Adım 3: Kök neden analizi için kritik öncelikli ticket açılır ve ilgili birimlere bilgi verilir.'], 'self_service_uygun_mu': False}","['sunucu_adi', 'hata_kodu', 'etki_alani']","Hangi sistem/servis erişilemiyor ve kaç kullanıcıyı etkiliyor, sorun ne zaman başladı?"
T-3874,"SAP sifremi unuttum, sifirlama linki de geelmiyor mailime.",Arıza (Incident),Bilgi Teknolojileri,Güvenlik ve Erişim,Şifre Sıfırlama,Orta,"{'cozum_basligi': 'Şifre sıfırlama işlemi', 'adimlar': ['Adım 1: Kimlik doğrulama (çalışan sicil no / kayıtlı e-posta) yapılır.', 'Adım 2: Self servis şifre sıfırlama portalı üzerinden geçici şifre oluşturulur.', 'Adım 3: Portal üzerinden çözülemiyorsa IT güvenlik ekibi manuel sıfırlama için ticket açar.'], 'self_service_uygun_mu': True}","['kullanici_adi', 'kayitli_email']",Şifrenizi mi unuttunuz yoksa hesabınız mı kilitlendi?
T-3875,"Lütfen acil İnternet bağlantım çok yavaş, sayfalar açılmıyor neredeyse hiç. Bu konuda epeydir mağdurum, lütfen hızlı dönüş yapar mısınız?",Arıza (Incident),Bilgi Teknolojileri,Ağ/Network,İnternet Bağlantı Sorunu,Düşük,"{'cozum_basligi': 'İnternet bağlantı arızası ilk müdahale', 'adimlar': ['Adım 1: Modem/router yeniden başlatılır, kablo bağlantıları kontrol edilir.', 'Adım 2: Farklı bir cihaz veya prizden bağlantı test edilir.', 'Adım 3: Sorun devam ederse altyapı ekibine ticket açılır ve etkilenen kişi sayısı raporlanır.'], 'self_service_uygun_mu': True}","['ofis_lokasyon', 'internet_saglayici_bilgisi']","İnternet hiç mi yok yoksa çok mu yavaş, ayrıca sadece siz mi etkileniyorsunuz yoksa tüm kat mı?"
T-3876,"Projeksiyon cihazı görüntü vermiyor, Toplantı Odaası A'dayız şu an.",Arıza (Incident),İdari İşler,Ofis Ekipmanı,Toplantı Odası Ekipman Arızası (ClickShare/Projeksiyon),Orta,"{'cozum_basligi': 'Toplantı odası ekran/görüntü aktarım arızası giderme', 'adimlar': ['Adım 1: ClickShare/HDMI kablosu ve cihazın güç bağlantısı kontrol edilir.', 'Adım 2: Ekran/projeksiyon cihazı yeniden başlatılır, giriş kaynağı kontrol edilir.', 'Adım 3: Sorun devam ederse toplantı öncesi acil teknik destek için ticket açılır.'], 'self_service_uygun_mu': True}","['oda_adi', 'hata_tanimi']",Hangi toplantı odasından bahsediyorsunuz ve toplantınız ne zaman başlıyor?
T-3877,"Yeni IBAN bilgisi geldi ama resmi yazı olmadan sistemde güncelleyemiyoruz, tedarikçiden evrak istenmeli.",Hizmet Talebi (Service Request),Finans,Masraf & Ödeme,Tedarikçi IBAN/Vade Mutabakatı,Orta,"{'cozum_basligi': 'Tedarikçi IBAN/vade mutabakat süreci', 'adimlar': ['Adım 1: Tedarikçinin sistemde kayıtlı IBAN ve vade koşulları kontrol edilir.', 'Adım 2: Tedarikçiden güncel IBAN/vade bilgisini teyit eden resmi yazı istenir.', 'Adım 3: Bilgiler güncellendikten sonra mutabakat formu karşılıklı imzalanarak kapatılır.'], 'self_service_uygun_mu': False}","['tedarikci_adi', 'vade_gun_sayisi']",Tedarikçinin IBAN bilgisi mi değişti yoksa vade koşullarında bir anlaşmazlık mı var?
T-3878,ERP modülünde stok sorgusu yaparken 'erişim reddedildi' hatası çıkıyor.,Arıza (Incident),Bilgi Teknolojileri,Sunucu/Sistem,Veritabanı Erişim Hatası,Yüksek,"{'cozum_basligi': 'Veritabanı erişim hatası çözümü', 'adimlar': ['Adım 1: Kullanıcının veritabanı bağlantı ayarları ve yetkileri kontrol edilir.', 'Adım 2: Veritabanı servisinin çalışır durumda olup olmadığı sistem ekibince doğrulanır.', 'Adım 3: Yetki/bağlantı sorunu devam ediyorsa veritabanı yöneticisine (DBA) ticket yönlendirilir.'], 'self_service_uygun_mu': False}","['uygulama_adi', 'hata_kodu', 'erisim_zamani']",Hangi uygulama/veritabanına erişmeye çalışıyorsunuz ve tam hata mesajı nedir?
T-3879,Toner bitti acil İzmir şube,Hizmet Talebi (Service Request),İdari İşler,Ofis Ekipmanı,Toner/Kartuş Talebi,Düşük,"{'cozum_basligi': 'Toner/kartuş temin süreci', 'adimlar': ['Adım 1: Depo stok durumu kontrol edilir.', 'Adım 2: Uygun toner/kartuş belirtilen yazıcı lokasyonuna teslim edilir.', 'Adım 3: Stokta bulunmuyorsa satınalma süreci tetiklenir ve tahmini teslim süresi bildirilir.'], 'self_service_uygun_mu': False}","['yazici_lokasyon', 'yazici_marka_model', 'toner_kartus_kodu']","Yazıcının marka ve modeli nedir, doğru toner kodunu belirleyebilmemiz için gerekli?"
T-3880,Ugur Özturk - 5 gunluk babalik iznim iin dogum raporunu ekliyorum.,Hizmet Talebi (Service Request),İnsan Kaynakları,İzin Yönetimi,Babalık İzni Talebi,Orta,"{'cozum_basligi': 'Babalık izni tanımlama süreci', 'adimlar': ['Adım 1: Doğum tarihi ve doğum belgesi/raporu talep edilir.', 'Adım 2: Yasal 5 günlük babalık izni sisteme tanımlanır.', 'Adım 3: İzin yöneticiye bilgi amaçlı bildirilir ve takvime işlenir.'], 'self_service_uygun_mu': False}","['ad_soyad', 'dogum_tarihi', 'izin_baslangic_tarihi']","Bebeğinizin doğum tarihi nedir, izninizi doğumdan itibaren mi başlatmak istersiniz?"
T-3881,"CRM sistemi açılırken hata veriyor, sürekli çöküyor.",Arıza (Incident),Bilgi Teknolojileri,Yazılım,Uygulama Hatası (Outlook/Teams/Excel vb.),Orta,"{'cozum_basligi': 'Uygulama hatası giderme', 'adimlar': ['Adım 1: Uygulama tamamen kapatılıp yeniden açılır, gerekirse bilgisayar yeniden başlatılır.', 'Adım 2: Uygulama güncellemesi kontrol edilir ve önbellek/geçici dosyalar temizlenir.', 'Adım 3: Hata devam ederse ekran görüntüsüyle birlikte yazılım destek ekibine ticket açılır.'], 'self_service_uygun_mu': True}","['uygulama_adi', 'hata_mesaji', 'kullanici_adi']","Hangi uygulamada ve tam olarak ne zaman bu hatayı alıyorsunuz, ekran görüntüsü paylaşabilir misiniz?"
T-3882,"Acilen Fotokopi makinesi çalışmıyor, tuşlara basınca tepki vermiyor.",Arıza (Incident),İdari İşler,Ofis Ekipmanı,Yazıcı/Fotokopi Arıza Bildirimi,Yüksek,"{'cozum_basligi': 'Yazıcı/fotokopi arıza giderme', 'adimlar': ['Adım 1: Kağıt sıkışması, kapak açık kalması gibi görünür arızalar kontrol edilir.', 'Adım 2: Cihaz yeniden başlatılır ve sürücü/bağlantı ayarları kontrol edilir.', 'Adım 3: Sorun devam ederse teknik servis çağrısı için ticket açılır.'], 'self_service_uygun_mu': True}","['yazici_lokasyon', 'hata_kodu']","Yazıcı hiç çalışmıyor mu, kağıt mı sıkıştı yoksa çıktı kalitesi mi kötü?"
T-3883,"Rica etsem acil Bilgisayarıma Adobe Acrobat kurulması lazım, PDF düzenlemem gerekiyor işim için.",Bilgi Talebi (Information),Bilgi Teknolojileri,Yazılım,Yazılım Lisans/Kurulum Talebi,Orta,"{'cozum_basligi': 'Yazılım lisans/kurulum süreci', 'adimlar': ['Adım 1: Talep, lisans uygunluğu ve yönetici onayı için değerlendirilir.', 'Adım 2: Lisans anahtarı temin edilir veya mevcut lisans havuzundan atama yapılır.', 'Adım 3: Kurulum IT ekibi tarafından uzaktan veya yerinde gerçekleştirilir.'], 'self_service_uygun_mu': False}","['yazilim_adi', 'departman', 'lisans_suresi']",Hangi yazılımın lisansına/kurulumuna ihtiyacınız var ve bu talep yöneticiniz tarafından onaylandı mı?
T-3884,"Aylin Çetin - Yıldız Elektronik A.Ş. ile yıl sonu mutabakatı yapmamız gerekiyor, bakiyeler tutmuyor.",Bilgi Talebi (Information),Finans,Masraf & Ödeme,Tedarikçi IBAN/Vade Mutabakatı,Orta,"{'cozum_basligi': 'Tedarikçi IBAN/vade mutabakat süreci', 'adimlar': ['Adım 1: Tedarikçinin sistemde kayıtlı IBAN ve vade koşulları kontrol edilir.', 'Adım 2: Tedarikçiden güncel IBAN/vade bilgisini teyit eden resmi yazı istenir.', 'Adım 3: Bilgiler güncellendikten sonra mutabakat formu karşılıklı imzalanarak kapatılır.'], 'self_service_uygun_mu': False}","['tedarikci_adi', 'mevcut_iban', 'yeni_iban_bilgisi']",Tedarikçinin IBAN bilgisi mi değişti yoksa vade koşullarında bir anlaşmazlık mı var?
T-3885,"Lütfen acil Şifremi unuttum bilgisaayara giremiyorum Bu konuda epeydir mağdurum, lütfen hızlı dönüş yapar mısınız?",Hizmet Talebi (Service Request),Bilgi Teknolojileri,Güvenlik ve Erişim,Şifre Sıfırlama,Orta,"{'cozum_basligi': 'Şifre sıfırlama işlemi', 'adimlar': ['Adım 1: Kimlik doğrulama (çalışan sicil no / kayıtlı e-posta) yapılır.', 'Adım 2: Self servis şifre sıfırlama portalı üzerinden geçici şifre oluşturulur.', 'Adım 3: Portal üzerinden çözülemiyorsa IT güvenlik ekibi manuel sıfırlama için ticket açar.'], 'self_service_uygun_mu': True}","['kullanici_adi', 'kayitli_email']",Şifrenizi mi unuttunuz yoksa hesabınız mı kilitlendi?
T-3886,"Kurumsal kredi kartı limitim yetmiyor, seyahatlerde süreklli aşım yapıyorum. Gerçekten çok sıkıntı oluyor, bir an önce ilgilenirseniz sevinirim.",Hizmet Talebi (Service Request),Finans,Masraf & Ödeme,Kurumsal Kredi Kartı Limit Artırımı,Orta,"{'cozum_basligi': 'Kurumsal kredi kartı limit artırım süreci', 'adimlar': ['Adım 1: Mevcut limit, kullanım geçmişi ve talep gerekçesi kaydedilir.', 'Adım 2: Yönetici ve finans müdürü onayına gönderilir.', 'Adım 3: Onay sonrası banka ile limit artırım talebi iletilir ve süreç takip edilir.'], 'self_service_uygun_mu': False}","['ad_soyad', 'mevcut_limit', 'talep_edilen_limit', 'gerekce']","Mevcut kart limitiniz nedir ve ne kadar artış talep ediyorsunuz, gerekçeniz nedir?"
T-3887,"Çok acil, Masraf formumu doldurdum ama sistemde hala taslak görünüyor, gönderemedim. Ne zaman çözülür acaba?",Hizmet Talebi (Service Request),Finans,Masraf & Ödeme,Masraf/Harcama Formu Onayı,Orta,"{'cozum_basligi': 'Masraf/harcama formu onay süreci takibi', 'adimlar': ['Adım 1: Formun onay akışındaki mevcut adımı (yönetici/finans) sistemden kontrol edilir.', 'Adım 2: Bekleyen onaycıya hatırlatma bildirimi gönderilir.', 'Adım 3: Onay gecikmesi devam ederse finans ekibi manuel müdahale için ticket açar.'], 'self_service_uygun_mu': True}","['ad_soyad', 'harcama_tarihi', 'tutar']",Form kaç gündür bekliyor ve onay akışında şu an kimde bekliyor biliyor musunuz?
T-3888,"Masraf formumu doldurdum ama sistemde hala taslak görünüyor, göndermedim.",Hizmet Talebi (Service Request),Finans,Masraf & Ödeme,Masraf/Harcama Formu Onayı,Yüksek,"{'cozum_basligi': 'Masraf/harcama formu onay süreci takibi', 'adimlar': ['Adım 1: Formun onay akışındaki mevcut adımı (yönetici/finans) sistemden kontrol edilir.', 'Adım 2: Bekleyen onaycıya hatırlatma bildirimi gönderilir.', 'Adım 3: Onay gecikmesi devam ederse finans ekibi manuel müdahale için ticket açar.'], 'self_service_uygun_mu': True}","['form_no', 'tutar', 'onay_bekleyen_kisi']",Form kaç gündür bekliyor ve onay akışında şu an kimde bekliyor biliyor musunuz?
T-3889,"Ebru Şahin - evlilik iznim için gerekli evrak nedir, nikah tarihimiz 26 Mayıs.",Hizmet Talebi (Service Request),İnsan Kaynakları,İzin Yönetimi,Evlilik İzni Talebi,Orta,"{'cozum_basligi': 'Evlilik izni tanımlama süreci', 'adimlar': ['Adım 1: Evlilik tarihi ve evlilik cüzdanı bilgisi talep edilir.', 'Adım 2: İş kanunu kapsamındaki 3 günlük evlilik izni sisteme tanımlanır.', 'Adım 3: Yönetici onayı sonrası izin takvime işlenir.'], 'self_service_uygun_mu': False}","['ad_soyad', 'evlilik_tarihi', 'izin_baslangic_tarihi']",Evlilik tarihiniz nedir ve izninizi ne zaman kullanmak istiyorsunuz?
T-3890,"Kayseri fabrika ofisi yazıcısının toneri neredeyse bitti, yedek talep ediyorum.",Hizmet Talebi (Service Request),İdari İşler,Ofis Ekipmanı,Toner/Kartuş Talebi,Düşük,"{'cozum_basligi': 'Toner/kartuş temin süreci', 'adimlar': ['Adım 1: Depo stok durumu kontrol edilir.', 'Adım 2: Uygun toner/kartuş belirtilen yazıcı lokasyonuna teslim edilir.', 'Adım 3: Stokta bulunmuyorsa satınalma süreci tetiklenir ve tahmini teslim süresi bildirilir.'], 'self_service_uygun_mu': False}","['yazici_lokasyon', 'yazici_marka_model', 'toner_kartus_kodu']","Yazıcının marka ve modeli nedir, doğru toner kodunu belirleyebilmemiz için gerekli?"
T-3891,"Seda Çetin - masaüstü bilgsiayarımın fanı çok ses yapıyor ve ısınıyor, dikkatimi dağıtıyor. İşlerim çok aksıyor, acil çözüm bekliyorum.",Arıza (Incident),Bilgi Teknolojileri,Donanım,Bilgisayar Arıza/Onarım,Düşük,"{'cozum_basligi': 'Bilgisayar donanım arızası ilk müdahale', 'adimlar': ['Adım 1: Cihaz kapatılıp yeniden başlatılır, güç kablosu ve bağlantılar kontrol edilir.', 'Adım 2: Uzaktan tanı aracıyla donanım sağlık testi çalıştırılır.', 'Adım 3: Sorun devam ederse yerinde teknik destek için ticket açılır ve teknisyen yönlendirilir.'], 'self_service_uygun_mu': True}","['cihaz_seri_no', 'kullanici_adi', 'ofis_lokasyon', 'ariza_baslangic_zamani']",Sorun ne zaman başladı ve hangi lokasyondaki cihazdan bahsediyoruz?
T-3892,Bebegimiz dogdu babalik iznimi kullanmak istiyorum 26 Haziran den itibaren,Hizmet Talebi (Service Request),İnsan Kaynakları,İzin Yönetimi,Babalık İzni Talebi,Yüksek,"{'cozum_basligi': 'Babalık izni tanımlama süreci', 'adimlar': ['Adım 1: Doğum tarihi ve doğum belgesi/raporu talep edilir.', 'Adım 2: Yasal 5 günlük babalık izni sisteme tanımlanır.', 'Adım 3: İzin yöneticiye bilgi amaçlı bildirilir ve takvime işlenir.'], 'self_service_uygun_mu': False}","['ad_soyad', 'dogum_tarihi', 'izin_baslangic_tarihi']","Bebeğinizin doğum tarihi nedir, izninizi doğumdan itibaren mi başlatmak istersiniz?"
T-3893,Acilen Evden baglanamiyorum vpn e sürekli haat veriyor,Arıza (Incident),Bilgi Teknolojileri,Ağ/Network,VPN Erişim Sorunu,Orta,"{'cozum_basligi': 'VPN bağlantı sorunu çözümü', 'adimlar': ['Adım 1: VPN istemcisi güncel mi kontrol edilir, kullanıcı adı/şifre doğrulanır.', 'Adım 2: İnternet bağlantısı ve güvenlik duvarı ayarları kontrol edilir, istemci yeniden başlatılır.', 'Adım 3: Erişim devam etmiyorsa VPN sertifikası/erişim yetkisi için ticket açılır.'], 'self_service_uygun_mu': True}","['kullanici_adi', 'cihaz_turu', 'hata_mesaji']",Evden mi yoksa başka bir lokasyondan mı bağlanmaya çalışıyorsunuz?
T-3894,VPN şifremi doğru giiryorum ama 'yetkisiz erişim' hatası alıyorum. Ne zaman çözülür acaba?,Arıza (Incident),Bilgi Teknolojileri,Ağ/Network,VPN Erişim Sorunu,Yüksek,"{'cozum_basligi': 'VPN bağlantı sorunu çözümü', 'adimlar': ['Adım 1: VPN istemcisi güncel mi kontrol edilir, kullanıcı adı/şifre doğrulanır.', 'Adım 2: İnternet bağlantısı ve güvenlik duvarı ayarları kontrol edilir, istemci yeniden başlatılır.', 'Adım 3: Erişim devam etmiyorsa VPN sertifikası/erişim yetkisi için ticket açılır.'], 'self_service_uygun_mu': True}","['kullanici_adi', 'cihaz_turu', 'hata_mesaji']",VPN'e hiç bağlanamıyor musunuz yoksa bağlanıp kısa süre sonra mı düşüyorsunuz? Bir hata mesajı görüyor musunuz?
T-3895,Yazıcı kağıt sıkıştırıyor sürekli 5. kat açık ofis,Arıza (Incident),İdari İşler,Ofis Ekipmanı,Yazıcı/Fotokopi Arıza Bildirimi,Orta,"{'cozum_basligi': 'Yazıcı/fotokopi arıza giderme', 'adimlar': ['Adım 1: Kağıt sıkışması, kapak açık kalması gibi görünür arızalar kontrol edilir.', 'Adım 2: Cihaz yeniden başlatılır ve sürücü/bağlantı ayarları kontrol edilir.', 'Adım 3: Sorun devam ederse teknik servis çağrısı için ticket açılır.'], 'self_service_uygun_mu': True}","['yazici_lokasyon', 'hata_kodu']","Yazıcı hiç çalışmıyor mu, kağıt mı sıkıştı yoksa çıktı kalitesi mi kötü?"
T-3896,"Çok acil, CRM servisi 502 hatası veriyor, satış ekibi işlem yapamıyor.",Arıza (Incident),Bilgi Teknolojileri,Sunucu/Sistem,Sunucu/Servis Kesintisi,Kritik,"{'cozum_basligi': 'Sunucu/servis kesintisi acil müdahale', 'adimlar': ['Adım 1: Sunucu/servis durumu izleme panelinden kontrol edilir, etkilenen servisler belirlenir.', 'Adım 2: Sunucu ekibi tarafından servis yeniden başlatılır veya yük devretme (failover) uygulanır.', 'Adım 3: Kök neden analizi için kritik öncelikli ticket açılır ve ilgili birimlere bilgi verilir.'], 'self_service_uygun_mu': False}","['etkilenen_sistem_adi', 'baslangic_zamani', 'etkilenen_kullanici_sayisi']","Hangi sistem/servis erişilemiyor ve kaç kullanıcıyı etkiliyor, sorun ne zaman başladı?"
T-3897,"Rica etsem acil Doğum yaptım, süt iznimi nasıl kullanabilirim çalışma saatlerime nasıl yansır? Bu konuda epeydir mağdurum, lütfen hızlı dönüş yapar mısınız?",Hizmet Talebi (Service Request),İnsan Kaynakları,İzin Yönetimi,Süt İzni Talebi,Düşük,"{'cozum_basligi': 'Süt izni düzenleme süreci', 'adimlar': ['Adım 1: Doğum tarihi teyit edilerek yasal süt izni hakkı (ilk 6 ay günde 1,5 saat) hesaplanır.', 'Adım 2: Çalışma saatlerine nasıl entegre edileceği (sabah/akşam/tek seferde) belirlenir.', 'Adım 3: Yönetici bilgilendirilir ve süt izni takvime/çalışma planına işlenir.'], 'self_service_uygun_mu': False}","['ad_soyad', 'dogum_tarihi', 'tercih_edilen_saat']","Süt izninizi günün hangi saatinde kullanmak istersiniz, sabah mı akşam mı?"
T-3898,"Çok acil, Iznimi erteledim ama sistemde hala eski taarih görünüyor Teşekkür ederim şimdiden.",Hizmet Talebi (Service Request),İnsan Kaynakları,İzin Yönetimi,İzin İptal/Değişiklik,Düşük,"{'cozum_basligi': 'İzin iptal/değişiklik işlemi', 'adimlar': ['Adım 1: Mevcut izin kaydı sistemde bulunur ve doğrulanır.', 'Adım 2: İptal/değişiklik talebi yöneticinin onayına yeniden gönderilir.', 'Adım 3: Onay sonrası izin bakiyesi ve takvim güncellenir.'], 'self_service_uygun_mu': True}","['ad_soyad', 'mevcut_izin_tarihi', 'yeni_talep']",İzninizi tamamen iptal mi etmek istiyorsunuz yoksa tarihini mi değiştirmek istiyorsunuz?
T-3899,"Zirve Salonu içindeki hoparlör ses vermiyor, katılımcılar bizi duyamıyor.",Hizmet Talebi (Service Request),İdari İşler,Ofis Ekipmanı,Toplantı Odası Ekipman Arızası (ClickShare/Projeksiyon),Orta,"{'cozum_basligi': 'Toplantı odası ekran/görüntü aktarım arızası giderme', 'adimlar': ['Adım 1: ClickShare/HDMI kablosu ve cihazın güç bağlantısı kontrol edilir.', 'Adım 2: Ekran/projeksiyon cihazı yeniden başlatılır, giriş kaynağı kontrol edilir.', 'Adım 3: Sorun devam ederse toplantı öncesi acil teknik destek için ticket açılır.'], 'self_service_uygun_mu': True}","['oda_adi', 'hata_tanimi']",ClickShare mi yoksa HDMI/projeksiyon bağlantısında mı sorun yaşıyorsunuz?
T-3900,"Rica etsem acil CRM sistemine yeni giriş yetkisi verilmesi gerekiyor, yöneticim Mehmet Öztürk onaylayabilir. Bu konuda epeydir mağdurum, lütfen hızlı dönüş yapar mısınız?",Hizmet Talebi (Service Request),Bilgi Teknolojileri,Güvenlik ve Erişim,Sistem/Klasör Yetki Talebi,Düşük,"{'cozum_basligi': 'Sistem/klasör yetki tanımlama süreci', 'adimlar': ['Adım 1: Talep, ilgili departman yöneticisinin onayına gönderilir.', 'Adım 2: Onay sonrası erişim, en az yetki prensibiyle tanımlanır.', 'Adım 3: Yetki tanımlandıktan sonra kullanıcıya bilgilendirme yapılır ve ticket kapatılır.'], 'self_service_uygun_mu': False}","['kullanici_adi', 'erisim_seviyesi', 'departman']",Okuma yetkisi mi yoksa yazma/düzenleme yetkisi mi gerekiyor?
T-3901,"Yöneticim onayladı, Outlook lisansımın aktifleştirilmesini rica ederim.",Hizmet Talebi (Service Request),Bilgi Teknolojileri,Yazılım,Yazılım Lisans/Kurulum Talebi,Düşük,"{'cozum_basligi': 'Yazılım lisans/kurulum süreci', 'adimlar': ['Adım 1: Talep, lisans uygunluğu ve yönetici onayı için değerlendirilir.', 'Adım 2: Lisans anahtarı temin edilir veya mevcut lisans havuzundan atama yapılır.', 'Adım 3: Kurulum IT ekibi tarafından uzaktan veya yerinde gerçekleştirilir.'], 'self_service_uygun_mu': False}","['yazilim_adi', 'departman', 'lisans_suresi']",Yeni bir kurulum mu yoksa mevcut lisansın yenilenmesi mi gerekiyor?
T-3902,"Acilen Yurtdışı seyahatim için avans almam gerekiyor, ne kadar süre alır onay? Gerçekten çok sıkıntı oluyor, bir an önce ilgilenirseniz sevinirim.",Hizmet Talebi (Service Request),Finans,Masraf & Ödeme,Avans Talebi,Orta,"{'cozum_basligi': 'Avans talebi işleme süreci', 'adimlar': ['Adım 1: Avans talebi tutarı ve gerekçesi (seyahat/proje) kaydedilir.', 'Adım 2: Yönetici ve finans onayına gönderilir.', 'Adım 3: Onay sonrası avans, belirtilen banka hesabına aktarılır.'], 'self_service_uygun_mu': False}","['ad_soyad', 'tutar', 'gerekce', 'seyahat_tarihi']",Avans hangi seyahat/proje için ve ne kadar tutar için gerekiyor?
T-3903,Rica etsem acil Bordro pdf sistemde görünmüyor bu ay indiremiyorum,Arıza (Incident),İnsan Kaynakları,Bordro & Özlük,Bordro/Maaş Bilgisi Talebi,Düşük,"{'cozum_basligi': 'Bordro/maaş bilgisi inceleme süreci', 'adimlar': ['Adım 1: Çalışanın ilgili ay bordrosu bordro sisteminden çekilip incelenir.', 'Adım 2: Kesinti/ek ödeme kalemleri tek tek karşılaştırılır ve hata olup olmadığı tespit edilir.', 'Adım 3: Hata tespit edilirse düzeltme için bordro/muhasebe ekibine ticket açılır.'], 'self_service_uygun_mu': False}","['ad_soyad', 'sicil_no', 'ilgili_ay']",Maaşınızda eksik ödeme mi var yoksa fazla kesinti mi görüyorsunuz?
T-3904,"Muhasebe programı açılırken hata veriyor, sürekli çöküyor.",Arıza (Incident),Bilgi Teknolojileri,Yazılım,Uygulama Hatası (Outlook/Teams/Excel vb.),Yüksek,"{'cozum_basligi': 'Uygulama hatası giderme', 'adimlar': ['Adım 1: Uygulama tamamen kapatılıp yeniden açılır, gerekirse bilgisayar yeniden başlatılır.', 'Adım 2: Uygulama güncellemesi kontrol edilir ve önbellek/geçici dosyalar temizlenir.', 'Adım 3: Hata devam ederse ekran görüntüsüyle birlikte yazılım destek ekibine ticket açılır.'], 'self_service_uygun_mu': True}","['uygulama_adi', 'isletim_sistemi', 'hata_ekran_goruntusu']","Hangi uygulamada ve tam olarak ne zaman bu hatayı alıyorsunuz, ekran görüntüsü paylaşabilir misiniz?"
T-3905,"Ebru Şimşek - eşimin dedesi vefat etti, 1 günlük mazeret izni kullanabilir miyim?",Hizmet Talebi (Service Request),İnsan Kaynakları,İzin Yönetimi,Vefat/Mazeret İzni Talebi,Kritik,"{'cozum_basligi': 'Vefat/mazeret izni tanımlama süreci', 'adimlar': ['Adım 1: Yakınlık derecesi ve vefat tarihi bilgisi alınır (mümkünse belge sonradan tamamlanabilir).', 'Adım 2: Yasal mazeret izni (1. derece yakın için 3 gün) sisteme derhal tanımlanır.', 'Adım 3: Yönetici bilgilendirilir, çalışanın dönüş tarihi takip edilir.'], 'self_service_uygun_mu': False}","['ad_soyad', 'yakinlik_derecesi', 'izin_baslangic_tarihi']","Başsağlığı dileriz, yakınlık dereceniz nedir ve izninizin ne zaman başlamasını istersiniz?"
T-3906,"Çok acil, Ayşe - klavyemde bazı tuşlar basmıyor, özellikle boşluk tuşu. Bir de Bir de mouse'um da bazen donuyor İşlerim çok aksıyor, acil çözüm bekliyorum.",Arıza (Incident),Bilgi Teknolojileri,Donanım,Monitör/Çevre Birimi Arızası,Orta,"{'cozum_basligi': 'Monitör/çevre birimi arıza tespiti', 'adimlar': ['Adım 1: Kablo bağlantıları (HDMI/VGA/güç) ve monitör güç düğmesi kontrol edilir.', 'Adım 2: Farklı bir kablo veya port ile test yapılır.', 'Adım 3: Arıza devam ediyorsa cihaz değişimi için IT saha ekibine ticket açılır.'], 'self_service_uygun_mu': True}","['cihaz_turu', 'kullanici_adi', 'ofis_lokasyon']","Sorun hangi çevre biriminde: monitör, klavye, mouse yoksa yazıcı mı?"
T-3907,"Musteri Hizmetleri icin dosya, zmba teli ve post-it talep ediyoruz.",Hizmet Talebi (Service Request),İdari İşler,Satınalma/Malzeme,Kırtasiye Malzeme Talebi,Düşük,"{'cozum_basligi': 'Kırtasiye malzeme temini', 'adimlar': ['Adım 1: Talep departman yöneticisi onayına iletilir.', 'Adım 2: Depo stoğundan malzemeler hazırlanır.', 'Adım 3: Malzemeler belirtilen teslimat lokasyonuna gönderilir.'], 'self_service_uygun_mu': False}","['malzeme_listesi_miktar', 'departman', 'teslimat_lokasyonu']","Hangi malzemelerden ne miktarda ihtiyacınız var, liste hâlinde belirtebilir misiniz?"
T-3908,ÖSS ye es ekleme yapmak istiyorum evlendik yeni,Hizmet Talebi (Service Request),İnsan Kaynakları,Bordro & Özlük,ÖSS (Özel Sağlık Sigortası) Aile Kapsamı Ekleme,Orta,"{'cozum_basligi': 'Özel sağlık sigortasına aile bireyi ekleme süreci', 'adimlar': ['Adım 1: Eklenecek aile bireyinin kimlik bilgileri ve yakınlık derecesi (eş/çocuk) alınır.', 'Adım 2: Talep sigorta şirketine İK tarafından iletilir ve poliçe güncellemesi başlatılır.', 'Adım 3: Poliçe onayı sonrası yeni sağlık kartı çalışana/aile bireyine ulaştırılır.'], 'self_service_uygun_mu': False}","['ad_soyad', 'eklenecek_kisi_bilgisi', 'yakinlik_derecesi']","Eklemek istediğiniz kişi eşiniz mi çocuğunuz mu, kimlik bilgilerini paylaşabilir misiniz?"
T-3909,"Röportaj için basın mensubu geliyor 19 Aralık, güvenlik onayı gerekiyor.",Hizmet Talebi (Service Request),İdari İşler,Güvenlik & Ulaşım,Ziyaretçi Giriş Talebi,Yüksek,"{'cozum_basligi': 'Ziyaretçi giriş kaydı oluşturma', 'adimlar': ['Adım 1: Ziyaretçi bilgileri (ad soyad, TC/kimlik, ziyaret amacı) alınır.', 'Adım 2: Güvenlik birimine ziyaret tarihi ve saati bildirilir.', 'Adım 3: Ziyaretçi giriş gününde resepsiyonda kayıt yapılıp kartı teslim edilir.'], 'self_service_uygun_mu': False}","['ziyaretci_ad_soyad', 'ziyaret_tarihi_saati', 'ziyaret_edilen_kisi']","Ziyaretçinin adı, ziyaret tarihi/saati ve kimi ziyaret edeceği bilgisini alabilir miyim?"
T-3910,"Merve Şahin - eşimin dedesi vefat etti, 1 günlük mazeret izni kullanabilir miyim?",Hizmet Talebi (Service Request),İnsan Kaynakları,İzin Yönetimi,Vefat/Mazeret İzni Talebi,Orta,"{'cozum_basligi': 'Vefat/mazeret izni tanımlama süreci', 'adimlar': ['Adım 1: Yakınlık derecesi ve vefat tarihi bilgisi alınır (mümkünse belge sonradan tamamlanabilir).', 'Adım 2: Yasal mazeret izni (1. derece yakın için 3 gün) sisteme derhal tanımlanır.', 'Adım 3: Yönetici bilgilendirilir, çalışanın dönüş tarihi takip edilir.'], 'self_service_uygun_mu': False}","['ad_soyad', 'yakinlik_derecesi', 'izin_baslangic_tarihi']","Başsağlığı dileriz, yakınlık dereceniz nedir ve izninizin ne zaman başlamasını istersiniz?"
T-3911,"Rica etsem acil 5. kat açık ofis'da misafir wifi ağına bağlanamıyorum, şifreyi doğru giriyorum. Ne zaman çözülür acaba?",Arıza (Incident),Bilgi Teknolojileri,Ağ/Network,Wi-Fi Bağlantı Sorunu,Düşük,"{'cozum_basligi': 'Wi-Fi bağlantı sorunu çözümü', 'adimlar': ['Adım 1: Cihazın Wi-Fi ayarları kapatılıp açılır, ağa yeniden bağlanılır.', 'Adım 2: Şifre doğru girildi mi ve sinyal gücü yeterli mi kontrol edilir.', 'Adım 3: Sorun sürüyorsa erişim noktası (AP) kontrolü için ticket açılır.'], 'self_service_uygun_mu': True}","['ofis_lokasyon', 'cihaz_turu']",Hangi ağa bağlanmaya çalışıyorsunuz ve hangi lokasyondasınız?
T-3912,"Yıldız Erdoğan - proje için 5.000 TL avansa ihtiyacım var, acil onay rica ederim.",Hizmet Talebi (Service Request),Finans,Masraf & Ödeme,Avans Talebi,Orta,"{'cozum_basligi': 'Avans talebi işleme süreci', 'adimlar': ['Adım 1: Avans talebi tutarı ve gerekçesi (seyahat/proje) kaydedilir.', 'Adım 2: Yönetici ve finans onayına gönderilir.', 'Adım 3: Onay sonrası avans, belirtilen banka hesabına aktarılır.'], 'self_service_uygun_mu': False}","['ad_soyad', 'tutar', 'gerekce', 'seyahat_tarihi']",Avans hangi seyahat/proje için ve ne kadar tutar için gerekiyor?
T-3913,Prizler calismiyor Levent plaza 12. kat bilgisayarim sarj olmuyor,Arıza (Incident),İdari İşler,Bina/Tesis Bakım,Elektrik/Aydınlatma Arızası,Düşük,"{'cozum_basligi': 'Elektrik/aydınlatma arıza giderme', 'adimlar': ['Adım 1: Sigorta atmış mı, ampul/armatür arızalı mı kontrol edilir.', 'Adım 2: Bina teknik ekibi lokasyona yönlendirilir.', 'Adım 3: Kalıcı çözüm için gerekiyorsa dış elektrik servisi çağrılır.'], 'self_service_uygun_mu': False}","['ofis_lokasyon', 'ariza_tanimi', 'aciliyet_durumu']",Sorun tüm katta mı yoksa belirli bir bölgede/masada mı yaşanıyor?
T-3914,3.151 TL avans talep ediyorum 1 Kasım seyahati için.,Hizmet Talebi (Service Request),Finans,Masraf & Ödeme,Avans Talebi,Düşük,"{'cozum_basligi': 'Avans talebi işleme süreci', 'adimlar': ['Adım 1: Avans talebi tutarı ve gerekçesi (seyahat/proje) kaydedilir.', 'Adım 2: Yönetici ve finans onayına gönderilir.', 'Adım 3: Onay sonrası avans, belirtilen banka hesabına aktarılır.'], 'self_service_uygun_mu': False}","['ad_soyad', 'tutar', 'gerekce', 'seyahat_tarihi']",Avans hangi seyahat/proje için ve ne kadar tutar için gerekiyor?
T-3915,"Lütfen acil Teams'e giriş yapamıyorum, 'bir sorun oluştu' hatası çıkıyor sürekli. İşlerim çok aksıyor, acil çözüm bekliyorum.",Arıza (Incident),Bilgi Teknolojileri,Yazılım,Uygulama Hatası (Outlook/Teams/Excel vb.),Orta,"{'cozum_basligi': 'Uygulama hatası giderme', 'adimlar': ['Adım 1: Uygulama tamamen kapatılıp yeniden açılır, gerekirse bilgisayar yeniden başlatılır.', 'Adım 2: Uygulama güncellemesi kontrol edilir ve önbellek/geçici dosyalar temizlenir.', 'Adım 3: Hata devam ederse ekran görüntüsüyle birlikte yazılım destek ekibine ticket açılır.'], 'self_service_uygun_mu': True}","['uygulama_adi', 'hata_mesaji', 'kullanici_adi']","Hangi uygulamada ve tam olarak ne zaman bu hatayı alıyorsunuz, ekran görüntüsü paylaşabilir misiniz?"
T-3916,"11.204 TL tutarındaki fatura hâlâ ödenmemiş görünüyor, Pergel Ofis Malzemeleri.",Bilgi Talebi (Information),Finans,Masraf & Ödeme,Fatura Ödeme Takibi,Orta,"{'cozum_basligi': 'Fatura ödeme durumu takibi', 'adimlar': ['Adım 1: Fatura numarası ile muhasebe/ERP sisteminde ödeme kaydı sorgulanır.', 'Adım 2: Ödeme planlanan tarih ve onay durumu kontrol edilir.', 'Adım 3: Gecikme varsa ödeme sorumlusuna hatırlatma yapılır ve tedarikçiye bilgi verilir.'], 'self_service_uygun_mu': True}","['fatura_no', 'tedarikci_adi', 'tutar']","Faturanın vade tarihi geçti mi, ne kadar süredir bekliyor?"
T-3917,"Serkan Erdoğan - giriş kartımı bulamıyorum, evi de aradım yok.",Arıza (Incident),İdari İşler,Güvenlik & Ulaşım,Kayıp Giriş Kartı,Yüksek,"{'cozum_basligi': 'Kayıp giriş kartı iptal ve yeniden basım süreci', 'adimlar': ['Adım 1: Kayıp kart derhal sistem üzerinden iptal edilir, güvenlik riski önlenir.', 'Adım 2: Kimlik doğrulaması sonrası yeni kart basım talebi oluşturulur.', 'Adım 3: Yeni kart resepsiyon/güvenlik biriminden teslim alınır.'], 'self_service_uygun_mu': False}","['ad_soyad', 'sicil_no', 'kayip_tarihi']","Kartınızı en son ne zaman ve nerede kullandığınızı hatırlıyor musunuz, kaybolduğunu mu düşünüyorsunuz?"
T-3918,"Outlook mailleri gelmiyor son 2 saattir hicbir mail almadim İşlerim çok aksıyor, acil çözüm bekliyorum.",Arıza (Incident),Bilgi Teknolojileri,Yazılım,Uygulama Hatası (Outlook/Teams/Excel vb.),Orta,"{'cozum_basligi': 'Uygulama hatası giderme', 'adimlar': ['Adım 1: Uygulama tamamen kapatılıp yeniden açılır, gerekirse bilgisayar yeniden başlatılır.', 'Adım 2: Uygulama güncellemesi kontrol edilir ve önbellek/geçici dosyalar temizlenir.', 'Adım 3: Hata devam ederse ekran görüntüsüyle birlikte yazılım destek ekibine ticket açılır.'], 'self_service_uygun_mu': True}","['uygulama_adi', 'hata_mesaji', 'kullanici_adi']",Uygulama hiç açılmıyor mu yoksa belirli bir işlem sırasında mı hata veriyor?
T-3919,"Dokunmatik ekranım artık dokunuşlara tepki vermiyor, 2 Ağustos'den beri böyle.",Arıza (Incident),Bilgi Teknolojileri,Donanım,Monitör/Çevre Birimi Arızası,Orta,"{'cozum_basligi': 'Monitör/çevre birimi arıza tespiti', 'adimlar': ['Adım 1: Kablo bağlantıları (HDMI/VGA/güç) ve monitör güç düğmesi kontrol edilir.', 'Adım 2: Farklı bir kablo veya port ile test yapılır.', 'Adım 3: Arıza devam ediyorsa cihaz değişimi için IT saha ekibine ticket açılır.'], 'self_service_uygun_mu': True}","['cihaz_turu', 'kullanici_adi', 'ofis_lokasyon']","Sorun hangi çevre biriminde: monitör, klavye, mouse yoksa yazıcı mı?"
T-3920,"Lütfen acil SGK işe giriş evrakımı alabilir miyim, işsizlik maaşı için gerekiyor eski işimden. Gerçekten çok sıkıntı oluyor, bir an önce ilgilenirseniz sevinirim.",Hizmet Talebi (Service Request),İnsan Kaynakları,Bordro & Özlük,SGK Giriş/Çıkış Evrakı Talebi,Düşük,"{'cozum_basligi': 'SGK giriş/çıkış evrakı düzenleme', 'adimlar': ['Adım 1: Talep edilen belgenin türü (işe giriş bildirgesi/işten ayrılış bildirgesi) teyit edilir.', 'Adım 2: SGK e-Bildirge sisteminden ilgili belge sorgulanır ve çıktısı alınır.', 'Adım 3: Belge onaylanıp çalışana e-posta veya elden iletilir.'], 'self_service_uygun_mu': False}","['ad_soyad', 'sicil_no', 'belge_turu', 'kullanim_amaci']","İşe giriş bildirgesi mi yoksa işten ayrılış bildirgesi mi gerekiyor, hangi amaçla kullanılacak?"
T-3921,"Acilen CRM sistemine yeni giriş yetkisi verilmesi gerekiyor, yöneticim Fatih Arslan onaylayabilir.",Hizmet Talebi (Service Request),Bilgi Teknolojileri,Güvenlik ve Erişim,Sistem/Klasör Yetki Talebi,Yüksek,"{'cozum_basligi': 'Sistem/klasör yetki tanımlama süreci', 'adimlar': ['Adım 1: Talep, ilgili departman yöneticisinin onayına gönderilir.', 'Adım 2: Onay sonrası erişim, en az yetki prensibiyle tanımlanır.', 'Adım 3: Yetki tanımlandıktan sonra kullanıcıya bilgilendirme yapılır ve ticket kapatılır.'], 'self_service_uygun_mu': False}","['kullanici_adi', 'klasor_sistem_adi', 'yonetici_onayi']",Okuma yetkisi mi yoksa yazma/düzenleme yetkisi mi gerekiyor?
T-3922,"Rica etsem acil Maaşım bu ay eksik yattı sanırım, kontrol edebilir misiniz? Bu konuda epeydir mağdurum, lütfen hızlı dönüş yapar mısınız?",Bilgi Talebi (Information),İnsan Kaynakları,Bordro & Özlük,Bordro/Maaş Bilgisi Talebi,Düşük,"{'cozum_basligi': 'Bordro/maaş bilgisi inceleme süreci', 'adimlar': ['Adım 1: Çalışanın ilgili ay bordrosu bordro sisteminden çekilip incelenir.', 'Adım 2: Kesinti/ek ödeme kalemleri tek tek karşılaştırılır ve hata olup olmadığı tespit edilir.', 'Adım 3: Hata tespit edilirse düzeltme için bordro/muhasebe ekibine ticket açılır.'], 'self_service_uygun_mu': False}","['ad_soyad', 'donem', 'itiraz_konusu']",Maaşınızda eksik ödeme mi var yoksa fazla kesinti mi görüyorsunuz?
T-3923,"Kaç gün izin hakkım kaldı acaba, bakabilir miiniz?",Bilgi Talebi (Information),İnsan Kaynakları,İzin Yönetimi,Yıllık İzin Talebi/Bakiye Sorgulama,Orta,"{'cozum_basligi': 'Yıllık izin talebi/bakiye sorgulama süreci', 'adimlar': ['Adım 1: İK portalından güncel izin bakiyesi kontrol edilir.', 'Adım 2: Talep edilen tarih aralığı yöneticinin onayına gönderilir.', 'Adım 3: Onay sonrası izin sistemde işlenir ve bordroya yansıtılır.'], 'self_service_uygun_mu': True}","['ad_soyad', 'kalan_izin_sorgusu']","Hangi tarihler arasında izin kullanmak istiyorsunuz, yoksa sadece bakiye mi öğrenmek istiyorsunuz?"
T-3924,"B blok 4. kat'a klima asiri ses yapiyor, calismayi zorlastiriyor.",Arıza (Incident),İdari İşler,Bina/Tesis Bakım,Klima/Isıtma Arızası,Orta,"{'cozum_basligi': 'Klima/ısıtma sistemi arıza giderme', 'adimlar': ['Adım 1: Termostat ayarları ve cihazın açık olup olmadığı kontrol edilir.', 'Adım 2: Bina teknik ekibi filtre/gaz durumunu yerinde kontrol eder.', 'Adım 3: Kalıcı arıza tespit edilirse bakım/onarım için dış servis çağrılır.'], 'self_service_uygun_mu': False}","['ofis_lokasyon', 'cihaz_konumu', 'sorun_tanimi']","Klima hiç çalışmıyor mu yoksa soğutmuyor/ısıtmıyor mu, hangi bölgedesiniz?"
T-3925,"Lütfen acil İkinci bir monitor taalep ediyorum, ekran paylasimli calisiyorum cogunlukla. Ne zaman çözülür acaba?",Hizmet Talebi (Service Request),Bilgi Teknolojileri,Donanım,Yeni Ekipman Kurulumu,Orta,"{'cozum_basligi': 'Yeni donanım ekipmanı kurulum süreci', 'adimlar': ['Adım 1: Talep, envanter ve bütçe onayı için yöneticiye/IT sorumlusuna iletilir.', 'Adım 2: Uygun ekipman depo stoğundan veya satın alma sürecinden temin edilir.', 'Adım 3: Kurulum IT saha ekibi tarafından belirlenen tarihte yerinde gerçekleştirilir.'], 'self_service_uygun_mu': False}","['ekipman_turu', 'departman', 'teslim_tarihi']","Hangi ekipmana ihtiyacınız var ve kimin için, hangi lokasyona kurulacak?"
T-3926,Acilen Veritabani baglantisi kopuyor rapor alamiyorum surekli hata,Arıza (Incident),Bilgi Teknolojileri,Sunucu/Sistem,Veritabanı Erişim Hatası,Orta,"{'cozum_basligi': 'Veritabanı erişim hatası çözümü', 'adimlar': ['Adım 1: Kullanıcının veritabanı bağlantı ayarları ve yetkileri kontrol edilir.', 'Adım 2: Veritabanı servisinin çalışır durumda olup olmadığı sistem ekibince doğrulanır.', 'Adım 3: Yetki/bağlantı sorunu devam ediyorsa veritabanı yöneticisine (DBA) ticket yönlendirilir.'], 'self_service_uygun_mu': False}","['uygulama_adi', 'hata_kodu', 'erisim_zamani']",Bu hata sadece sizde mi oluşuyor yoksa tüm ekipte mi?
T-3927,Banka kredisi icin calisma bellgesi lazim acil olabilir mi,Hizmet Talebi (Service Request),İnsan Kaynakları,Bordro & Özlük,Özlük/Çalışma Belgesi Talebi,Orta,"{'cozum_basligi': 'Özlük/çalışma belgesi düzenleme', 'adimlar': ['Adım 1: Talep edilen belge türü ve kullanım amacı teyit edilir.', 'Adım 2: İK sistemi üzerinden güncel çalışan bilgileriyle belge hazırlanır.', 'Adım 3: Belge imzalandıktan sonra çalışana e-posta veya elden teslim edilir.'], 'self_service_uygun_mu': True}","['ad_soyad', 'sicil_no', 'belge_turu', 'kullanim_amaci']","Hangi belgeye ihtiyacınız var (çalışma belgesi, hizmet dökümü vb.) ve hangi amaçla kullanılacak?"
T-3928,"Doğum yaptım, süt iznimi nasıl kullanabilirim çalışma saatlerime nasıl yansır?",Hizmet Talebi (Service Request),İnsan Kaynakları,İzin Yönetimi,Süt İzni Talebi,Düşük,"{'cozum_basligi': 'Süt izni düzenleme süreci', 'adimlar': ['Adım 1: Doğum tarihi teyit edilerek yasal süt izni hakkı (ilk 6 ay günde 1,5 saat) hesaplanır.', 'Adım 2: Çalışma saatlerine nasıl entegre edileceği (sabah/akşam/tek seferde) belirlenir.', 'Adım 3: Yönetici bilgilendirilir ve süt izni takvime/çalışma planına işlenir.'], 'self_service_uygun_mu': False}","['ad_soyad', 'dogum_tarihi', 'tercih_edilen_saat']","Süt izninizi günün hangi saatinde kullanmak istersiniz, sabah mı akşam mı?"
T-3929,"Geçen ay bordromda bir hata var sanırım, Ayşe.",Bilgi Talebi (Information),İnsan Kaynakları,Bordro & Özlük,Bordro/Maaş Bilgisi Talebi,Orta,"{'cozum_basligi': 'Bordro/maaş bilgisi inceleme süreci', 'adimlar': ['Adım 1: Çalışanın ilgili ay bordrosu bordro sisteminden çekilip incelenir.', 'Adım 2: Kesinti/ek ödeme kalemleri tek tek karşılaştırılır ve hata olup olmadığı tespit edilir.', 'Adım 3: Hata tespit edilirse düzeltme için bordro/muhasebe ekibine ticket açılır.'], 'self_service_uygun_mu': False}","['ad_soyad', 'donem', 'itiraz_konusu']",Hangi ayın bordrosuyla ilgili ve tam olarak hangi kalemde hata olduğunu düşünüyorsunuz?
T-3930,"Çok acil, 2. kat toplantı koridoru'da misafir wifi ağına bağlanamıyorum, şifreyi doğru giriyorum.",Arıza (Incident),Bilgi Teknolojileri,Ağ/Network,Wi-Fi Bağlantı Sorunu,Orta,"{'cozum_basligi': 'Wi-Fi bağlantı sorunu çözümü', 'adimlar': ['Adım 1: Cihazın Wi-Fi ayarları kapatılıp açılır, ağa yeniden bağlanılır.', 'Adım 2: Şifre doğru girildi mi ve sinyal gücü yeterli mi kontrol edilir.', 'Adım 3: Sorun sürüyorsa erişim noktası (AP) kontrolü için ticket açılır.'], 'self_service_uygun_mu': True}","['ofis_lokasyon', 'cihaz_turu']","Wi-Fi ağı görünüyor mu ama bağlanamıyor musunuz, yoksa hiç görünmüyor mu?"
T-3931,"Rica etsem acil Müşteriye gönderdiğimiz kargo hâlâ yolda görünüyor, gecikme var mı öğrenebilir miyiz?",Hizmet Talebi (Service Request),İdari İşler,Satınalma/Malzeme,Kargo/Kurye Teslimat Takibi,Yüksek,"{'cozum_basligi': 'Kargo/kurye teslimat takibi', 'adimlar': ['Adım 1: Kargo takip numarası ve gönderici bilgisi ile kargo firması sistemi kontrol edilir.', 'Adım 2: Resepsiyon/depo teslim kaydı kontrol edilerek paketin durumu netleştirilir.', 'Adım 3: Paket bulunamıyorsa kargo firmasına resmi kayıp/gecikme bildirimi açılır.'], 'self_service_uygun_mu': True}","['gonderici_bilgisi', 'teslimat_lokasyonu']",Kargonuzun takip numarası var mı ve hangi firmadan gönderildi?
T-3932,Masaüstü bilgisayarım 13 Ağustos tarihinden beri sürekli kendi kendine kapanıyor.,Arıza (Incident),Bilgi Teknolojileri,Donanım,Bilgisayar Arıza/Onarım,Kritik,"{'cozum_basligi': 'Bilgisayar donanım arızası ilk müdahale', 'adimlar': ['Adım 1: Cihaz kapatılıp yeniden başlatılır, güç kablosu ve bağlantılar kontrol edilir.', 'Adım 2: Uzaktan tanı aracıyla donanım sağlık testi çalıştırılır.', 'Adım 3: Sorun devam ederse yerinde teknik destek için ticket açılır ve teknisyen yönlendirilir.'], 'self_service_uygun_mu': True}","['cihaz_seri_no', 'ofis_lokasyon', 'ariza_tanimi']",Sorun ne zaman başladı ve hangi lokasyondaki cihazdan bahsediyoruz?
T-3933,"İnternet bagalntim cok yavas, sayfalar acilmiyor neredeyse hic.",Arıza (Incident),Bilgi Teknolojileri,Ağ/Network,İnternet Bağlantı Sorunu,Orta,"{'cozum_basligi': 'İnternet bağlantı arızası ilk müdahale', 'adimlar': ['Adım 1: Modem/router yeniden başlatılır, kablo bağlantıları kontrol edilir.', 'Adım 2: Farklı bir cihaz veya prizden bağlantı test edilir.', 'Adım 3: Sorun devam ederse altyapı ekibine ticket açılır ve etkilenen kişi sayısı raporlanır.'], 'self_service_uygun_mu': True}","['ofis_lokasyon', 'etkilenen_kisi_sayisi', 'baslangic_zamani']","İnternet hiç mi yok yoksa çok mu yavaş, ayrıca sadece siz mi etkileniyorsunuz yoksa tüm kat mı?"
T-3934,"Çok acil, Kadıköy ofis'da misafir wifi ağına bağlanamıyorum, şifreyi doğru giriyorum. İşlerim çok aksıyor, acil çözüm bekliyorum.",Arıza (Incident),Bilgi Teknolojileri,Ağ/Network,Wi-Fi Bağlantı Sorunu,Orta,"{'cozum_basligi': 'Wi-Fi bağlantı sorunu çözümü', 'adimlar': ['Adım 1: Cihazın Wi-Fi ayarları kapatılıp açılır, ağa yeniden bağlanılır.', 'Adım 2: Şifre doğru girildi mi ve sinyal gücü yeterli mi kontrol edilir.', 'Adım 3: Sorun sürüyorsa erişim noktası (AP) kontrolü için ticket açılır.'], 'self_service_uygun_mu': True}","['ofis_lokasyon', 'cihaz_turu']",Hangi ağa bağlanmaya çalışıyorsunuz ve hangi lokasyondasınız?
T-3935,"Masaüstü bilgisayarım 11 Ekim tarihinden beri sürekli kendi kendine kapanıyor. Ayrıca Klavyem de arada tuş basmıyor, onu da kontrol ettirmek isterim",Arıza (Incident),Bilgi Teknolojileri,Donanım,Bilgisayar Arıza/Onarım,Düşük,"{'cozum_basligi': 'Bilgisayar donanım arızası ilk müdahale', 'adimlar': ['Adım 1: Cihaz kapatılıp yeniden başlatılır, güç kablosu ve bağlantılar kontrol edilir.', 'Adım 2: Uzaktan tanı aracıyla donanım sağlık testi çalıştırılır.', 'Adım 3: Sorun devam ederse yerinde teknik destek için ticket açılır ve teknisyen yönlendirilir.'], 'self_service_uygun_mu': True}","['cihaz_seri_no', 'kullanici_adi', 'ofis_lokasyon', 'ariza_baslangic_zamani']","Cihazınız hiç açılmıyor mu yoksa açılıp kapanıyor mu, ayrıca cihazın seri numarasını paylaşabilir misiniz?"
T-3936,"Eski projeden kalan klasör yetkim hâlâ akttif, kaldırılmasını rica ederim.",Hizmet Talebi (Service Request),Bilgi Teknolojileri,Güvenlik ve Erişim,Sistem/Klasör Yetki Talebi,Orta,"{'cozum_basligi': 'Sistem/klasör yetki tanımlama süreci', 'adimlar': ['Adım 1: Talep, ilgili departman yöneticisinin onayına gönderilir.', 'Adım 2: Onay sonrası erişim, en az yetki prensibiyle tanımlanır.', 'Adım 3: Yetki tanımlandıktan sonra kullanıcıya bilgilendirme yapılır ve ticket kapatılır.'], 'self_service_uygun_mu': False}","['kullanici_adi', 'klasor_sistem_adi', 'yonetici_onayi']",Okuma yetkisi mi yoksa yazma/düzenleme yetkisi mi gerekiyor?
T-3937,"2. kat toplanti koridoru'dki dolap kapagi kirik, yenisi gerekiyor.",Hizmet Talebi (Service Request),İdari İşler,Satınalma/Malzeme,Ofis Mobilya Değişimi,Yüksek,"{'cozum_basligi': 'Ofis mobilyası değişim süreci', 'adimlar': ['Adım 1: Mevcut mobilyanın durumu değerlendirilir ve değişim gerekçesi kaydedilir.', 'Adım 2: Bütçe/onay süreci tamamlandıktan sonra satınalma talebi açılır.', 'Adım 3: Yeni mobilya teslim alınıp kurulumu yapılır, eski mobilya değişim için alınır.'], 'self_service_uygun_mu': False}","['mobilya_turu', 'ofis_lokasyon', 'degisim_gerekcesi']",Hangi mobilyanın değişmesini istiyorsunuz ve mevcut olanın sorunu nedir?
T-3938,"Rica etsem acil Kayseri fabrika ofisi'da misafir wifi ağına bağlanamıyorum, şifreyi doğru giriyorum.",Arıza (Incident),Bilgi Teknolojileri,Ağ/Network,Wi-Fi Bağlantı Sorunu,Düşük,"{'cozum_basligi': 'Wi-Fi bağlantı sorunu çözümü', 'adimlar': ['Adım 1: Cihazın Wi-Fi ayarları kapatılıp açılır, ağa yeniden bağlanılır.', 'Adım 2: Şifre doğru girildi mi ve sinyal gücü yeterli mi kontrol edilir.', 'Adım 3: Sorun sürüyorsa erişim noktası (AP) kontrolü için ticket açılır.'], 'self_service_uygun_mu': True}","['ofis_lokasyon', 'cihaz_turu']","Wi-Fi ağı görünüyor mu ama bağlanamıyor musunuz, yoksa hiç görünmüyor mu?"
T-3939,Fatura odemesi ne zaman yapliacak vadesi gecti sanirim,Hizmet Talebi (Service Request),Finans,Masraf & Ödeme,Fatura Ödeme Takibi,Yüksek,"{'cozum_basligi': 'Fatura ödeme durumu takibi', 'adimlar': ['Adım 1: Fatura numarası ile muhasebe/ERP sisteminde ödeme kaydı sorgulanır.', 'Adım 2: Ödeme planlanan tarih ve onay durumu kontrol edilir.', 'Adım 3: Gecikme varsa ödeme sorumlusuna hatırlatma yapılır ve tedarikçiye bilgi verilir.'], 'self_service_uygun_mu': True}","['fatura_no', 'tedarikci_adi', 'tutar']",Fatura numarasını ve tedarikçi firma adını paylaşabilir misiniz?
T-3940,Acilen Klasor ve dosya lazim biraz stok bitmis gorunuyor Ne zaman çözülür acaba?,Hizmet Talebi (Service Request),İdari İşler,Satınalma/Malzeme,Kırtasiye Malzeme Talebi,Düşük,"{'cozum_basligi': 'Kırtasiye malzeme temini', 'adimlar': ['Adım 1: Talep departman yöneticisi onayına iletilir.', 'Adım 2: Depo stoğundan malzemeler hazırlanır.', 'Adım 3: Malzemeler belirtilen teslimat lokasyonuna gönderilir.'], 'self_service_uygun_mu': False}","['malzeme_listesi_miktar', 'departman', 'teslimat_lokasyonu']","Hangi malzemelerden ne miktarda ihtiyacınız var, liste hâlinde belirtebilir misiniz?"
T-3941,"Lütfen acil 3 Eylül tarihinden beri VPN bağlantım hiç kurulmuyor, evden çalışamıyorum. Ne zaman çözülür acaba?",Arıza (Incident),Bilgi Teknolojileri,Ağ/Network,VPN Erişim Sorunu,Düşük,"{'cozum_basligi': 'VPN bağlantı sorunu çözümü', 'adimlar': ['Adım 1: VPN istemcisi güncel mi kontrol edilir, kullanıcı adı/şifre doğrulanır.', 'Adım 2: İnternet bağlantısı ve güvenlik duvarı ayarları kontrol edilir, istemci yeniden başlatılır.', 'Adım 3: Erişim devam etmiyorsa VPN sertifikası/erişim yetkisi için ticket açılır.'], 'self_service_uygun_mu': True}","['kullanici_adi', 'baglanti_lokasyonu', 'vpn_istemci_versiyonu']",Evden mi yoksa başka bir lokasyondan mı bağlanmaya çalışıyorsunuz?
T-3942,Sifre sifirlama lazim Murat Aslan,Arıza (Incident),Bilgi Teknolojileri,Güvenlik ve Erişim,Şifre Sıfırlama,Düşük,"{'cozum_basligi': 'Şifre sıfırlama işlemi', 'adimlar': ['Adım 1: Kimlik doğrulama (çalışan sicil no / kayıtlı e-posta) yapılır.', 'Adım 2: Self servis şifre sıfırlama portalı üzerinden geçici şifre oluşturulur.', 'Adım 3: Portal üzerinden çözülemiyorsa IT güvenlik ekibi manuel sıfırlama için ticket açar.'], 'self_service_uygun_mu': True}","['kullanici_adi', 'kayitli_email']",Şifrenizi mi unuttunuz yoksa hesabınız mı kilitlendi?
T-3943,"Yurtdışı seyahatim için avans almam gerkiyor, ne kadar süre alır onay?",Hizmet Talebi (Service Request),Finans,Masraf & Ödeme,Avans Talebi,Orta,"{'cozum_basligi': 'Avans talebi işleme süreci', 'adimlar': ['Adım 1: Avans talebi tutarı ve gerekçesi (seyahat/proje) kaydedilir.', 'Adım 2: Yönetici ve finans onayına gönderilir.', 'Adım 3: Onay sonrası avans, belirtilen banka hesabına aktarılır.'], 'self_service_uygun_mu': False}","['ad_soyad', 'tutar', 'gerekce', 'seyahat_tarihi']",Avans hangi seyahat/proje için ve ne kadar tutar için gerekiyor?
T-3944,Rica etsem acil Kargom kayip gorunuyor sistemde teslim edildi yaziyor ama elime ulasmadi,Bilgi Talebi (Information),İdari İşler,Satınalma/Malzeme,Kargo/Kurye Teslimat Takibi,Orta,"{'cozum_basligi': 'Kargo/kurye teslimat takibi', 'adimlar': ['Adım 1: Kargo takip numarası ve gönderici bilgisi ile kargo firması sistemi kontrol edilir.', 'Adım 2: Resepsiyon/depo teslim kaydı kontrol edilerek paketin durumu netleştirilir.', 'Adım 3: Paket bulunamıyorsa kargo firmasına resmi kayıp/gecikme bildirimi açılır.'], 'self_service_uygun_mu': True}","['gonderici_bilgisi', 'teslimat_lokasyonu']",Kargonuzun takip numarası var mı ve hangi firmadan gönderildi?
T-3945,"Rica etsem acil Yeni gelen arkadaş icin masa sandalye lazim Bu konuda epeydir mağdurum, lütfen hızlı dönüş yapar mısınız?",Hizmet Talebi (Service Request),İdari İşler,Satınalma/Malzeme,Ofis Mobilya Değişimi,Orta,"{'cozum_basligi': 'Ofis mobilyası değişim süreci', 'adimlar': ['Adım 1: Mevcut mobilyanın durumu değerlendirilir ve değişim gerekçesi kaydedilir.', 'Adım 2: Bütçe/onay süreci tamamlandıktan sonra satınalma talebi açılır.', 'Adım 3: Yeni mobilya teslim alınıp kurulumu yapılır, eski mobilya değişim için alınır.'], 'self_service_uygun_mu': False}","['mobilya_turu', 'ofis_lokasyon', 'degisim_gerekcesi']",Hangi mobilyanın değişmesini istiyorsunuz ve mevcut olanın sorunu nedir?
T-3946,"Musteriye gnoderdigimiz kargo hâlâ yolda gorunuyor, gecikme var mi ogrenebilir miyiz?",Hizmet Talebi (Service Request),İdari İşler,Satınalma/Malzeme,Kargo/Kurye Teslimat Takibi,Orta,"{'cozum_basligi': 'Kargo/kurye teslimat takibi', 'adimlar': ['Adım 1: Kargo takip numarası ve gönderici bilgisi ile kargo firması sistemi kontrol edilir.', 'Adım 2: Resepsiyon/depo teslim kaydı kontrol edilerek paketin durumu netleştirilir.', 'Adım 3: Paket bulunamıyorsa kargo firmasına resmi kayıp/gecikme bildirimi açılır.'], 'self_service_uygun_mu': True}","['takip_no', 'kargo_firmasi', 'gonderi_tarihi']","Kargo ne zaman gönderildi, teslimat için beklediğiniz lokasyon neresi?"
T-3947,"Nihan Aktaş - maaş bordrosu ve çalışma belgesi ihtiyacım var, ev kirası için isteniyor.",Hizmet Talebi (Service Request),İnsan Kaynakları,Bordro & Özlük,Özlük/Çalışma Belgesi Talebi,Yüksek,"{'cozum_basligi': 'Özlük/çalışma belgesi düzenleme', 'adimlar': ['Adım 1: Talep edilen belge türü ve kullanım amacı teyit edilir.', 'Adım 2: İK sistemi üzerinden güncel çalışan bilgileriyle belge hazırlanır.', 'Adım 3: Belge imzalandıktan sonra çalışana e-posta veya elden teslim edilir.'], 'self_service_uygun_mu': True}","['ad_soyad', 'sicil_no', 'belge_turu', 'kullanim_amaci']","Hangi belgeye ihtiyacınız var (çalışma belgesi, hizmet dökümü vb.) ve hangi amaçla kullanılacak?"
T-3948,"Çok acil, Prizler calismiyor İzmir şube bilgisayarim sarj olmuyor Ne zaman çözülür acaba?",Arıza (Incident),İdari İşler,Bina/Tesis Bakım,Elektrik/Aydınlatma Arızası,Orta,"{'cozum_basligi': 'Elektrik/aydınlatma arıza giderme', 'adimlar': ['Adım 1: Sigorta atmış mı, ampul/armatür arızalı mı kontrol edilir.', 'Adım 2: Bina teknik ekibi lokasyona yönlendirilir.', 'Adım 3: Kalıcı çözüm için gerekiyorsa dış elektrik servisi çağrılır.'], 'self_service_uygun_mu': False}","['ofis_lokasyon', 'ariza_tanimi', 'aciliyet_durumu']",Sorun tüm katta mı yoksa belirli bir bölgede/masada mı yaşanıyor?
T-3949,EUR cinsinden kesilen faturada sistem otomatik TL'ye çeviriyor ama kur yanlış görünüyor.,Arıza (Incident),Finans,Masraf & Ödeme,Çoklu Para Birimli Fatura Girişi,Orta,"{'cozum_basligi': 'Çoklu para birimli fatura giriş desteği', 'adimlar': ['Adım 1: Faturanın orijinal para birimi ve tutarı doğrulanır.', 'Adım 2: ERP sisteminde ilgili para birimi tanımlı değilse muhasebe sistem ekibi tanımlama yapar.', 'Adım 3: Fatura, güncel kur ile TL karşılığı hesaplanarak sisteme işlenir.'], 'self_service_uygun_mu': False}","['fatura_no', 'tedarikci_adi', 'para_birimi', 'tutar']",Faturanın para birimi nedir (USD/EUR/GBP) ve sistemde bu para birimiyle giriş yapabiliyor musunuz?
T-3950,"Evlilik bildirimimi yapmak istiyorum, gerekli evraklari nereye iletebilirim?",Hizmet Talebi (Service Request),İnsan Kaynakları,Bordro & Özlük,Evlilik Bildirimi,Düşük,"{'cozum_basligi': 'Evlilik durum değişikliği kayıt süreci', 'adimlar': ['Adım 1: Evlilik cüzdanı fotokopisi/belgesi çalışandan talep edilir.', 'Adım 2: Medeni hal ve varsa soyadı bilgisi İK sisteminde güncellenir.', 'Adım 3: Vergi matrahı, SGK ve varsa özel sağlık sigortası kayıtları güncellenmesi için ilgili birimlere bilgi verilir.'], 'self_service_uygun_mu': False}","['ad_soyad', 'evlilik_tarihi', 'evlilik_cuzdani_belgesi']","Evlilik tarihinizi ve evlilik cüzdanı belgesini paylaşabilir misiniz, medeni hal güncellemesi için gerekiyor?"
T-3951,"Coklu para birimi faturasi girerken sistem hata veriyor Bu konuda epeydir mağdurum, lütfen hızlı dönüş yapar mısınız?",Hizmet Talebi (Service Request),Finans,Masraf & Ödeme,Çoklu Para Birimli Fatura Girişi,Yüksek,"{'cozum_basligi': 'Çoklu para birimli fatura giriş desteği', 'adimlar': ['Adım 1: Faturanın orijinal para birimi ve tutarı doğrulanır.', 'Adım 2: ERP sisteminde ilgili para birimi tanımlı değilse muhasebe sistem ekibi tanımlama yapar.', 'Adım 3: Fatura, güncel kur ile TL karşılığı hesaplanarak sisteme işlenir.'], 'self_service_uygun_mu': False}","['fatura_no', 'tedarikci_adi', 'para_birimi', 'tutar']",Faturanın para birimi nedir (USD/EUR/GBP) ve sistemde bu para birimiyle giriş yapabiliyor musunuz?
T-3952,"Seda Erdogan - esimin dedesi vefat etti, 1 gunluk mazeret izni kullanabilir miyim?",Hizmet Talebi (Service Request),İnsan Kaynakları,İzin Yönetimi,Vefat/Mazeret İzni Talebi,Kritik,"{'cozum_basligi': 'Vefat/mazeret izni tanımlama süreci', 'adimlar': ['Adım 1: Yakınlık derecesi ve vefat tarihi bilgisi alınır (mümkünse belge sonradan tamamlanabilir).', 'Adım 2: Yasal mazeret izni (1. derece yakın için 3 gün) sisteme derhal tanımlanır.', 'Adım 3: Yönetici bilgilendirilir, çalışanın dönüş tarihi takip edilir.'], 'self_service_uygun_mu': False}","['ad_soyad', 'yakinlik_derecesi', 'izin_baslangic_tarihi']","Başsağlığı dileriz, yakınlık dereceniz nedir ve izninizin ne zaman başlamasını istersiniz?"
T-3953,Üretim için yeni bir proje yönetim yazılımmı kurulumu talep ediyoruz.,Hizmet Talebi (Service Request),Bilgi Teknolojileri,Yazılım,Yazılım Lisans/Kurulum Talebi,Orta,"{'cozum_basligi': 'Yazılım lisans/kurulum süreci', 'adimlar': ['Adım 1: Talep, lisans uygunluğu ve yönetici onayı için değerlendirilir.', 'Adım 2: Lisans anahtarı temin edilir veya mevcut lisans havuzundan atama yapılır.', 'Adım 3: Kurulum IT ekibi tarafından uzaktan veya yerinde gerçekleştirilir.'], 'self_service_uygun_mu': False}","['yazilim_adi', 'departman', 'lisans_suresi']",Yeni bir kurulum mu yoksa mevcut lisansın yenilenmesi mi gerekiyor?
T-3954,"Acilen Dokunmatik ekranım artık dokunuşlara tepki vermiyor, 12 Mart'den beir böyle.",Arıza (Incident),Bilgi Teknolojileri,Donanım,Monitör/Çevre Birimi Arızası,Yüksek,"{'cozum_basligi': 'Monitör/çevre birimi arıza tespiti', 'adimlar': ['Adım 1: Kablo bağlantıları (HDMI/VGA/güç) ve monitör güç düğmesi kontrol edilir.', 'Adım 2: Farklı bir kablo veya port ile test yapılır.', 'Adım 3: Arıza devam ediyorsa cihaz değişimi için IT saha ekibine ticket açılır.'], 'self_service_uygun_mu': True}","['cihaz_turu', 'kullanici_adi', 'ofis_lokasyon']",Ekranda hiç görüntü mü yok yoksa titreme/renk bozukluğu mu var?
T-3955,"Seda Aktas - planlarim degisti, 6 Mayis tarihindeki iznimi bir hafta sonraya alabilir miyiz?",Hizmet Talebi (Service Request),İnsan Kaynakları,İzin Yönetimi,İzin İptal/Değişiklik,Düşük,"{'cozum_basligi': 'İzin iptal/değişiklik işlemi', 'adimlar': ['Adım 1: Mevcut izin kaydı sistemde bulunur ve doğrulanır.', 'Adım 2: İptal/değişiklik talebi yöneticinin onayına yeniden gönderilir.', 'Adım 3: Onay sonrası izin bakiyesi ve takvim güncellenir.'], 'self_service_uygun_mu': True}","['ad_soyad', 'mevcut_izin_tarihi', 'yeni_talep']",İzninizi tamamen iptal mi etmek istiyorsunuz yoksa tarihini mi değiştirmek istiyorsunuz?
T-3956,"Acilen Onur Kara - çocuğumun sağlık sigortası kapsamına dahil edilmesini rica ederim, doğum belgesi ekte.",Hizmet Talebi (Service Request),İnsan Kaynakları,Bordro & Özlük,ÖSS (Özel Sağlık Sigortası) Aile Kapsamı Ekleme,Orta,"{'cozum_basligi': 'Özel sağlık sigortasına aile bireyi ekleme süreci', 'adimlar': ['Adım 1: Eklenecek aile bireyinin kimlik bilgileri ve yakınlık derecesi (eş/çocuk) alınır.', 'Adım 2: Talep sigorta şirketine İK tarafından iletilir ve poliçe güncellemesi başlatılır.', 'Adım 3: Poliçe onayı sonrası yeni sağlık kartı çalışana/aile bireyine ulaştırılır.'], 'self_service_uygun_mu': False}","['ad_soyad', 'eklenecek_kisi_bilgisi', 'yakinlik_derecesi']","Eklemek istediğiniz kişi eşiniz mi çocuğunuz mu, kimlik bilgilerini paylaşabilir misiniz?"
T-3957,"Rica etsem acil Muhasebe klasörüne erişim yetkim yok, projemde ihtiyacım var. Teşekkür ederim şimdiden.",Hizmet Talebi (Service Request),Bilgi Teknolojileri,Güvenlik ve Erişim,Sistem/Klasör Yetki Talebi,Orta,"{'cozum_basligi': 'Sistem/klasör yetki tanımlama süreci', 'adimlar': ['Adım 1: Talep, ilgili departman yöneticisinin onayına gönderilir.', 'Adım 2: Onay sonrası erişim, en az yetki prensibiyle tanımlanır.', 'Adım 3: Yetki tanımlandıktan sonra kullanıcıya bilgilendirme yapılır ve ticket kapatılır.'], 'self_service_uygun_mu': False}","['kullanici_adi', 'erisim_seviyesi', 'departman']",Okuma yetkisi mi yoksa yazma/düzenleme yetkisi mi gerekiyor?
T-3958,Rica etsem acil Veritabani baglantisi kopuyor rapor alamiyorum surekli hata,Arıza (Incident),Bilgi Teknolojileri,Sunucu/Sistem,Veritabanı Erişim Hatası,Yüksek,"{'cozum_basligi': 'Veritabanı erişim hatası çözümü', 'adimlar': ['Adım 1: Kullanıcının veritabanı bağlantı ayarları ve yetkileri kontrol edilir.', 'Adım 2: Veritabanı servisinin çalışır durumda olup olmadığı sistem ekibince doğrulanır.', 'Adım 3: Yetki/bağlantı sorunu devam ediyorsa veritabanı yöneticisine (DBA) ticket yönlendirilir.'], 'self_service_uygun_mu': False}","['uygulama_adi', 'hata_kodu', 'erisim_zamani']",Hangi uygulama/veritabanına erişmeye çalışıyorsunuz ve tam hata mesajı nedir?
T-3959,"Acilen Ofisimizdeki kolttuklar çok eskidi, ekip olarak değişim talep ediyoruz. Ne zaman çözülür acaba?",Hizmet Talebi (Service Request),İdari İşler,Satınalma/Malzeme,Ofis Mobilya Değişimi,Düşük,"{'cozum_basligi': 'Ofis mobilyası değişim süreci', 'adimlar': ['Adım 1: Mevcut mobilyanın durumu değerlendirilir ve değişim gerekçesi kaydedilir.', 'Adım 2: Bütçe/onay süreci tamamlandıktan sonra satınalma talebi açılır.', 'Adım 3: Yeni mobilya teslim alınıp kurulumu yapılır, eski mobilya değişim için alınır.'], 'self_service_uygun_mu': False}","['mobilya_turu', 'ofis_lokasyon', 'degisim_gerekcesi']",Hangi mobilyanın değişmesini istiyorsunuz ve mevcut olanın sorunu nedir?
T-3960,"Kaan Özdemir - kümülatif vergi matrahımla ilgili itirazım var, geçen yılki hesaplamayla tutarsız göünüyor.",Arıza (Incident),İnsan Kaynakları,Bordro & Özlük,Bordro Vergi Matrahı İtirazı,Orta,"{'cozum_basligi': 'Bordro vergi matrahı itiraz inceleme süreci', 'adimlar': ['Adım 1: İtiraz edilen dönemin vergi matrahı ve dilim hesaplaması bordro ekibi tarafından yeniden kontrol edilir.', 'Adım 2: Kümülatif matrah hesaplamasında hata olup olmadığı muhasebe ile teyit edilir.', 'Adım 3: Hata tespit edilirse düzeltme bir sonraki bordro döneminde uygulanır ve çalışana açıklama yapılır.'], 'self_service_uygun_mu': False}","['ad_soyad', 'donem', 'itiraz_detayi']","Vergi diliminin değiştiğini mi düşünüyorsunuz, yoksa kümülatif matrah hesaplamasında bir hata mı görüyorsunuz?"
T-3961,"Rica etsem acil Seyahat sırasında fişimi kaybettim, harcamamı nasıl beyan edebilirim? Ne zaman çözülür acaba?",Hizmet Talebi (Service Request),Finans,Masraf & Ödeme,Harcama Fişi Kayıp Beyanı,Düşük,"{'cozum_basligi': 'Kayıp harcama fişi beyan ve alternatif belge süreci', 'adimlar': ['Adım 1: Kayıp fiş beyan formu doldurulur, harcama tutarı ve tarihi beyan edilir.', 'Adım 2: Mümkünse kredi kartı ekstresi/dekont gibi alternatif kanıt belgesi talep edilir.', 'Adım 3: Finans ekibi beyanı değerlendirip onaylarsa masraf formu istisnai olarak işleme alınır.'], 'self_service_uygun_mu': False}","['ad_soyad', 'harcama_tutari', 'harcama_tarihi', 'kayip_beyani_gerekcesi']",Fişi kaybettiğinize göre elinizde kredi kartı ekstresi gibi tutarı doğrulayacak başka bir belge var mı?
T-3962,"Rica etsem acil Zeynep Özdemir - taksi fişim rüzgarla uçtu, kayıp beyan formunu doldurmam yeterli mi?",Hizmet Talebi (Service Request),Finans,Masraf & Ödeme,Harcama Fişi Kayıp Beyanı,Orta,"{'cozum_basligi': 'Kayıp harcama fişi beyan ve alternatif belge süreci', 'adimlar': ['Adım 1: Kayıp fiş beyan formu doldurulur, harcama tutarı ve tarihi beyan edilir.', 'Adım 2: Mümkünse kredi kartı ekstresi/dekont gibi alternatif kanıt belgesi talep edilir.', 'Adım 3: Finans ekibi beyanı değerlendirip onaylarsa masraf formu istisnai olarak işleme alınır.'], 'self_service_uygun_mu': False}","['ad_soyad', 'harcama_tutari', 'harcama_tarihi', 'kayip_beyani_gerekcesi']",Fişi kaybettiğinize göre elinizde kredi kartı ekstresi gibi tutarı doğrulayacak başka bir belge var mı?
T-3963,"Çok acil, Ucretsiz izin almak istiyorum yurtdisi cikisim var 15 gunluk",Hizmet Talebi (Service Request),İnsan Kaynakları,İzin Yönetimi,Ücretsiz İzin Talebi,Orta,"{'cozum_basligi': 'Ücretsiz izin talebi değerlendirme süreci', 'adimlar': ['Adım 1: Talep gerekçesi ve süresi ile birlikte kaydedilir.', 'Adım 2: Yönetici ve İK onayına gönderilir, SGK bildirimi gerekliliği kontrol edilir.', 'Adım 3: Onaylanması halinde ücretsiz izin süresi bordro ve SGK sistemine işlenir.'], 'self_service_uygun_mu': False}","['ad_soyad', 'talep_suresi', 'gerekce']",Ne kadar süreyle ücretsiz izin kullanmak istiyorsunuz ve gerekçeniz nedir?
T-3964,"Kerem Öztürk - servis durağımın değiştirilmesini talep ediyorum, ev taşındı.",Hizmet Talebi (Service Request),İdari İşler,Güvenlik & Ulaşım,Servis Güzergah Talebi,Düşük,"{'cozum_basligi': 'Personel servis güzergahı düzenleme', 'adimlar': ['Adım 1: Talep edilen adres mevcut güzergahlara uygunluk açısından incelenir.', 'Adım 2: Ulaşım/idari işler ekibi güzergah planlamasını günceller.', 'Adım 3: Yeni güzergah bilgisi çalışana ve servis şoförüne iletilir.'], 'self_service_uygun_mu': False}","['ev_adresi', 'mevcut_hat_no', 'talep_turu']",Mevcut servis güzergahınızda mı değişiklik istiyorsunuz yoksa yeni bir durak mı ekleniyor?
T-3965,"Rica etsem acil Yurtdisi harcamamda kur farki var odenen tutar dusuk geldi Bu konuda epeydir mağdurum, lütfen hızlı dönüş yapar mısınız?",Bilgi Talebi (Information),Finans,Masraf & Ödeme,Döviz Kuru Farkı/Uyumsuzluğu,Yüksek,"{'cozum_basligi': 'Döviz kuru farkı/uyumsuzluğu inceleme süreci', 'adimlar': ['Adım 1: Harcama tarihindeki resmi TCMB kuru ile sistemde kullanılan kur karşılaştırılır.', 'Adım 2: Fark tespit edilirse hangi kur kaynağının kullanıldığı muhasebe ile teyit edilir.', 'Adım 3: Hatalı hesaplama varsa düzeltme kaydı oluşturulur ve fark tazmin edilir.'], 'self_service_uygun_mu': False}","['ad_soyad', 'harcama_tarihi', 'doviz_tutar', 'kullanilan_kur']","Harcamanızın tarihini ve hangi döviz cinsinden olduğunu paylaşabilir misiniz, hangi kur baz alınmış görüyorsunuz?"
T-3966,"Hakan Özdemir - proej icin 5.000 TL avansa ihtiyacim var, acil onay rica ederim.",Hizmet Talebi (Service Request),Finans,Masraf & Ödeme,Avans Talebi,Yüksek,"{'cozum_basligi': 'Avans talebi işleme süreci', 'adimlar': ['Adım 1: Avans talebi tutarı ve gerekçesi (seyahat/proje) kaydedilir.', 'Adım 2: Yönetici ve finans onayına gönderilir.', 'Adım 3: Onay sonrası avans, belirtilen banka hesabına aktarılır.'], 'self_service_uygun_mu': False}","['ad_soyad', 'tutar', 'gerekce', 'seyahat_tarihi']",Avans hangi seyahat/proje için ve ne kadar tutar için gerekiyor?
T-3967,"Çok acil, Yeni işe başlayan arkadaşımız için bir laptop ve monitör kurulumu gerekiyor, Çağrı merkezi katı.",Hizmet Talebi (Service Request),Bilgi Teknolojileri,Donanım,Yeni Ekipman Kurulumu,Orta,"{'cozum_basligi': 'Yeni donanım ekipmanı kurulum süreci', 'adimlar': ['Adım 1: Talep, envanter ve bütçe onayı için yöneticiye/IT sorumlusuna iletilir.', 'Adım 2: Uygun ekipman depo stoğundan veya satın alma sürecinden temin edilir.', 'Adım 3: Kurulum IT saha ekibi tarafından belirlenen tarihte yerinde gerçekleştirilir.'], 'self_service_uygun_mu': False}","['ekipman_turu', 'kullanici_adi', 'ofis_lokasyon', 'talep_tarihi']","Hangi ekipmana ihtiyacınız var ve kimin için, hangi lokasyona kurulacak?"
T-3968,Acilen Tedarikçi firmadan gelecek kişi için otopark yer ayrılabilir mi 22 Kasım?,Hizmet Talebi (Service Request),İdari İşler,Güvenlik & Ulaşım,Misafir Otopark İzni,Düşük,"{'cozum_basligi': 'Misafir otopark giriş izni tanımlama', 'adimlar': ['Adım 1: Misafirin plaka bilgisi ve ziyaret tarihi/saati alınır.', 'Adım 2: Güvenlik birimine otopark giriş izni tanımlanır.', 'Adım 3: Misafir giriş yaptığında güvenlik plaka üzerinden yönlendirme yapar.'], 'self_service_uygun_mu': False}","['misafir_ad_soyad', 'plaka_no', 'ziyaret_tarihi_saati']",Misafirinizin plaka bilgisi ve ziyaret saati nedir?
T-3969,"Çok acil, Excel'de formüller birden hatalı sonuç vermeye başladı, doosya bozuldu galiba. Gerçekten çok sıkıntı oluyor, bir an önce ilgilenirseniz sevinirim.",Arıza (Incident),Bilgi Teknolojileri,Yazılım,Uygulama Hatası (Outlook/Teams/Excel vb.),Orta,"{'cozum_basligi': 'Uygulama hatası giderme', 'adimlar': ['Adım 1: Uygulama tamamen kapatılıp yeniden açılır, gerekirse bilgisayar yeniden başlatılır.', 'Adım 2: Uygulama güncellemesi kontrol edilir ve önbellek/geçici dosyalar temizlenir.', 'Adım 3: Hata devam ederse ekran görüntüsüyle birlikte yazılım destek ekibine ticket açılır.'], 'self_service_uygun_mu': True}","['uygulama_adi', 'hata_mesaji', 'kullanici_adi']",Uygulama hiç açılmıyor mu yoksa belirli bir işlem sırasında mı hata veriyor?
T-3970,Yeni gelen arkadaş icin masa sandalye lazim,Hizmet Talebi (Service Request),İdari İşler,Satınalma/Malzeme,Ofis Mobilya Değişimi,Düşük,"{'cozum_basligi': 'Ofis mobilyası değişim süreci', 'adimlar': ['Adım 1: Mevcut mobilyanın durumu değerlendirilir ve değişim gerekçesi kaydedilir.', 'Adım 2: Bütçe/onay süreci tamamlandıktan sonra satınalma talebi açılır.', 'Adım 3: Yeni mobilya teslim alınıp kurulumu yapılır, eski mobilya değişim için alınır.'], 'self_service_uygun_mu': False}","['mobilya_turu', 'ofis_lokasyon', 'degisim_gerekcesi']",Hangi mobilyanın değişmesini istiyorsunuz ve mevcut olanın sorunu nedir?
T-3971,Toner bitti acil Bodrum kat arşiv,Hizmet Talebi (Service Request),İdari İşler,Ofis Ekipmanı,Toner/Kartuş Talebi,Düşük,"{'cozum_basligi': 'Toner/kartuş temin süreci', 'adimlar': ['Adım 1: Depo stok durumu kontrol edilir.', 'Adım 2: Uygun toner/kartuş belirtilen yazıcı lokasyonuna teslim edilir.', 'Adım 3: Stokta bulunmuyorsa satınalma süreci tetiklenir ve tahmini teslim süresi bildirilir.'], 'self_service_uygun_mu': False}","['yazici_lokasyon', 'yazici_marka_model', 'toner_kartus_kodu']","Yazıcının marka ve modeli nedir, doğru toner kodunu belirleyebilmemiz için gerekli?"
T-3972,Servisim saatinde gelmiyor son 1 hatadir surekli gec kaliyor,Bilgi Talebi (Information),İdari İşler,Güvenlik & Ulaşım,Servis Güzergah Talebi,Düşük,"{'cozum_basligi': 'Personel servis güzergahı düzenleme', 'adimlar': ['Adım 1: Talep edilen adres mevcut güzergahlara uygunluk açısından incelenir.', 'Adım 2: Ulaşım/idari işler ekibi güzergah planlamasını günceller.', 'Adım 3: Yeni güzergah bilgisi çalışana ve servis şoförüne iletilir.'], 'self_service_uygun_mu': False}","['ev_adresi', 'mevcut_hat_no', 'talep_turu']",Mevcut servis güzergahınızda mı değişiklik istiyorsunuz yoksa yeni bir durak mı ekleniyor?
T-3973,"Taşındım, servis güzergahımın güncellenmesi gerekiyor.",Hizmet Talebi (Service Request),İdari İşler,Güvenlik & Ulaşım,Servis Güzergah Talebi,Düşük,"{'cozum_basligi': 'Personel servis güzergahı düzenleme', 'adimlar': ['Adım 1: Talep edilen adres mevcut güzergahlara uygunluk açısından incelenir.', 'Adım 2: Ulaşım/idari işler ekibi güzergah planlamasını günceller.', 'Adım 3: Yeni güzergah bilgisi çalışana ve servis şoförüne iletilir.'], 'self_service_uygun_mu': False}","['ev_adresi', 'mevcut_hat_no', 'talep_turu']",Mevcut servis güzergahınızda mı değişiklik istiyorsunuz yoksa yeni bir durak mı ekleniyor?
T-3974,"Nazlı Demir - eşimin dedesi vefat etti, 1 günlük mazeret izni kullanabilir miyim?",Hizmet Talebi (Service Request),İnsan Kaynakları,İzin Yönetimi,Vefat/Mazeret İzni Talebi,Orta,"{'cozum_basligi': 'Vefat/mazeret izni tanımlama süreci', 'adimlar': ['Adım 1: Yakınlık derecesi ve vefat tarihi bilgisi alınır (mümkünse belge sonradan tamamlanabilir).', 'Adım 2: Yasal mazeret izni (1. derece yakın için 3 gün) sisteme derhal tanımlanır.', 'Adım 3: Yönetici bilgilendirilir, çalışanın dönüş tarihi takip edilir.'], 'self_service_uygun_mu': False}","['ad_soyad', 'yakinlik_derecesi', 'izin_baslangic_tarihi']","Başsağlığı dileriz, yakınlık dereceniz nedir ve izninizin ne zaman başlamasını istersiniz?"
T-3975,"Rica etsem acil Otel faturamı kaybettim, otel tekrar gönderebilir mi yoksa beayn mı yapmam lazım?",Hizmet Talebi (Service Request),Finans,Masraf & Ödeme,Harcama Fişi Kayıp Beyanı,Düşük,"{'cozum_basligi': 'Kayıp harcama fişi beyan ve alternatif belge süreci', 'adimlar': ['Adım 1: Kayıp fiş beyan formu doldurulur, harcama tutarı ve tarihi beyan edilir.', 'Adım 2: Mümkünse kredi kartı ekstresi/dekont gibi alternatif kanıt belgesi talep edilir.', 'Adım 3: Finans ekibi beyanı değerlendirip onaylarsa masraf formu istisnai olarak işleme alınır.'], 'self_service_uygun_mu': False}","['ad_soyad', 'harcama_tutari', 'harcama_tarihi', 'kayip_beyani_gerekcesi']",Fişi kaybettiğinize göre elinizde kredi kartı ekstresi gibi tutarı doğrulayacak başka bir belge var mı?
T-3976,"8.671 TL tutarındaki fatura hâlâ ödenmemiş görünüyor, Deniz Teknoloji A.Ş..",Bilgi Talebi (Information),Finans,Masraf & Ödeme,Fatura Ödeme Takibi,Orta,"{'cozum_basligi': 'Fatura ödeme durumu takibi', 'adimlar': ['Adım 1: Fatura numarası ile muhasebe/ERP sisteminde ödeme kaydı sorgulanır.', 'Adım 2: Ödeme planlanan tarih ve onay durumu kontrol edilir.', 'Adım 3: Gecikme varsa ödeme sorumlusuna hatırlatma yapılır ve tedarikçiye bilgi verilir.'], 'self_service_uygun_mu': True}","['fatura_no', 'vade_tarihi']",Fatura numarasını ve tedarikçi firma adını paylaşabilir misiniz?
T-3977,Yeni stajyerimiz için emmail ve sistem hesabı oluşturulmasını rica ederim.,Hizmet Talebi (Service Request),Bilgi Teknolojileri,Güvenlik ve Erişim,Yeni Kullanıcı Hesabı,Orta,"{'cozum_basligi': 'Yeni kullanıcı hesabı açma süreci', 'adimlar': [""Adım 1: İK'dan işe giriş onayı ve pozisyon bilgisi teyit edilir."", 'Adım 2: Aktif Dizin üzerinde hesap oluşturulur ve gerekli grup üyelikleri tanımlanır.', 'Adım 3: E-posta ve sistem erişim bilgileri ilk giriş kılavuzuyla birlikte iletilir.'], 'self_service_uygun_mu': False}","['ad_soyad', 'departman', 'ise_baslama_tarihi', 'pozisyon']","Yeni çalışanın işe başlama tarihi ve departmanı nedir, hangi sistemlere erişimi olması gerekiyor?"
T-3978,Avans talebim onaylandi ama param hesaima gecmedi hala,Hizmet Talebi (Service Request),Finans,Masraf & Ödeme,Avans Talebi,Düşük,"{'cozum_basligi': 'Avans talebi işleme süreci', 'adimlar': ['Adım 1: Avans talebi tutarı ve gerekçesi (seyahat/proje) kaydedilir.', 'Adım 2: Yönetici ve finans onayına gönderilir.', 'Adım 3: Onay sonrası avans, belirtilen banka hesabına aktarılır.'], 'self_service_uygun_mu': False}","['ad_soyad', 'tutar', 'gerekce', 'seyahat_tarihi']",Avans hangi seyahat/proje için ve ne kadar tutar için gerekiyor?
T-3979,Vergi dilimi degisti diye maasim dustu ama hesaplama yanlis gibi geldi bana,Arıza (Incident),İnsan Kaynakları,Bordro & Özlük,Bordro Vergi Matrahı İtirazı,Düşük,"{'cozum_basligi': 'Bordro vergi matrahı itiraz inceleme süreci', 'adimlar': ['Adım 1: İtiraz edilen dönemin vergi matrahı ve dilim hesaplaması bordro ekibi tarafından yeniden kontrol edilir.', 'Adım 2: Kümülatif matrah hesaplamasında hata olup olmadığı muhasebe ile teyit edilir.', 'Adım 3: Hata tespit edilirse düzeltme bir sonraki bordro döneminde uygulanır ve çalışana açıklama yapılır.'], 'self_service_uygun_mu': False}","['ad_soyad', 'donem', 'itiraz_detayi']","Vergi diliminin değiştiğini mi düşünüyorsunuz, yoksa kümülatif matrah hesaplamasında bir hata mı görüyorsunuz?"
T-3980,"SAP şifremi unuttum, sıfırlama linki de gelmiyor mailime. Bu konuda epeydir mağdurum, lütfen hızlı dönüş yapar mısınız?",Hizmet Talebi (Service Request),Bilgi Teknolojileri,Güvenlik ve Erişim,Şifre Sıfırlama,Düşük,"{'cozum_basligi': 'Şifre sıfırlama işlemi', 'adimlar': ['Adım 1: Kimlik doğrulama (çalışan sicil no / kayıtlı e-posta) yapılır.', 'Adım 2: Self servis şifre sıfırlama portalı üzerinden geçici şifre oluşturulur.', 'Adım 3: Portal üzerinden çözülemiyorsa IT güvenlik ekibi manuel sıfırlama için ticket açar.'], 'self_service_uygun_mu': True}","['kullanici_adi', 'sicil_no', 'sistem_adi']","Hangi sistemin şifresini sıfırlamamız gerekiyor: e-posta, bilgisayar girişi yoksa başka bir uygulama mı?"
T-3981,Masaustu bilgisayarim 24 Eylul tarihinden beri surekli kendi kendine kapaniyor.,Arıza (Incident),Bilgi Teknolojileri,Donanım,Bilgisayar Arıza/Onarım,Orta,"{'cozum_basligi': 'Bilgisayar donanım arızası ilk müdahale', 'adimlar': ['Adım 1: Cihaz kapatılıp yeniden başlatılır, güç kablosu ve bağlantılar kontrol edilir.', 'Adım 2: Uzaktan tanı aracıyla donanım sağlık testi çalıştırılır.', 'Adım 3: Sorun devam ederse yerinde teknik destek için ticket açılır ve teknisyen yönlendirilir.'], 'self_service_uygun_mu': True}","['cihaz_seri_no', 'ofis_lokasyon', 'ariza_tanimi']",Sorun ne zaman başladı ve hangi lokasyondaki cihazdan bahsediyoruz?
T-3982,Şifremi unuttum bilgisayara giremiyorum,Hizmet Talebi (Service Request),Bilgi Teknolojileri,Güvenlik ve Erişim,Şifre Sıfırlama,Düşük,"{'cozum_basligi': 'Şifre sıfırlama işlemi', 'adimlar': ['Adım 1: Kimlik doğrulama (çalışan sicil no / kayıtlı e-posta) yapılır.', 'Adım 2: Self servis şifre sıfırlama portalı üzerinden geçici şifre oluşturulur.', 'Adım 3: Portal üzerinden çözülemiyorsa IT güvenlik ekibi manuel sıfırlama için ticket açar.'], 'self_service_uygun_mu': True}","['kullanici_adi', 'kayitli_email']",Şifrenizi mi unuttunuz yoksa hesabınız mı kilitlendi?
T-3983,"Çağrı merkezi katı'daki elektrik panosundan ses geliyor, biraz endişe verici.",Arıza (Incident),İdari İşler,Bina/Tesis Bakım,Elektrik/Aydınlatma Arızası,Orta,"{'cozum_basligi': 'Elektrik/aydınlatma arıza giderme', 'adimlar': ['Adım 1: Sigorta atmış mı, ampul/armatür arızalı mı kontrol edilir.', 'Adım 2: Bina teknik ekibi lokasyona yönlendirilir.', 'Adım 3: Kalıcı çözüm için gerekiyorsa dış elektrik servisi çağrılır.'], 'self_service_uygun_mu': False}","['ofis_lokasyon', 'ariza_tanimi', 'aciliyet_durumu']",Sorun tüm katta mı yoksa belirli bir bölgede/masada mı yaşanıyor?
T-3984,"Rica etsem acil Gizem Yılmaz - kümülatif vergi matrahımla ilgili itirazım var, geçen yılki hesaplamayla tutarsız görünüyor. Bu konuda epeydir mağdurum, lütfen hızlı dönüş yapar mısınız?",Arıza (Incident),İnsan Kaynakları,Bordro & Özlük,Bordro Vergi Matrahı İtirazı,Orta,"{'cozum_basligi': 'Bordro vergi matrahı itiraz inceleme süreci', 'adimlar': ['Adım 1: İtiraz edilen dönemin vergi matrahı ve dilim hesaplaması bordro ekibi tarafından yeniden kontrol edilir.', 'Adım 2: Kümülatif matrah hesaplamasında hata olup olmadığı muhasebe ile teyit edilir.', 'Adım 3: Hata tespit edilirse düzeltme bir sonraki bordro döneminde uygulanır ve çalışana açıklama yapılır.'], 'self_service_uygun_mu': False}","['ad_soyad', 'donem', 'itiraz_detayi']","Vergi diliminin değiştiğini mi düşünüyorsunuz, yoksa kümülatif matrah hesaplamasında bir hata mı görüyorsunuz?"
T-3985,"Çatıdan su sızıntısı var B blok 4. kat tavanında, leke büyüyr giderek.",Arıza (Incident),İdari İşler,Bina/Tesis Bakım,Bina İçi Teknik Bakım Talebi,Düşük,"{'cozum_basligi': 'Genel bina içi teknik bakım süreci', 'adimlar': ['Adım 1: Talep bina teknik bakım ekibine iletilir ve önceliklendirilir.', 'Adım 2: Uygun teknisyen belirlenen lokasyona yönlendirilir.', 'Adım 3: Bakım/onarım tamamlandıktan sonra talep sahibine bilgi verilir.'], 'self_service_uygun_mu': False}","['ofis_lokasyon', 'sorun_tanimi', 'uygun_zaman_araligi']","Sorun tam olarak nedir ve hangi alanda (kapı, su tesisatı, asansör vb.) yaşanıyor?"
T-3986,"Lütfen acil İrem Şimsek - proje icin 5.000 TL avansa ihtiyacim var, acil onay rica ederim. İşlerim çok aksıyor, acil çözüm bekliyorum.",Hizmet Talebi (Service Request),Finans,Masraf & Ödeme,Avans Talebi,Orta,"{'cozum_basligi': 'Avans talebi işleme süreci', 'adimlar': ['Adım 1: Avans talebi tutarı ve gerekçesi (seyahat/proje) kaydedilir.', 'Adım 2: Yönetici ve finans onayına gönderilir.', 'Adım 3: Onay sonrası avans, belirtilen banka hesabına aktarılır.'], 'self_service_uygun_mu': False}","['ad_soyad', 'tutar', 'gerekce', 'seyahat_tarihi']",Avans hangi seyahat/proje için ve ne kadar tutar için gerekiyor?
T-3987,1 Ekim tarihindeki iznimi iptal etmek istiyorum.,Hizmet Talebi (Service Request),İnsan Kaynakları,İzin Yönetimi,İzin İptal/Değişiklik,Düşük,"{'cozum_basligi': 'İzin iptal/değişiklik işlemi', 'adimlar': ['Adım 1: Mevcut izin kaydı sistemde bulunur ve doğrulanır.', 'Adım 2: İptal/değişiklik talebi yöneticinin onayına yeniden gönderilir.', 'Adım 3: Onay sonrası izin bakiyesi ve takvim güncellenir.'], 'self_service_uygun_mu': True}","['ad_soyad', 'mevcut_izin_tarihi', 'yeni_talep']",İzninizi tamamen iptal mi etmek istiyorsunuz yoksa tarihini mi değiştirmek istiyorsunuz?
T-3988,"Yarın saat 14:00'te bir müşteri ziyaretimiz var, giriş izni gerekiyor.",Hizmet Talebi (Service Request),İdari İşler,Güvenlik & Ulaşım,Ziyaretçi Giriş Talebi,Düşük,"{'cozum_basligi': 'Ziyaretçi giriş kaydı oluşturma', 'adimlar': ['Adım 1: Ziyaretçi bilgileri (ad soyad, TC/kimlik, ziyaret amacı) alınır.', 'Adım 2: Güvenlik birimine ziyaret tarihi ve saati bildirilir.', 'Adım 3: Ziyaretçi giriş gününde resepsiyonda kayıt yapılıp kartı teslim edilir.'], 'self_service_uygun_mu': False}","['ziyaretci_ad_soyad', 'ziyaret_tarihi_saati', 'ziyaret_edilen_kisi']","Ziyaretçinin adı, ziyaret tarihi/saati ve kimi ziyaret edeceği bilgisini alabilir miyim?"
T-3989,"Çok acil, Kulaklığımın mikrofonu çalışmyor, toplantılarda beni duyamıyorlar.",Arıza (Incident),Bilgi Teknolojileri,Donanım,Monitör/Çevre Birimi Arızası,Yüksek,"{'cozum_basligi': 'Monitör/çevre birimi arıza tespiti', 'adimlar': ['Adım 1: Kablo bağlantıları (HDMI/VGA/güç) ve monitör güç düğmesi kontrol edilir.', 'Adım 2: Farklı bir kablo veya port ile test yapılır.', 'Adım 3: Arıza devam ediyorsa cihaz değişimi için IT saha ekibine ticket açılır.'], 'self_service_uygun_mu': True}","['cihaz_turu', 'kullanici_adi', 'ofis_lokasyon']",Ekranda hiç görüntü mü yok yoksa titreme/renk bozukluğu mu var?
T-3990,Evden balganamiyorum vpn e sürekli hata veriyor,Arıza (Incident),Bilgi Teknolojileri,Ağ/Network,VPN Erişim Sorunu,Düşük,"{'cozum_basligi': 'VPN bağlantı sorunu çözümü', 'adimlar': ['Adım 1: VPN istemcisi güncel mi kontrol edilir, kullanıcı adı/şifre doğrulanır.', 'Adım 2: İnternet bağlantısı ve güvenlik duvarı ayarları kontrol edilir, istemci yeniden başlatılır.', 'Adım 3: Erişim devam etmiyorsa VPN sertifikası/erişim yetkisi için ticket açılır.'], 'self_service_uygun_mu': True}","['kullanici_adi', 'cihaz_turu', 'hata_mesaji']",Evden mi yoksa başka bir lokasyondan mı bağlanmaya çalışıyorsunuz?
T-3991,"9 Mart günü tedarikçi firmadan 2 kişi gelecek, resepsiyona bildirim yapar mısınız?",Hizmet Talebi (Service Request),İdari İşler,Güvenlik & Ulaşım,Ziyaretçi Giriş Talebi,Düşük,"{'cozum_basligi': 'Ziyaretçi giriş kaydı oluşturma', 'adimlar': ['Adım 1: Ziyaretçi bilgileri (ad soyad, TC/kimlik, ziyaret amacı) alınır.', 'Adım 2: Güvenlik birimine ziyaret tarihi ve saati bildirilir.', 'Adım 3: Ziyaretçi giriş gününde resepsiyonda kayıt yapılıp kartı teslim edilir.'], 'self_service_uygun_mu': False}","['ziyaretci_ad_soyad', 'ziyaret_tarihi_saati', 'ziyaret_edilen_kisi']","Ziyaretçinin adı, ziyaret tarihi/saati ve kimi ziyaret edeceği bilgisini alabilir miyim?"
T-3992,"Acilen Şifremi unuttum bilgisayara giremiyorum Gerçekten çok sıkıntı oluyor, bir an önce ilgilenirseniz sevinirim.",Hizmet Talebi (Service Request),Bilgi Teknolojileri,Güvenlik ve Erişim,Şifre Sıfırlama,Orta,"{'cozum_basligi': 'Şifre sıfırlama işlemi', 'adimlar': ['Adım 1: Kimlik doğrulama (çalışan sicil no / kayıtlı e-posta) yapılır.', 'Adım 2: Self servis şifre sıfırlama portalı üzerinden geçici şifre oluşturulur.', 'Adım 3: Portal üzerinden çözülemiyorsa IT güvenlik ekibi manuel sıfırlama için ticket açar.'], 'self_service_uygun_mu': True}","['kullanici_adi', 'sicil_no', 'sistem_adi']","Hangi sistemin şifresini sıfırlamamız gerekiyor: e-posta, bilgisayar girişi yoksa başka bir uygulama mı?"
T-3993,Toner bitti acil Ankara ofisi,Hizmet Talebi (Service Request),İdari İşler,Ofis Ekipmanı,Toner/Kartuş Talebi,Düşük,"{'cozum_basligi': 'Toner/kartuş temin süreci', 'adimlar': ['Adım 1: Depo stok durumu kontrol edilir.', 'Adım 2: Uygun toner/kartuş belirtilen yazıcı lokasyonuna teslim edilir.', 'Adım 3: Stokta bulunmuyorsa satınalma süreci tetiklenir ve tahmini teslim süresi bildirilir.'], 'self_service_uygun_mu': False}","['yazici_lokasyon', 'yazici_marka_model', 'toner_kartus_kodu']","Yazıcının marka ve modeli nedir, doğru toner kodunu belirleyebilmemiz için gerekli?"
T-3994,"Çok acil, Pınar Koç - evlilik iznim için gerekli evrk nedir, nikah tarihimiz 16 Aralık. Teşekkür ederim şimdiden.",Hizmet Talebi (Service Request),İnsan Kaynakları,İzin Yönetimi,Evlilik İzni Talebi,Düşük,"{'cozum_basligi': 'Evlilik izni tanımlama süreci', 'adimlar': ['Adım 1: Evlilik tarihi ve evlilik cüzdanı bilgisi talep edilir.', 'Adım 2: İş kanunu kapsamındaki 3 günlük evlilik izni sisteme tanımlanır.', 'Adım 3: Yönetici onayı sonrası izin takvime işlenir.'], 'self_service_uygun_mu': False}","['ad_soyad', 'evlilik_tarihi', 'izin_baslangic_tarihi']",Evlilik tarihiniz nedir ve izninizi ne zaman kullanmak istiyorsunuz?
T-3995,"Outlook sifremin suresi doldu, yenileyemiyorum, surekli hata veriyor.",Hizmet Talebi (Service Request),Bilgi Teknolojileri,Güvenlik ve Erişim,Şifre Sıfırlama,Düşük,"{'cozum_basligi': 'Şifre sıfırlama işlemi', 'adimlar': ['Adım 1: Kimlik doğrulama (çalışan sicil no / kayıtlı e-posta) yapılır.', 'Adım 2: Self servis şifre sıfırlama portalı üzerinden geçici şifre oluşturulur.', 'Adım 3: Portal üzerinden çözülemiyorsa IT güvenlik ekibi manuel sıfırlama için ticket açar.'], 'self_service_uygun_mu': True}","['kullanici_adi', 'sicil_no', 'sistem_adi']","Hangi sistemin şifresini sıfırlamamız gerekiyor: e-posta, bilgisayar girişi yoksa başka bir uygulama mı?"
T-3996,Sifre sifirllama lazim Fatih Yılmaz,Arıza (Incident),Bilgi Teknolojileri,Güvenlik ve Erişim,Şifre Sıfırlama,Orta,"{'cozum_basligi': 'Şifre sıfırlama işlemi', 'adimlar': ['Adım 1: Kimlik doğrulama (çalışan sicil no / kayıtlı e-posta) yapılır.', 'Adım 2: Self servis şifre sıfırlama portalı üzerinden geçici şifre oluşturulur.', 'Adım 3: Portal üzerinden çözülemiyorsa IT güvenlik ekibi manuel sıfırlama için ticket açar.'], 'self_service_uygun_mu': True}","['kullanici_adi', 'sicil_no', 'sistem_adi']","Hangi sistemin şifresini sıfırlamamız gerekiyor: e-posta, bilgisayar girişi yoksa başka bir uygulama mı?"
T-3997,Toner bitti acil Genel Müdürlük binası,Hizmet Talebi (Service Request),İdari İşler,Ofis Ekipmanı,Toner/Kartuş Talebi,Orta,"{'cozum_basligi': 'Toner/kartuş temin süreci', 'adimlar': ['Adım 1: Depo stok durumu kontrol edilir.', 'Adım 2: Uygun toner/kartuş belirtilen yazıcı lokasyonuna teslim edilir.', 'Adım 3: Stokta bulunmuyorsa satınalma süreci tetiklenir ve tahmini teslim süresi bildirilir.'], 'self_service_uygun_mu': False}","['yazici_lokasyon', 'yazici_marka_model', 'toner_kartus_kodu']","Yazıcının marka ve modeli nedir, doğru toner kodunu belirleyebilmemiz için gerekli?"
T-3998,Raporlama ekrranı 'veritabanına bağlanılamıyor' hatası veriyor.,Arıza (Incident),Bilgi Teknolojileri,Sunucu/Sistem,Veritabanı Erişim Hatası,Orta,"{'cozum_basligi': 'Veritabanı erişim hatası çözümü', 'adimlar': ['Adım 1: Kullanıcının veritabanı bağlantı ayarları ve yetkileri kontrol edilir.', 'Adım 2: Veritabanı servisinin çalışır durumda olup olmadığı sistem ekibince doğrulanır.', 'Adım 3: Yetki/bağlantı sorunu devam ediyorsa veritabanı yöneticisine (DBA) ticket yönlendirilir.'], 'self_service_uygun_mu': False}","['uygulama_adi', 'hata_kodu', 'erisim_zamani']",Hangi uygulama/veritabanına erişmeye çalışıyorsunuz ve tam hata mesajı nedir?
T-3999,"Ofiste internet yok, herkes şikayet ediyor 2. kat toplantı koridoru'da. Ayrıca Wifi de aynı şekilde çok zayıf çekiyor bu arada",Arıza (Incident),Bilgi Teknolojileri,Ağ/Network,İnternet Bağlantı Sorunu,Yüksek,"{'cozum_basligi': 'İnternet bağlantı arızası ilk müdahale', 'adimlar': ['Adım 1: Modem/router yeniden başlatılır, kablo bağlantıları kontrol edilir.', 'Adım 2: Farklı bir cihaz veya prizden bağlantı test edilir.', 'Adım 3: Sorun devam ederse altyapı ekibine ticket açılır ve etkilenen kişi sayısı raporlanır.'], 'self_service_uygun_mu': True}","['ofis_lokasyon', 'etkilenen_kisi_sayisi', 'baslangic_zamani']",Kaç kişiyi etkiliyor bu sorun ve hangi lokasyondasınız?
T-4000,Çagri merkezi kati yazicisi 'kagit sikisti' uyarisi veriyor ama iceride kagit gorunmuyor.,Arıza (Incident),İdari İşler,Ofis Ekipmanı,Yazıcı/Fotokopi Arıza Bildirimi,Orta,"{'cozum_basligi': 'Yazıcı/fotokopi arıza giderme', 'adimlar': ['Adım 1: Kağıt sıkışması, kapak açık kalması gibi görünür arızalar kontrol edilir.', 'Adım 2: Cihaz yeniden başlatılır ve sürücü/bağlantı ayarları kontrol edilir.', 'Adım 3: Sorun devam ederse teknik servis çağrısı için ticket açılır.'], 'self_service_uygun_mu': True}","['yazici_lokasyon', 'yazici_marka_model', 'ariza_tanimi']",Hangi kattaki/lokasyondaki yazıcıdan bahsediyorsunuz?
T-4001,"Masaustu bilgisayarim 12 Ekim tarihinden beri surekli kendi kendine kapaniyor. Bir de Klavyem de arada tus basmiyor, onu da kontrol ettirmek isterim",Arıza (Incident),Bilgi Teknolojileri,Donanım,Bilgisayar Arıza/Onarım,Yüksek,"{'cozum_basligi': 'Bilgisayar donanım arızası ilk müdahale', 'adimlar': ['Adım 1: Cihaz kapatılıp yeniden başlatılır, güç kablosu ve bağlantılar kontrol edilir.', 'Adım 2: Uzaktan tanı aracıyla donanım sağlık testi çalıştırılır.', 'Adım 3: Sorun devam ederse yerinde teknik destek için ticket açılır ve teknisyen yönlendirilir.'], 'self_service_uygun_mu': True}","['cihaz_seri_no', 'ofis_lokasyon', 'ariza_tanimi']","Cihazınız hiç açılmıyor mu yoksa açılıp kapanıyor mu, ayrıca cihazın seri numarasını paylaşabilir misiniz?"
T-4002,"Kaan Aslan - seyahat masraf formum reddedildi ama sebep yazmiyor, ogrenebilir miyim?",Arıza (Incident),Finans,Masraf & Ödeme,Masraf/Harcama Formu Onayı,Orta,"{'cozum_basligi': 'Masraf/harcama formu onay süreci takibi', 'adimlar': ['Adım 1: Formun onay akışındaki mevcut adımı (yönetici/finans) sistemden kontrol edilir.', 'Adım 2: Bekleyen onaycıya hatırlatma bildirimi gönderilir.', 'Adım 3: Onay gecikmesi devam ederse finans ekibi manuel müdahale için ticket açar.'], 'self_service_uygun_mu': True}","['ad_soyad', 'harcama_tarihi', 'tutar']",Formun numarasını veya harcama tutarını paylaşabilir misiniz?
T-4003,22 Mart tarihinde işe başlayacak Barış Çetin için yeni hesap açılması gerekiyor.,Hizmet Talebi (Service Request),Bilgi Teknolojileri,Güvenlik ve Erişim,Yeni Kullanıcı Hesabı,Yüksek,"{'cozum_basligi': 'Yeni kullanıcı hesabı açma süreci', 'adimlar': [""Adım 1: İK'dan işe giriş onayı ve pozisyon bilgisi teyit edilir."", 'Adım 2: Aktif Dizin üzerinde hesap oluşturulur ve gerekli grup üyelikleri tanımlanır.', 'Adım 3: E-posta ve sistem erişim bilgileri ilk giriş kılavuzuyla birlikte iletilir.'], 'self_service_uygun_mu': False}","['ad_soyad', 'yonetici_adi', 'gerekli_sistemler']","Yeni çalışanın işe başlama tarihi ve departmanı nedir, hangi sistemlere erişimi olması gerekiyor?"
T-4004,"Çok acil, Evlilik bildirimimi yapmak istiyorum, gerekli evrakları nereye iletebilirim? Gerçekten çok sıkıntı oluyor, bir an önce ilgilenirseniz sevinirim.",Hizmet Talebi (Service Request),İnsan Kaynakları,Bordro & Özlük,Evlilik Bildirimi,Düşük,"{'cozum_basligi': 'Evlilik durum değişikliği kayıt süreci', 'adimlar': ['Adım 1: Evlilik cüzdanı fotokopisi/belgesi çalışandan talep edilir.', 'Adım 2: Medeni hal ve varsa soyadı bilgisi İK sisteminde güncellenir.', 'Adım 3: Vergi matrahı, SGK ve varsa özel sağlık sigortası kayıtları güncellenmesi için ilgili birimlere bilgi verilir.'], 'self_service_uygun_mu': False}","['ad_soyad', 'evlilik_tarihi', 'evlilik_cuzdani_belgesi']","Evlilik tarihinizi ve evlilik cüzdanı belgesini paylaşabilir misiniz, medeni hal güncellemesi için gerekiyor?"
T-4005,"Zeynep Aydın - proje için 5.000 TL avansa ihtiyacım var, acil onay rica ederim.",Hizmet Talebi (Service Request),Finans,Masraf & Ödeme,Avans Talebi,Yüksek,"{'cozum_basligi': 'Avans talebi işleme süreci', 'adimlar': ['Adım 1: Avans talebi tutarı ve gerekçesi (seyahat/proje) kaydedilir.', 'Adım 2: Yönetici ve finans onayına gönderilir.', 'Adım 3: Onay sonrası avans, belirtilen banka hesabına aktarılır.'], 'self_service_uygun_mu': False}","['ad_soyad', 'tutar', 'gerekce', 'seyahat_tarihi']",Avans hangi seyahat/proje için ve ne kadar tutar için gerekiyor?
T-4006,"Lütfen acil Masraf formumu doldurdum ama sistemde hala taslak gorunuyor, gonderemedim. Gerçekten çok sıkıntı oluyor, bir an önce ilgilenirseniz sevinirim.",Arıza (Incident),Finans,Masraf & Ödeme,Masraf/Harcama Formu Onayı,Orta,"{'cozum_basligi': 'Masraf/harcama formu onay süreci takibi', 'adimlar': ['Adım 1: Formun onay akışındaki mevcut adımı (yönetici/finans) sistemden kontrol edilir.', 'Adım 2: Bekleyen onaycıya hatırlatma bildirimi gönderilir.', 'Adım 3: Onay gecikmesi devam ederse finans ekibi manuel müdahale için ticket açar.'], 'self_service_uygun_mu': True}","['form_no', 'tutar', 'onay_bekleyen_kisi']",Formun numarasını veya harcama tutarını paylaşabilir misiniz?
T-4007,"Yazıcı kartuşu değişmesi gerekiyor, mürekkep bitti sanırım.",Hizmet Talebi (Service Request),İdari İşler,Ofis Ekipmanı,Toner/Kartuş Talebi,Orta,"{'cozum_basligi': 'Toner/kartuş temin süreci', 'adimlar': ['Adım 1: Depo stok durumu kontrol edilir.', 'Adım 2: Uygun toner/kartuş belirtilen yazıcı lokasyonuna teslim edilir.', 'Adım 3: Stokta bulunmuyorsa satınalma süreci tetiklenir ve tahmini teslim süresi bildirilir.'], 'self_service_uygun_mu': False}","['yazici_lokasyon', 'yazici_marka_model', 'toner_kartus_kodu']","Yazıcının marka ve modeli nedir, doğru toner kodunu belirleyebilmemiz için gerekli?"
T-4008,"Bilgisayar açılırken mavi ekran hatası veriyor, tekrar tekrar deniyorum olmuyor. Bir de Klavyem de arada tuş basmıyor, onu da kontrol ettirmek isterim",Hizmet Talebi (Service Request),Bilgi Teknolojileri,Donanım,Bilgisayar Arıza/Onarım,Yüksek,"{'cozum_basligi': 'Bilgisayar donanım arızası ilk müdahale', 'adimlar': ['Adım 1: Cihaz kapatılıp yeniden başlatılır, güç kablosu ve bağlantılar kontrol edilir.', 'Adım 2: Uzaktan tanı aracıyla donanım sağlık testi çalıştırılır.', 'Adım 3: Sorun devam ederse yerinde teknik destek için ticket açılır ve teknisyen yönlendirilir.'], 'self_service_uygun_mu': True}","['cihaz_seri_no', 'ofis_lokasyon', 'ariza_tanimi']",Sorun ne zaman başladı ve hangi lokasyondaki cihazdan bahsediyoruz?
T-4009,"Rica etsem acil Asansör çok yavaş çalışıyor, bazen katta durup açılmıyor.",Hizmet Talebi (Service Request),İdari İşler,Bina/Tesis Bakım,Bina İçi Teknik Bakım Talebi,Orta,"{'cozum_basligi': 'Genel bina içi teknik bakım süreci', 'adimlar': ['Adım 1: Talep bina teknik bakım ekibine iletilir ve önceliklendirilir.', 'Adım 2: Uygun teknisyen belirlenen lokasyona yönlendirilir.', 'Adım 3: Bakım/onarım tamamlandıktan sonra talep sahibine bilgi verilir.'], 'self_service_uygun_mu': False}","['ofis_lokasyon', 'sorun_tanimi', 'uygun_zaman_araligi']","Sorun tam olarak nedir ve hangi alanda (kapı, su tesisatı, asansör vb.) yaşanıyor?"
T-4010,"Şirket kartiyla yaptigim doviz harcamasi gec yansidi, kur o gun cok degismisti, fark var mi bakar misiiniz?",Bilgi Talebi (Information),Finans,Masraf & Ödeme,Döviz Kuru Farkı/Uyumsuzluğu,Orta,"{'cozum_basligi': 'Döviz kuru farkı/uyumsuzluğu inceleme süreci', 'adimlar': ['Adım 1: Harcama tarihindeki resmi TCMB kuru ile sistemde kullanılan kur karşılaştırılır.', 'Adım 2: Fark tespit edilirse hangi kur kaynağının kullanıldığı muhasebe ile teyit edilir.', 'Adım 3: Hatalı hesaplama varsa düzeltme kaydı oluşturulur ve fark tazmin edilir.'], 'self_service_uygun_mu': False}","['ad_soyad', 'harcama_tarihi', 'doviz_tutar', 'kullanilan_kur']","Harcamanızın tarihini ve hangi döviz cinsinden olduğunu paylaşabilir misiniz, hangi kur baz alınmış görüyorsunuz?"
T-4011,"Lütfen acil Izin bakiyemi sistemde göremiyorum, sıfır gösteriyor ama kullanmadım hiç.",Bilgi Talebi (Information),İnsan Kaynakları,İzin Yönetimi,Yıllık İzin Talebi/Bakiye Sorgulama,Orta,"{'cozum_basligi': 'Yıllık izin talebi/bakiye sorgulama süreci', 'adimlar': ['Adım 1: İK portalından güncel izin bakiyesi kontrol edilir.', 'Adım 2: Talep edilen tarih aralığı yöneticinin onayına gönderilir.', 'Adım 3: Onay sonrası izin sistemde işlenir ve bordroya yansıtılır.'], 'self_service_uygun_mu': True}","['ad_soyad', 'kalan_izin_sorgusu']","Hangi tarihler arasında izin kullanmak istiyorsunuz, yoksa sadece bakiye mi öğrenmek istiyorsunuz?"
T-4012,"Merve Kılıç - geçen hafta evlendim, vergi indirimi için evlilik cüzdanımı ileteyim mi?",Hizmet Talebi (Service Request),İnsan Kaynakları,Bordro & Özlük,Evlilik Bildirimi,Düşük,"{'cozum_basligi': 'Evlilik durum değişikliği kayıt süreci', 'adimlar': ['Adım 1: Evlilik cüzdanı fotokopisi/belgesi çalışandan talep edilir.', 'Adım 2: Medeni hal ve varsa soyadı bilgisi İK sisteminde güncellenir.', 'Adım 3: Vergi matrahı, SGK ve varsa özel sağlık sigortası kayıtları güncellenmesi için ilgili birimlere bilgi verilir.'], 'self_service_uygun_mu': False}","['ad_soyad', 'evlilik_tarihi', 'evlilik_cuzdani_belgesi']","Evlilik tarihinizi ve evlilik cüzdanı belgesini paylaşabilir misiniz, medeni hal güncellemesi için gerekiyor?"
T-4013,"Monitörüm hiç açılmıyor, 3. kat masamda. Ayrıca Bir de mouse'um da bazen donuyor",Arıza (Incident),Bilgi Teknolojileri,Donanım,Monitör/Çevre Birimi Arızası,Düşük,"{'cozum_basligi': 'Monitör/çevre birimi arıza tespiti', 'adimlar': ['Adım 1: Kablo bağlantıları (HDMI/VGA/güç) ve monitör güç düğmesi kontrol edilir.', 'Adım 2: Farklı bir kablo veya port ile test yapılır.', 'Adım 3: Arıza devam ediyorsa cihaz değişimi için IT saha ekibine ticket açılır.'], 'self_service_uygun_mu': True}","['cihaz_turu', 'kullanici_adi', 'ofis_lokasyon']","Sorun hangi çevre biriminde: monitör, klavye, mouse yoksa yazıcı mı?"
T-4014,Isitma sistemi calismyior ofis buz gibi bu sabahtan beri,Arıza (Incident),İdari İşler,Bina/Tesis Bakım,Klima/Isıtma Arızası,Orta,"{'cozum_basligi': 'Klima/ısıtma sistemi arıza giderme', 'adimlar': ['Adım 1: Termostat ayarları ve cihazın açık olup olmadığı kontrol edilir.', 'Adım 2: Bina teknik ekibi filtre/gaz durumunu yerinde kontrol eder.', 'Adım 3: Kalıcı arıza tespit edilirse bakım/onarım için dış servis çağrılır.'], 'self_service_uygun_mu': False}","['ofis_lokasyon', 'cihaz_konumu', 'sorun_tanimi']","Klima hiç çalışmıyor mu yoksa soğutmuyor/ısıtmıyor mu, hangi bölgedesiniz?"
T-4015,"Yönetim toplantı salonu'da clickshare ekrana bağlanmıyor, 10 dakikaya toplantımız var acil!",Arıza (Incident),İdari İşler,Ofis Ekipmanı,Toplantı Odası Ekipman Arızası (ClickShare/Projeksiyon),Yüksek,"{'cozum_basligi': 'Toplantı odası ekran/görüntü aktarım arızası giderme', 'adimlar': ['Adım 1: ClickShare/HDMI kablosu ve cihazın güç bağlantısı kontrol edilir.', 'Adım 2: Ekran/projeksiyon cihazı yeniden başlatılır, giriş kaynağı kontrol edilir.', 'Adım 3: Sorun devam ederse toplantı öncesi acil teknik destek için ticket açılır.'], 'self_service_uygun_mu': True}","['oda_adi', 'hata_tanimi']",ClickShare mi yoksa HDMI/projeksiyon bağlantısında mı sorun yaşıyorsunuz?
T-4016,Kartus degisimi lazim yazicci az mürekkep uyarisi veriyor,Hizmet Talebi (Service Request),İdari İşler,Ofis Ekipmanı,Toner/Kartuş Talebi,Orta,"{'cozum_basligi': 'Toner/kartuş temin süreci', 'adimlar': ['Adım 1: Depo stok durumu kontrol edilir.', 'Adım 2: Uygun toner/kartuş belirtilen yazıcı lokasyonuna teslim edilir.', 'Adım 3: Stokta bulunmuyorsa satınalma süreci tetiklenir ve tahmini teslim süresi bildirilir.'], 'self_service_uygun_mu': False}","['yazici_lokasyon', 'yazici_marka_model', 'toner_kartus_kodu']","Yazıcının marka ve modeli nedir, doğru toner kodunu belirleyebilmemiz için gerekli?"
T-4017,"Tum kat internesiz kaldi, Kadikoy ofis, cok acil!",Hizmet Talebi (Service Request),Bilgi Teknolojileri,Ağ/Network,İnternet Bağlantı Sorunu,Orta,"{'cozum_basligi': 'İnternet bağlantı arızası ilk müdahale', 'adimlar': ['Adım 1: Modem/router yeniden başlatılır, kablo bağlantıları kontrol edilir.', 'Adım 2: Farklı bir cihaz veya prizden bağlantı test edilir.', 'Adım 3: Sorun devam ederse altyapı ekibine ticket açılır ve etkilenen kişi sayısı raporlanır.'], 'self_service_uygun_mu': True}","['ofis_lokasyon', 'etkilenen_kisi_sayisi', 'baslangic_zamani']",Kaç kişiyi etkiliyor bu sorun ve hangi lokasyondasınız?
T-4018,1 Ekim tarihindeki iznimi ipptal etmek istiyorum.,Hizmet Talebi (Service Request),İnsan Kaynakları,İzin Yönetimi,İzin İptal/Değişiklik,Orta,"{'cozum_basligi': 'İzin iptal/değişiklik işlemi', 'adimlar': ['Adım 1: Mevcut izin kaydı sistemde bulunur ve doğrulanır.', 'Adım 2: İptal/değişiklik talebi yöneticinin onayına yeniden gönderilir.', 'Adım 3: Onay sonrası izin bakiyesi ve takvim güncellenir.'], 'self_service_uygun_mu': True}","['ad_soyad', 'mevcut_izin_tarihi', 'yeni_talep']",İzninizi tamamen iptal mi etmek istiyorsunuz yoksa tarihini mi değiştirmek istiyorsunuz?
T-4019,12.286 TL avans talep ediyorum 11 Nisan seyahati için.,Hizmet Talebi (Service Request),Finans,Masraf & Ödeme,Avans Talebi,Orta,"{'cozum_basligi': 'Avans talebi işleme süreci', 'adimlar': ['Adım 1: Avans talebi tutarı ve gerekçesi (seyahat/proje) kaydedilir.', 'Adım 2: Yönetici ve finans onayına gönderilir.', 'Adım 3: Onay sonrası avans, belirtilen banka hesabına aktarılır.'], 'self_service_uygun_mu': False}","['ad_soyad', 'tutar', 'gerekce', 'seyahat_tarihi']",Avans hangi seyahat/proje için ve ne kadar tutar için gerekiyor?
T-4020,"Acilen VPN sürekli düşüyor, çalışırken bağlantı kopuyor, çok sinir bozucu. Ne zaman çözülür acaba?",Arıza (Incident),Bilgi Teknolojileri,Ağ/Network,VPN Erişim Sorunu,Orta,"{'cozum_basligi': 'VPN bağlantı sorunu çözümü', 'adimlar': ['Adım 1: VPN istemcisi güncel mi kontrol edilir, kullanıcı adı/şifre doğrulanır.', 'Adım 2: İnternet bağlantısı ve güvenlik duvarı ayarları kontrol edilir, istemci yeniden başlatılır.', 'Adım 3: Erişim devam etmiyorsa VPN sertifikası/erişim yetkisi için ticket açılır.'], 'self_service_uygun_mu': True}","['kullanici_adi', 'cihaz_turu', 'hata_mesaji']",VPN'e hiç bağlanamıyor musunuz yoksa bağlanıp kısa süre sonra mı düşüyorsunuz? Bir hata mesajı görüyor musunuz?
T-4021,Ayşe Öztürk - yurtdışı proje nedeniyle kart limitimin geçici olarak artırılmasını rica ederim.,Hizmet Talebi (Service Request),Finans,Masraf & Ödeme,Kurumsal Kredi Kartı Limit Artırımı,Düşük,"{'cozum_basligi': 'Kurumsal kredi kartı limit artırım süreci', 'adimlar': ['Adım 1: Mevcut limit, kullanım geçmişi ve talep gerekçesi kaydedilir.', 'Adım 2: Yönetici ve finans müdürü onayına gönderilir.', 'Adım 3: Onay sonrası banka ile limit artırım talebi iletilir ve süreç takip edilir.'], 'self_service_uygun_mu': False}","['ad_soyad', 'mevcut_limit', 'talep_edilen_limit', 'gerekce']","Mevcut kart limitiniz nedir ve ne kadar artış talep ediyorsunuz, gerekçeniz nedir?"
T-4022,"Muhasebe sunucusuna erişim yok, tüm ekip etkilendi 18 Kasım sabahından beri.",Arıza (Incident),Bilgi Teknolojileri,Sunucu/Sistem,Sunucu/Servis Kesintisi,Yüksek,"{'cozum_basligi': 'Sunucu/servis kesintisi acil müdahale', 'adimlar': ['Adım 1: Sunucu/servis durumu izleme panelinden kontrol edilir, etkilenen servisler belirlenir.', 'Adım 2: Sunucu ekibi tarafından servis yeniden başlatılır veya yük devretme (failover) uygulanır.', 'Adım 3: Kök neden analizi için kritik öncelikli ticket açılır ve ilgili birimlere bilgi verilir.'], 'self_service_uygun_mu': False}","['sunucu_adi', 'hata_kodu', 'etki_alani']",Bu kesinti tüm şirketi mi yoksa belirli bir departmanı mı etkiliyor?
T-4023,Hastaneden rapor aldim yukleyecegim yer neresi bilmiyorum,Hizmet Talebi (Service Request),İnsan Kaynakları,İzin Yönetimi,Sağlık Raporu/İstirahat Bildirimi,Düşük,"{'cozum_basligi': 'Sağlık raporu/istirahat bildirimi işleme süreci', 'adimlar': [""Adım 1: Rapor e-Nabız/hastane sisteminden veya elden İK'ya iletilir."", 'Adım 2: Rapor süresi SGK sistemine ve bordroya işlenir.', 'Adım 3: Yöneticiye çalışanın izinli/raporlu olduğu bilgisi iletilir.'], 'self_service_uygun_mu': True}","['ad_soyad', 'rapor_baslangic_bitis_tarihi', 'rapor_belgesi']",Raporunuz kaç gün ve e-Nabız üzerinden mi yoksa elden mi ileteceksiniz?
T-4024,Onur Koç - yurtdışı proje nedeniyle kart limitimin geçici olarak artırılmasını rica ederim.,Hizmet Talebi (Service Request),Finans,Masraf & Ödeme,Kurumsal Kredi Kartı Limit Artırımı,Yüksek,"{'cozum_basligi': 'Kurumsal kredi kartı limit artırım süreci', 'adimlar': ['Adım 1: Mevcut limit, kullanım geçmişi ve talep gerekçesi kaydedilir.', 'Adım 2: Yönetici ve finans müdürü onayına gönderilir.', 'Adım 3: Onay sonrası banka ile limit artırım talebi iletilir ve süreç takip edilir.'], 'self_service_uygun_mu': False}","['ad_soyad', 'mevcut_limit', 'talep_edilen_limit', 'gerekce']","Mevcut kart limitiniz nedir ve ne kadar artış talep ediyorsunuz, gerekçeniz nedir?"
T-4025,"Telefonum ofis wifisine bağlanıyor ama laptopum bağlanmıyor, garip bir durum.",Arıza (Incident),Bilgi Teknolojileri,Ağ/Network,Wi-Fi Bağlantı Sorunu,Düşük,"{'cozum_basligi': 'Wi-Fi bağlantı sorunu çözümü', 'adimlar': ['Adım 1: Cihazın Wi-Fi ayarları kapatılıp açılır, ağa yeniden bağlanılır.', 'Adım 2: Şifre doğru girildi mi ve sinyal gücü yeterli mi kontrol edilir.', 'Adım 3: Sorun sürüyorsa erişim noktası (AP) kontrolü için ticket açılır.'], 'self_service_uygun_mu': True}","['ofis_lokasyon', 'cihaz_turu']",Hangi ağa bağlanmaya çalışıyorsunuz ve hangi lokasyondasınız?
T-4026,"3. kat'daki koltuğum çok yıpranmış, sırt desteği tamamen çökmüş, bel ağrım oluyor artık.",Arıza (Incident),İdari İşler,Bina/Tesis Bakım,Ofis Mobilya Arızası (Ergonomik Masa/Koltuk),Düşük,"{'cozum_basligi': 'Ergonomik mobilya arıza/bakım süreci', 'adimlar': ['Adım 1: Arızanın türü (mekanizma, yükseklik ayarı, tekerlek vb.) tespit edilir.', 'Adım 2: Bina bakım ekibi basit onarımı yerinde dener.', 'Adım 3: Onarılamıyorsa parça değişimi veya mobilya değişimi için satınalma sürecine yönlendirilir.'], 'self_service_uygun_mu': False}","['mobilya_turu', 'ofis_lokasyon', 'ariza_tanimi']","Koltuğunuzda mı yoksa masanızda mı sorun var, tam olarak ne arızalandı?"
T-4027,"Lütfen acil Mavi Lojistik Ltd. bizi aradı fatura ödemesi gecikmiş, kontrol eder misiniz?",Hizmet Talebi (Service Request),Finans,Masraf & Ödeme,Fatura Ödeme Takibi,Orta,"{'cozum_basligi': 'Fatura ödeme durumu takibi', 'adimlar': ['Adım 1: Fatura numarası ile muhasebe/ERP sisteminde ödeme kaydı sorgulanır.', 'Adım 2: Ödeme planlanan tarih ve onay durumu kontrol edilir.', 'Adım 3: Gecikme varsa ödeme sorumlusuna hatırlatma yapılır ve tedarikçiye bilgi verilir.'], 'self_service_uygun_mu': True}","['fatura_no', 'tedarikci_adi', 'tutar']",Fatura numarasını ve tedarikçi firma adını paylaşabilir misiniz?
T-4028,Acilen Harcama formu onaya dustu ama 5 gundur kimse onaylamadi Ne zaman çözülür acaba?,Arıza (Incident),Finans,Masraf & Ödeme,Masraf/Harcama Formu Onayı,Orta,"{'cozum_basligi': 'Masraf/harcama formu onay süreci takibi', 'adimlar': ['Adım 1: Formun onay akışındaki mevcut adımı (yönetici/finans) sistemden kontrol edilir.', 'Adım 2: Bekleyen onaycıya hatırlatma bildirimi gönderilir.', 'Adım 3: Onay gecikmesi devam ederse finans ekibi manuel müdahale için ticket açar.'], 'self_service_uygun_mu': True}","['form_no', 'tutar', 'onay_bekleyen_kisi']",Form kaç gündür bekliyor ve onay akışında şu an kimde bekliyor biliyor musunuz?
T-4029,Iznimi erteleim ama sistemde hala eski tarih gorunuyor,Hizmet Talebi (Service Request),İnsan Kaynakları,İzin Yönetimi,İzin İptal/Değişiklik,Düşük,"{'cozum_basligi': 'İzin iptal/değişiklik işlemi', 'adimlar': ['Adım 1: Mevcut izin kaydı sistemde bulunur ve doğrulanır.', 'Adım 2: İptal/değişiklik talebi yöneticinin onayına yeniden gönderilir.', 'Adım 3: Onay sonrası izin bakiyesi ve takvim güncellenir.'], 'self_service_uygun_mu': True}","['ad_soyad', 'mevcut_izin_tarihi', 'yeni_talep']",İzninizi tamamen iptal mi etmek istiyorsunuz yoksa tarihini mi değiştirmek istiyorsunuz?
T-4030,Fatura odemesi ne zaman yapilacak vadesi geecti sanirim,Hizmet Talebi (Service Request),Finans,Masraf & Ödeme,Fatura Ödeme Takibi,Düşük,"{'cozum_basligi': 'Fatura ödeme durumu takibi', 'adimlar': ['Adım 1: Fatura numarası ile muhasebe/ERP sisteminde ödeme kaydı sorgulanır.', 'Adım 2: Ödeme planlanan tarih ve onay durumu kontrol edilir.', 'Adım 3: Gecikme varsa ödeme sorumlusuna hatırlatma yapılır ve tedarikçiye bilgi verilir.'], 'self_service_uygun_mu': True}","['fatura_no', 'tedarikci_adi', 'tutar']",Fatura numarasını ve tedarikçi firma adını paylaşabilir misiniz?
T-4031,"Kişisel sebeplerden 1 ay ücretsiz izin kullanmak istiyorum, mümkün mü?",Hizmet Talebi (Service Request),İnsan Kaynakları,İzin Yönetimi,Ücretsiz İzin Talebi,Orta,"{'cozum_basligi': 'Ücretsiz izin talebi değerlendirme süreci', 'adimlar': ['Adım 1: Talep gerekçesi ve süresi ile birlikte kaydedilir.', 'Adım 2: Yönetici ve İK onayına gönderilir, SGK bildirimi gerekliliği kontrol edilir.', 'Adım 3: Onaylanması halinde ücretsiz izin süresi bordro ve SGK sistemine işlenir.'], 'self_service_uygun_mu': False}","['ad_soyad', 'talep_suresi', 'gerekce']",Ne kadar süreyle ücretsiz izin kullanmak istiyorsunuz ve gerekçeniz nedir?
T-4032,Seda Aydın - yöneticim departman değiştirdi ama sistemde hâlâ eski yöneticim onaycı olarak görünüyor.,Arıza (Incident),Finans,Masraf & Ödeme,Onay Akışında Yönetici Görünmüyor Sorunu,Yüksek,"{'cozum_basligi': 'Onay akışı yönetici ataması düzeltme süreci', 'adimlar': ['Adım 1: Organizasyon şemasında çalışanın tanımlı yöneticisi sistemden kontrol edilir.', 'Adım 2: Yönetici ayrılmış/değişmiş ise onay akışı güncel yöneticiye yeniden atanır.', 'Adım 3: Bekleyen tüm formlar yeni onay akışına manuel olarak yönlendirilir.'], 'self_service_uygun_mu': False}","['ad_soyad', 'form_no', 'eski_yonetici', 'yeni_yonetici']",Onay akışında hangi form takılı kaldı ve eski yöneticiniz mi hâlâ sistemde görünüyor?
T-4033,"Kulaklığımın mikrofonu çalışmıyor, toplantılarda beni duyamıyorlar.",Arıza (Incident),Bilgi Teknolojileri,Donanım,Monitör/Çevre Birimi Arızası,Düşük,"{'cozum_basligi': 'Monitör/çevre birimi arıza tespiti', 'adimlar': ['Adım 1: Kablo bağlantıları (HDMI/VGA/güç) ve monitör güç düğmesi kontrol edilir.', 'Adım 2: Farklı bir kablo veya port ile test yapılır.', 'Adım 3: Arıza devam ediyorsa cihaz değişimi için IT saha ekibine ticket açılır.'], 'self_service_uygun_mu': True}","['cihaz_turu', 'kullanici_adi', 'ofis_lokasyon']","Sorun hangi çevre biriminde: monitör, klavye, mouse yoksa yazıcı mı?"
T-4034,"Acilen 7 Nissan tarihinde işe başlayacak Fatma Çelik için yeni hesap açılması gerekiyor. İşlerim çok aksıyor, acil çözüm bekliyorum.",Hizmet Talebi (Service Request),Bilgi Teknolojileri,Güvenlik ve Erişim,Yeni Kullanıcı Hesabı,Yüksek,"{'cozum_basligi': 'Yeni kullanıcı hesabı açma süreci', 'adimlar': [""Adım 1: İK'dan işe giriş onayı ve pozisyon bilgisi teyit edilir."", 'Adım 2: Aktif Dizin üzerinde hesap oluşturulur ve gerekli grup üyelikleri tanımlanır.', 'Adım 3: E-posta ve sistem erişim bilgileri ilk giriş kılavuzuyla birlikte iletilir.'], 'self_service_uygun_mu': False}","['ad_soyad', 'yonetici_adi', 'gerekli_sistemler']","Yeni çalışanın işe başlama tarihi ve departmanı nedir, hangi sistemlere erişimi olması gerekiyor?"
T-4035,"Çok acil, Fatma Çelik - çocuğumun sağlık sigortası kapsamına dahil edilmesini rica ederim, doğum belgesi ekte. İşlerim çok aksıyor, acil çözüm bekliyorum.",Hizmet Talebi (Service Request),İnsan Kaynakları,Bordro & Özlük,ÖSS (Özel Sağlık Sigortası) Aile Kapsamı Ekleme,Düşük,"{'cozum_basligi': 'Özel sağlık sigortasına aile bireyi ekleme süreci', 'adimlar': ['Adım 1: Eklenecek aile bireyinin kimlik bilgileri ve yakınlık derecesi (eş/çocuk) alınır.', 'Adım 2: Talep sigorta şirketine İK tarafından iletilir ve poliçe güncellemesi başlatılır.', 'Adım 3: Poliçe onayı sonrası yeni sağlık kartı çalışana/aile bireyine ulaştırılır.'], 'self_service_uygun_mu': False}","['ad_soyad', 'eklenecek_kisi_tc', 'poliçe_baslangic_tarihi']","Eklemek istediğiniz kişi eşiniz mi çocuğunuz mu, kimlik bilgilerini paylaşabilir misiniz?"
T-4036,Iznimi erteledim ama sistemde hlaa eski tarih görünüyor,Hizmet Talebi (Service Request),İnsan Kaynakları,İzin Yönetimi,İzin İptal/Değişiklik,Düşük,"{'cozum_basligi': 'İzin iptal/değişiklik işlemi', 'adimlar': ['Adım 1: Mevcut izin kaydı sistemde bulunur ve doğrulanır.', 'Adım 2: İptal/değişiklik talebi yöneticinin onayına yeniden gönderilir.', 'Adım 3: Onay sonrası izin bakiyesi ve takvim güncellenir.'], 'self_service_uygun_mu': True}","['ad_soyad', 'mevcut_izin_tarihi', 'yeni_talep']",İzninizi tamamen iptal mi etmek istiyorsunuz yoksa tarihini mi değiştirmek istiyorsunuz?
T-4037,"Acilen Gizem Öztürk - bireysel emeklilik katık payımı değiştirmek istiyorum, formu nereden alabilirim?",Bilgi Talebi (Information),İnsan Kaynakları,Bordro & Özlük,BES (Bireysel Emeklilik) Kesintisi Talebi,Orta,"{'cozum_basligi': 'BES kesinti oranı/katılım işlemi düzenleme', 'adimlar': ['Adım 1: Çalışanın mevcut BES katılım durumu ve kesinti oranı sistemden kontrol edilir.', 'Adım 2: Talep edilen değişiklik (katılım, çıkış, oran güncelleme) BES şirketine iletilir.', 'Adım 3: Onay sonrası bordro kesinti kalemi güncellenir ve çalışana bilgi verilir.'], 'self_service_uygun_mu': False}","['ad_soyad', 'talep_turu', 'yeni_kesinti_orani']",BES'ten çıkmak mı istiyorsunuz yoksa kesinti oranınızı mı değiştirmek istiyorsunuz?
T-4038,"Çok acil, Burak Aydın - yurtdışı proje nedeniyle kart limitimin geçici olarak artırılmasını rica ederim.",Hizmet Talebi (Service Request),Finans,Masraf & Ödeme,Kurumsal Kredi Kartı Limit Artırımı,Orta,"{'cozum_basligi': 'Kurumsal kredi kartı limit artırım süreci', 'adimlar': ['Adım 1: Mevcut limit, kullanım geçmişi ve talep gerekçesi kaydedilir.', 'Adım 2: Yönetici ve finans müdürü onayına gönderilir.', 'Adım 3: Onay sonrası banka ile limit artırım talebi iletilir ve süreç takip edilir.'], 'self_service_uygun_mu': False}","['ad_soyad', 'mevcut_limit', 'talep_edilen_limit', 'gerekce']","Mevcut kart limitiniz nedir ve ne kadar artış talep ediyorsunuz, gerekçeniz nedir?"
T-4039,"Geçen ay bordromda bir hata var sanırım, Onur.",Arıza (Incident),İnsan Kaynakları,Bordro & Özlük,Bordro/Maaş Bilgisi Talebi,Orta,"{'cozum_basligi': 'Bordro/maaş bilgisi inceleme süreci', 'adimlar': ['Adım 1: Çalışanın ilgili ay bordrosu bordro sisteminden çekilip incelenir.', 'Adım 2: Kesinti/ek ödeme kalemleri tek tek karşılaştırılır ve hata olup olmadığı tespit edilir.', 'Adım 3: Hata tespit edilirse düzeltme için bordro/muhasebe ekibine ticket açılır.'], 'self_service_uygun_mu': False}","['ad_soyad', 'donem', 'itiraz_konusu']",Maaşınızda eksik ödeme mi var yoksa fazla kesinti mi görüyorsunuz?
T-4040,"Çatıdan su sızıntısı var İzmir şube tavanında, leke büyüyor giderek.",Arıza (Incident),İdari İşler,Bina/Tesis Bakım,Bina İçi Teknik Bakım Talebi,Orta,"{'cozum_basligi': 'Genel bina içi teknik bakım süreci', 'adimlar': ['Adım 1: Talep bina teknik bakım ekibine iletilir ve önceliklendirilir.', 'Adım 2: Uygun teknisyen belirlenen lokasyona yönlendirilir.', 'Adım 3: Bakım/onarım tamamlandıktan sonra talep sahibine bilgi verilir.'], 'self_service_uygun_mu': False}","['ofis_lokasyon', 'sorun_tanimi', 'uygun_zaman_araligi']","Sorun tam olarak nedir ve hangi alanda (kapı, su tesisatı, asansör vb.) yaşanıyor?"
T-4041,Rica etsem acil Veritabani baglantisi kopuyor rapor alamiyorum surekli hata Teşekkür ederim şimdiden.,Arıza (Incident),Bilgi Teknolojileri,Sunucu/Sistem,Veritabanı Erişim Hatası,Yüksek,"{'cozum_basligi': 'Veritabanı erişim hatası çözümü', 'adimlar': ['Adım 1: Kullanıcının veritabanı bağlantı ayarları ve yetkileri kontrol edilir.', 'Adım 2: Veritabanı servisinin çalışır durumda olup olmadığı sistem ekibince doğrulanır.', 'Adım 3: Yetki/bağlantı sorunu devam ediyorsa veritabanı yöneticisine (DBA) ticket yönlendirilir.'], 'self_service_uygun_mu': False}","['uygulama_adi', 'hata_kodu', 'erisim_zamani']",Hangi uygulama/veritabanına erişmeye çalışıyorsunuz ve tam hata mesajı nedir?
T-4042,Bordro pdf sistemde görrünmüyor bu ay indiremiyorum,Bilgi Talebi (Information),İnsan Kaynakları,Bordro & Özlük,Bordro/Maaş Bilgisi Talebi,Orta,"{'cozum_basligi': 'Bordro/maaş bilgisi inceleme süreci', 'adimlar': ['Adım 1: Çalışanın ilgili ay bordrosu bordro sisteminden çekilip incelenir.', 'Adım 2: Kesinti/ek ödeme kalemleri tek tek karşılaştırılır ve hata olup olmadığı tespit edilir.', 'Adım 3: Hata tespit edilirse düzeltme için bordro/muhasebe ekibine ticket açılır.'], 'self_service_uygun_mu': False}","['ad_soyad', 'donem', 'itiraz_konusu']",Maaşınızda eksik ödeme mi var yoksa fazla kesinti mi görüyorsunuz?
T-4043,"Acilen Oifste internet yok, herkes sikayet ediyor Kadikoy ofis'da. Ne zaman çözülür acaba?",Arıza (Incident),Bilgi Teknolojileri,Ağ/Network,İnternet Bağlantı Sorunu,Orta,"{'cozum_basligi': 'İnternet bağlantı arızası ilk müdahale', 'adimlar': ['Adım 1: Modem/router yeniden başlatılır, kablo bağlantıları kontrol edilir.', 'Adım 2: Farklı bir cihaz veya prizden bağlantı test edilir.', 'Adım 3: Sorun devam ederse altyapı ekibine ticket açılır ve etkilenen kişi sayısı raporlanır.'], 'self_service_uygun_mu': True}","['ofis_lokasyon', 'etkilenen_kisi_sayisi', 'baslangic_zamani']","İnternet hiç mi yok yoksa çok mu yavaş, ayrıca sadece siz mi etkileniyorsunuz yoksa tüm kat mı?"
T-4044,"Yeni ise baslayan arkadasimiz icin bir laptop ve monitor kurulumu gerekiyor, Kayseri fabrika ofisi.",Hizmet Talebi (Service Request),Bilgi Teknolojileri,Donanım,Yeni Ekipman Kurulumu,Düşük,"{'cozum_basligi': 'Yeni donanım ekipmanı kurulum süreci', 'adimlar': ['Adım 1: Talep, envanter ve bütçe onayı için yöneticiye/IT sorumlusuna iletilir.', 'Adım 2: Uygun ekipman depo stoğundan veya satın alma sürecinden temin edilir.', 'Adım 3: Kurulum IT saha ekibi tarafından belirlenen tarihte yerinde gerçekleştirilir.'], 'self_service_uygun_mu': False}","['ekipman_turu', 'departman', 'teslim_tarihi']","Hangi ekipmana ihtiyacınız var ve kimin için, hangi lokasyona kurulacak?"
T-4045,"Rica etsem acil Yeni stajyerimiz için email ve sistem hesabı oluşturulmasını rica ederim. Gerçekten çok sıkıntı oluyor, bir an önce ilgilenirseniz sevinirim.",Hizmet Talebi (Service Request),Bilgi Teknolojileri,Güvenlik ve Erişim,Yeni Kullanıcı Hesabı,Orta,"{'cozum_basligi': 'Yeni kullanıcı hesabı açma süreci', 'adimlar': [""Adım 1: İK'dan işe giriş onayı ve pozisyon bilgisi teyit edilir."", 'Adım 2: Aktif Dizin üzerinde hesap oluşturulur ve gerekli grup üyelikleri tanımlanır.', 'Adım 3: E-posta ve sistem erişim bilgileri ilk giriş kılavuzuyla birlikte iletilir.'], 'self_service_uygun_mu': False}","['ad_soyad', 'departman', 'ise_baslama_tarihi', 'pozisyon']",Bu hesap hangi pozisyon için açılacak ve yöneticisi kim olacak?
T-4046,"Serkan Kara - çocuğumun sağlık sigortası kapsamına dahil edilmesini rica ederim, doğum belgesi ekte.",Hizmet Talebi (Service Request),İnsan Kaynakları,Bordro & Özlük,ÖSS (Özel Sağlık Sigortası) Aile Kapsamı Ekleme,Orta,"{'cozum_basligi': 'Özel sağlık sigortasına aile bireyi ekleme süreci', 'adimlar': ['Adım 1: Eklenecek aile bireyinin kimlik bilgileri ve yakınlık derecesi (eş/çocuk) alınır.', 'Adım 2: Talep sigorta şirketine İK tarafından iletilir ve poliçe güncellemesi başlatılır.', 'Adım 3: Poliçe onayı sonrası yeni sağlık kartı çalışana/aile bireyine ulaştırılır.'], 'self_service_uygun_mu': False}","['ad_soyad', 'eklenecek_kisi_tc', 'poliçe_baslangic_tarihi']","Eklemek istediğiniz kişi eşiniz mi çocuğunuz mu, kimlik bilgilerini paylaşabilir misiniz?"
T-4047,Kaan Kara - yurtdışı proje nedeniyle kart limitimin geçici olarak artırılmasını rica ederim.,Hizmet Talebi (Service Request),Finans,Masraf & Ödeme,Kurumsal Kredi Kartı Limit Artırımı,Yüksek,"{'cozum_basligi': 'Kurumsal kredi kartı limit artırım süreci', 'adimlar': ['Adım 1: Mevcut limit, kullanım geçmişi ve talep gerekçesi kaydedilir.', 'Adım 2: Yönetici ve finans müdürü onayına gönderilir.', 'Adım 3: Onay sonrası banka ile limit artırım talebi iletilir ve süreç takip edilir.'], 'self_service_uygun_mu': False}","['ad_soyad', 'mevcut_limit', 'talep_edilen_limit', 'gerekce']","Mevcut kart limitiniz nedir ve ne kadar artış talep ediyorsunuz, gerekçeniz nedir?"
T-4048,"İzmir şube'daki dolap kapağı kırık, yenisi gerekiyor.",Hizmet Talebi (Service Request),İdari İşler,Satınalma/Malzeme,Ofis Mobilya Değişimi,Düşük,"{'cozum_basligi': 'Ofis mobilyası değişim süreci', 'adimlar': ['Adım 1: Mevcut mobilyanın durumu değerlendirilir ve değişim gerekçesi kaydedilir.', 'Adım 2: Bütçe/onay süreci tamamlandıktan sonra satınalma talebi açılır.', 'Adım 3: Yeni mobilya teslim alınıp kurulumu yapılır, eski mobilya değişim için alınır.'], 'self_service_uygun_mu': False}","['mobilya_turu', 'ofis_lokasyon', 'degisim_gerekcesi']",Hangi mobilyanın değişmesini istiyorsunuz ve mevcut olanın sorunu nedir?
T-4049,Hastaneden rapor aldmi yukleyecegim yer neresi bilmiyorum,Hizmet Talebi (Service Request),İnsan Kaynakları,İzin Yönetimi,Sağlık Raporu/İstirahat Bildirimi,Yüksek,"{'cozum_basligi': 'Sağlık raporu/istirahat bildirimi işleme süreci', 'adimlar': [""Adım 1: Rapor e-Nabız/hastane sisteminden veya elden İK'ya iletilir."", 'Adım 2: Rapor süresi SGK sistemine ve bordroya işlenir.', 'Adım 3: Yöneticiye çalışanın izinli/raporlu olduğu bilgisi iletilir.'], 'self_service_uygun_mu': True}","['ad_soyad', 'rapor_baslangic_bitis_tarihi', 'rapor_belgesi']",Raporunuz kaç gün ve e-Nabız üzerinden mi yoksa elden mi ileteceksiniz?
T-4050,Vpn baglantisi cok yavas dosyalara erismek imkansiz hale geldi. Bunun yanında Ayrıca outlook'um da senkronize olmuyor evden bağlanınca,Arıza (Incident),Bilgi Teknolojileri,Ağ/Network,VPN Erişim Sorunu,Düşük,"{'cozum_basligi': 'VPN bağlantı sorunu çözümü', 'adimlar': ['Adım 1: VPN istemcisi güncel mi kontrol edilir, kullanıcı adı/şifre doğrulanır.', 'Adım 2: İnternet bağlantısı ve güvenlik duvarı ayarları kontrol edilir, istemci yeniden başlatılır.', 'Adım 3: Erişim devam etmiyorsa VPN sertifikası/erişim yetkisi için ticket açılır.'], 'self_service_uygun_mu': True}","['kullanici_adi', 'baglanti_lokasyonu', 'vpn_istemci_versiyonu']",Evden mi yoksa başka bir lokasyondan mı bağlanmaya çalışıyorsunuz?
T-4051,"Lütfen acil 23 Kasım'de gönderilen kargom hala gelmedi, takip numarasını paylaşabilirim.",Bilgi Talebi (Information),İdari İşler,Satınalma/Malzeme,Kargo/Kurye Teslimat Takibi,Düşük,"{'cozum_basligi': 'Kargo/kurye teslimat takibi', 'adimlar': ['Adım 1: Kargo takip numarası ve gönderici bilgisi ile kargo firması sistemi kontrol edilir.', 'Adım 2: Resepsiyon/depo teslim kaydı kontrol edilerek paketin durumu netleştirilir.', 'Adım 3: Paket bulunamıyorsa kargo firmasına resmi kayıp/gecikme bildirimi açılır.'], 'self_service_uygun_mu': True}","['gonderici_bilgisi', 'teslimat_lokasyonu']",Kargonuzun takip numarası var mı ve hangi firmadan gönderildi?
T-4052,"Rica etsem acil 20 Eylül'de gönderilen kargom hala gelmedi, takip numarasını paylaşabilirim. Gerçekten çok sıkıntı oluyor, bir an önce ilgilenirseniz sevinirim.",Bilgi Talebi (Information),İdari İşler,Satınalma/Malzeme,Kargo/Kurye Teslimat Takibi,Yüksek,"{'cozum_basligi': 'Kargo/kurye teslimat takibi', 'adimlar': ['Adım 1: Kargo takip numarası ve gönderici bilgisi ile kargo firması sistemi kontrol edilir.', 'Adım 2: Resepsiyon/depo teslim kaydı kontrol edilerek paketin durumu netleştirilir.', 'Adım 3: Paket bulunamıyorsa kargo firmasına resmi kayıp/gecikme bildirimi açılır.'], 'self_service_uygun_mu': True}","['gonderici_bilgisi', 'teslimat_lokasyonu']",Kargonuzun takip numarası var mı ve hangi firmadan gönderildi?
T-4053,"Acilen ERP modülü lisansım bitmiş, yenilenmesi gerekiyor. Teşekkür ederim şimdiden.",Hizmet Talebi (Service Request),Bilgi Teknolojileri,Yazılım,Yazılım Lisans/Kurulum Talebi,Orta,"{'cozum_basligi': 'Yazılım lisans/kurulum süreci', 'adimlar': ['Adım 1: Talep, lisans uygunluğu ve yönetici onayı için değerlendirilir.', 'Adım 2: Lisans anahtarı temin edilir veya mevcut lisans havuzundan atama yapılır.', 'Adım 3: Kurulum IT ekibi tarafından uzaktan veya yerinde gerçekleştirilir.'], 'self_service_uygun_mu': False}","['yazilim_adi', 'departman', 'lisans_suresi']",Hangi yazılımın lisansına/kurulumuna ihtiyacınız var ve bu talep yöneticiniz tarafından onaylandı mı?
T-4054,"Çok acil, Telefonum ofis wifisine bağlanıyor ama laptopum bağlanmıyor, garip bir durum. Gerçekten çok sıkıntı oluyor, bir an önce ilgilenirseniz sevinirim.",Arıza (Incident),Bilgi Teknolojileri,Ağ/Network,Wi-Fi Bağlantı Sorunu,Orta,"{'cozum_basligi': 'Wi-Fi bağlantı sorunu çözümü', 'adimlar': ['Adım 1: Cihazın Wi-Fi ayarları kapatılıp açılır, ağa yeniden bağlanılır.', 'Adım 2: Şifre doğru girildi mi ve sinyal gücü yeterli mi kontrol edilir.', 'Adım 3: Sorun sürüyorsa erişim noktası (AP) kontrolü için ticket açılır.'], 'self_service_uygun_mu': True}","['ofis_lokasyon', 'cihaz_turu']","Wi-Fi ağı görünüyor mu ama bağlanamıyor musunuz, yoksa hiç görünmüyor mu?"
T-4055,Internetim kopuyor surekli video konferans yaparken cok rahatsiz edici. Hem de Wifi de aynı şekilde çok zayıf çekiyor bu arada,Arıza (Incident),Bilgi Teknolojileri,Ağ/Network,İnternet Bağlantı Sorunu,Düşük,"{'cozum_basligi': 'İnternet bağlantı arızası ilk müdahale', 'adimlar': ['Adım 1: Modem/router yeniden başlatılır, kablo bağlantıları kontrol edilir.', 'Adım 2: Farklı bir cihaz veya prizden bağlantı test edilir.', 'Adım 3: Sorun devam ederse altyapı ekibine ticket açılır ve etkilenen kişi sayısı raporlanır.'], 'self_service_uygun_mu': True}","['ofis_lokasyon', 'etkilenen_kisi_sayisi', 'baslangic_zamani']","İnternet hiç mi yok yoksa çok mu yavaş, ayrıca sadece siz mi etkileniyorsunuz yoksa tüm kat mı?"
T-4056,Fis fotoraflarini yukledim ama form bir turlu finansa dusmuyor sistemde.,Arıza (Incident),Finans,Masraf & Ödeme,Masraf/Harcama Formu Onayı,Orta,"{'cozum_basligi': 'Masraf/harcama formu onay süreci takibi', 'adimlar': ['Adım 1: Formun onay akışındaki mevcut adımı (yönetici/finans) sistemden kontrol edilir.', 'Adım 2: Bekleyen onaycıya hatırlatma bildirimi gönderilir.', 'Adım 3: Onay gecikmesi devam ederse finans ekibi manuel müdahale için ticket açar.'], 'self_service_uygun_mu': True}","['form_no', 'tutar', 'onay_bekleyen_kisi']",Formun numarasını veya harcama tutarını paylaşabilir misiniz?
T-4057,Sut iznimi ogleden once kullanmak istiyorum mumkun mu,Hizmet Talebi (Service Request),İnsan Kaynakları,İzin Yönetimi,Süt İzni Talebi,Orta,"{'cozum_basligi': 'Süt izni düzenleme süreci', 'adimlar': ['Adım 1: Doğum tarihi teyit edilerek yasal süt izni hakkı (ilk 6 ay günde 1,5 saat) hesaplanır.', 'Adım 2: Çalışma saatlerine nasıl entegre edileceği (sabah/akşam/tek seferde) belirlenir.', 'Adım 3: Yönetici bilgilendirilir ve süt izni takvime/çalışma planına işlenir.'], 'self_service_uygun_mu': False}","['ad_soyad', 'dogum_tarihi', 'tercih_edilen_saat']","Süt izninizi günün hangi saatinde kullanmak istersiniz, sabah mı akşam mı?"
T-4058,Evden baglanamiyorum vpn e sürekli hata veriyor. Ayrıca Ayrıca outlook'um da senkronize olmuyor evden bağlanınca,Arıza (Incident),Bilgi Teknolojileri,Ağ/Network,VPN Erişim Sorunu,Yüksek,"{'cozum_basligi': 'VPN bağlantı sorunu çözümü', 'adimlar': ['Adım 1: VPN istemcisi güncel mi kontrol edilir, kullanıcı adı/şifre doğrulanır.', 'Adım 2: İnternet bağlantısı ve güvenlik duvarı ayarları kontrol edilir, istemci yeniden başlatılır.', 'Adım 3: Erişim devam etmiyorsa VPN sertifikası/erişim yetkisi için ticket açılır.'], 'self_service_uygun_mu': True}","['kullanici_adi', 'baglanti_lokasyonu', 'vpn_istemci_versiyonu']",Evden mi yoksa başka bir lokasyondan mı bağlanmaya çalışıyorsunuz?
T-4059,Raporlama ekrani 'veritabanina baglanilamiyor' htasi veriyor.,Arıza (Incident),Bilgi Teknolojileri,Sunucu/Sistem,Veritabanı Erişim Hatası,Yüksek,"{'cozum_basligi': 'Veritabanı erişim hatası çözümü', 'adimlar': ['Adım 1: Kullanıcının veritabanı bağlantı ayarları ve yetkileri kontrol edilir.', 'Adım 2: Veritabanı servisinin çalışır durumda olup olmadığı sistem ekibince doğrulanır.', 'Adım 3: Yetki/bağlantı sorunu devam ediyorsa veritabanı yöneticisine (DBA) ticket yönlendirilir.'], 'self_service_uygun_mu': False}","['veritabani_adi', 'hata_mesaji', 'kullanici_adi']",Bu hata sadece sizde mi oluşuyor yoksa tüm ekipte mi?
T-4060,Sifre sifirlama lazim Hakan Aktaş,Hizmet Talebi (Service Request),Bilgi Teknolojileri,Güvenlik ve Erişim,Şifre Sıfırlama,Yüksek,"{'cozum_basligi': 'Şifre sıfırlama işlemi', 'adimlar': ['Adım 1: Kimlik doğrulama (çalışan sicil no / kayıtlı e-posta) yapılır.', 'Adım 2: Self servis şifre sıfırlama portalı üzerinden geçici şifre oluşturulur.', 'Adım 3: Portal üzerinden çözülemiyorsa IT güvenlik ekibi manuel sıfırlama için ticket açar.'], 'self_service_uygun_mu': True}","['kullanici_adi', 'sicil_no', 'sistem_adi']","Hangi sistemin şifresini sıfırlamamız gerekiyor: e-posta, bilgisayar girişi yoksa başka bir uygulama mı?"
T-4061,"Tüm kat internetsiz kaldı, Ankara ofisi, çok acil!",Arıza (Incident),Bilgi Teknolojileri,Ağ/Network,İnternet Bağlantı Sorunu,Orta,"{'cozum_basligi': 'İnternet bağlantı arızası ilk müdahale', 'adimlar': ['Adım 1: Modem/router yeniden başlatılır, kablo bağlantıları kontrol edilir.', 'Adım 2: Farklı bir cihaz veya prizden bağlantı test edilir.', 'Adım 3: Sorun devam ederse altyapı ekibine ticket açılır ve etkilenen kişi sayısı raporlanır.'], 'self_service_uygun_mu': True}","['ofis_lokasyon', 'internet_saglayici_bilgisi']","İnternet hiç mi yok yoksa çok mu yavaş, ayrıca sadece siz mi etkileniyorsunuz yoksa tüm kat mı?"
T-4062,"Çok acil, Seda Koc - seyahat masraf formum reddedildi ama sebep yazmioyr, ogrenebilir miyim? Ne zaman çözülür acaba?",Arıza (Incident),Finans,Masraf & Ödeme,Masraf/Harcama Formu Onayı,Yüksek,"{'cozum_basligi': 'Masraf/harcama formu onay süreci takibi', 'adimlar': ['Adım 1: Formun onay akışındaki mevcut adımı (yönetici/finans) sistemden kontrol edilir.', 'Adım 2: Bekleyen onaycıya hatırlatma bildirimi gönderilir.', 'Adım 3: Onay gecikmesi devam ederse finans ekibi manuel müdahale için ticket açar.'], 'self_service_uygun_mu': True}","['form_no', 'tutar', 'onay_bekleyen_kisi']",Formun numarasını veya harcama tutarını paylaşabilir misiniz?
T-4063,"Çok acil, SGK işe giriş evrakımı alabilir miyim, işsizlik maaşı için gerekiyor eski işimden.",Hizmet Talebi (Service Request),İnsan Kaynakları,Bordro & Özlük,SGK Giriş/Çıkış Evrakı Talebi,Düşük,"{'cozum_basligi': 'SGK giriş/çıkış evrakı düzenleme', 'adimlar': ['Adım 1: Talep edilen belgenin türü (işe giriş bildirgesi/işten ayrılış bildirgesi) teyit edilir.', 'Adım 2: SGK e-Bildirge sisteminden ilgili belge sorgulanır ve çıktısı alınır.', 'Adım 3: Belge onaylanıp çalışana e-posta veya elden iletilir.'], 'self_service_uygun_mu': False}","['ad_soyad', 'sicil_no', 'belge_turu', 'kullanim_amaci']","İşe giriş bildirgesi mi yoksa işten ayrılış bildirgesi mi gerekiyor, hangi amaçla kullanılacak?"
T-4064,"Yeni doğan bebeğimi sağlık sigortasına eklemek istiyorum, evraklar neler?",Hizmet Talebi (Service Request),İnsan Kaynakları,Bordro & Özlük,ÖSS (Özel Sağlık Sigortası) Aile Kapsamı Ekleme,Orta,"{'cozum_basligi': 'Özel sağlık sigortasına aile bireyi ekleme süreci', 'adimlar': ['Adım 1: Eklenecek aile bireyinin kimlik bilgileri ve yakınlık derecesi (eş/çocuk) alınır.', 'Adım 2: Talep sigorta şirketine İK tarafından iletilir ve poliçe güncellemesi başlatılır.', 'Adım 3: Poliçe onayı sonrası yeni sağlık kartı çalışana/aile bireyine ulaştırılır.'], 'self_service_uygun_mu': False}","['ad_soyad', 'eklenecek_kisi_tc', 'poliçe_baslangic_tarihi']","Eklemek istediğiniz kişi eşiniz mi çocuğunuz mu, kimlik bilgilerini paylaşabilir misiniz?"
T-4065,"Excel açıllırken hata veriyor, sürekli çöküyor. İşlerim çok aksıyor, acil çözüm bekliyorum.",Arıza (Incident),Bilgi Teknolojileri,Yazılım,Uygulama Hatası (Outlook/Teams/Excel vb.),Orta,"{'cozum_basligi': 'Uygulama hatası giderme', 'adimlar': ['Adım 1: Uygulama tamamen kapatılıp yeniden açılır, gerekirse bilgisayar yeniden başlatılır.', 'Adım 2: Uygulama güncellemesi kontrol edilir ve önbellek/geçici dosyalar temizlenir.', 'Adım 3: Hata devam ederse ekran görüntüsüyle birlikte yazılım destek ekibine ticket açılır.'], 'self_service_uygun_mu': True}","['uygulama_adi', 'isletim_sistemi', 'hata_ekran_goruntusu']","Hangi uygulamada ve tam olarak ne zaman bu hatayı alıyorsunuz, ekran görüntüsü paylaşabilir misiniz?"
T-4066,"Ankara ofisi yazicisinin toneri needeyse bitti, yedek talep ediyorum.",Hizmet Talebi (Service Request),İdari İşler,Ofis Ekipmanı,Toner/Kartuş Talebi,Orta,"{'cozum_basligi': 'Toner/kartuş temin süreci', 'adimlar': ['Adım 1: Depo stok durumu kontrol edilir.', 'Adım 2: Uygun toner/kartuş belirtilen yazıcı lokasyonuna teslim edilir.', 'Adım 3: Stokta bulunmuyorsa satınalma süreci tetiklenir ve tahmini teslim süresi bildirilir.'], 'self_service_uygun_mu': False}","['yazici_lokasyon', 'yazici_marka_model', 'toner_kartus_kodu']","Yazıcının marka ve modeli nedir, doğru toner kodunu belirleyebilmemiz için gerekli?"
T-4067,"Lütfen acil Toplantı odasındaki wifi çok zayıf, sunum yaparken bağlantı kesiliyor. Bu konuda epeydir mağdurum, lütfen hızlı dönüş yapar mısınız?",Arıza (Incident),Bilgi Teknolojileri,Ağ/Network,Wi-Fi Bağlantı Sorunu,Orta,"{'cozum_basligi': 'Wi-Fi bağlantı sorunu çözümü', 'adimlar': ['Adım 1: Cihazın Wi-Fi ayarları kapatılıp açılır, ağa yeniden bağlanılır.', 'Adım 2: Şifre doğru girildi mi ve sinyal gücü yeterli mi kontrol edilir.', 'Adım 3: Sorun sürüyorsa erişim noktası (AP) kontrolü için ticket açılır.'], 'self_service_uygun_mu': True}","['ofis_lokasyon', 'wifi_ag_adi']",Hangi ağa bağlanmaya çalışıyorsunuz ve hangi lokasyondasınız?
T-4068,"Tolga Kara - 5 günlük sağlık raporum var, işe döndüğümde bir evrak getirmem gerekiyor mu?",Hizmet Talebi (Service Request),İnsan Kaynakları,İzin Yönetimi,Sağlık Raporu/İstirahat Bildirimi,Düşük,"{'cozum_basligi': 'Sağlık raporu/istirahat bildirimi işleme süreci', 'adimlar': [""Adım 1: Rapor e-Nabız/hastane sisteminden veya elden İK'ya iletilir."", 'Adım 2: Rapor süresi SGK sistemine ve bordroya işlenir.', 'Adım 3: Yöneticiye çalışanın izinli/raporlu olduğu bilgisi iletilir.'], 'self_service_uygun_mu': True}","['ad_soyad', 'rapor_baslangic_bitis_tarihi', 'rapor_belgesi']",Raporunuz kaç gün ve e-Nabız üzerinden mi yoksa elden mi ileteceksiniz?
T-4069,"Lütfen acil 5.613 TL tutarındaki fatura hâlâ ödenmemiş görünüyor, Toros Nakliyat.",Hizmet Talebi (Service Request),Finans,Masraf & Ödeme,Fatura Ödeme Takibi,Düşük,"{'cozum_basligi': 'Fatura ödeme durumu takibi', 'adimlar': ['Adım 1: Fatura numarası ile muhasebe/ERP sisteminde ödeme kaydı sorgulanır.', 'Adım 2: Ödeme planlanan tarih ve onay durumu kontrol edilir.', 'Adım 3: Gecikme varsa ödeme sorumlusuna hatırlatma yapılır ve tedarikçiye bilgi verilir.'], 'self_service_uygun_mu': True}","['fatura_no', 'tedarikci_adi', 'tutar']","Faturanın vade tarihi geçti mi, ne kadar süredir bekliyor?"
T-4070,"Genel Mudurluk binasi'da misafir wifi aggina baglanamiyorum, sifreyi dogru giriyorum.",Arıza (Incident),Bilgi Teknolojileri,Ağ/Network,Wi-Fi Bağlantı Sorunu,Düşük,"{'cozum_basligi': 'Wi-Fi bağlantı sorunu çözümü', 'adimlar': ['Adım 1: Cihazın Wi-Fi ayarları kapatılıp açılır, ağa yeniden bağlanılır.', 'Adım 2: Şifre doğru girildi mi ve sinyal gücü yeterli mi kontrol edilir.', 'Adım 3: Sorun sürüyorsa erişim noktası (AP) kontrolü için ticket açılır.'], 'self_service_uygun_mu': True}","['ofis_lokasyon', 'wifi_ag_adi']",Hangi ağa bağlanmaya çalışıyorsunuz ve hangi lokasyondasınız?
T-4071,"Lütfen acil Projeksiyon cihazı görüntü vermiyor, 3. kat toplantı odası'dayız şu an.",Arıza (Incident),İdari İşler,Ofis Ekipmanı,Toplantı Odası Ekipman Arızası (ClickShare/Projeksiyon),Yüksek,"{'cozum_basligi': 'Toplantı odası ekran/görüntü aktarım arızası giderme', 'adimlar': ['Adım 1: ClickShare/HDMI kablosu ve cihazın güç bağlantısı kontrol edilir.', 'Adım 2: Ekran/projeksiyon cihazı yeniden başlatılır, giriş kaynağı kontrol edilir.', 'Adım 3: Sorun devam ederse toplantı öncesi acil teknik destek için ticket açılır.'], 'self_service_uygun_mu': True}","['oda_adi', 'ekipman_turu', 'toplanti_saati']",ClickShare mi yoksa HDMI/projeksiyon bağlantısında mı sorun yaşıyorsunuz?
T-4072,Yurtdisi harcamamda kur farki var odenen tutar dusuk geldi,Bilgi Talebi (Information),Finans,Masraf & Ödeme,Döviz Kuru Farkı/Uyumsuzluğu,Orta,"{'cozum_basligi': 'Döviz kuru farkı/uyumsuzluğu inceleme süreci', 'adimlar': ['Adım 1: Harcama tarihindeki resmi TCMB kuru ile sistemde kullanılan kur karşılaştırılır.', 'Adım 2: Fark tespit edilirse hangi kur kaynağının kullanıldığı muhasebe ile teyit edilir.', 'Adım 3: Hatalı hesaplama varsa düzeltme kaydı oluşturulur ve fark tazmin edilir.'], 'self_service_uygun_mu': False}","['ad_soyad', 'harcama_tarihi', 'doviz_tutar', 'kullanilan_kur']","Harcamanızın tarihini ve hangi döviz cinsinden olduğunu paylaşabilir misiniz, hangi kur baz alınmış görüyorsunuz?"
T-4073,"Lütfen acil Tedarikci vade suresi konusunda itiraz ediyor 30 gun degil 60 gun diyor Gerçekten çok sıkıntı oluyor, bir an önce ilgilenirseniz sevinirim.",Bilgi Talebi (Information),Finans,Masraf & Ödeme,Tedarikçi IBAN/Vade Mutabakatı,Orta,"{'cozum_basligi': 'Tedarikçi IBAN/vade mutabakat süreci', 'adimlar': ['Adım 1: Tedarikçinin sistemde kayıtlı IBAN ve vade koşulları kontrol edilir.', 'Adım 2: Tedarikçiden güncel IBAN/vade bilgisini teyit eden resmi yazı istenir.', 'Adım 3: Bilgiler güncellendikten sonra mutabakat formu karşılıklı imzalanarak kapatılır.'], 'self_service_uygun_mu': False}","['tedarikci_adi', 'vade_gun_sayisi']",Tedarikçinin IBAN bilgisi mi değişti yoksa vade koşullarında bir anlaşmazlık mı var?
T-4074,"Geçen ay bordromda bir htaa var sanırım, Yıldız.",Arıza (Incident),İnsan Kaynakları,Bordro & Özlük,Bordro/Maaş Bilgisi Talebi,Düşük,"{'cozum_basligi': 'Bordro/maaş bilgisi inceleme süreci', 'adimlar': ['Adım 1: Çalışanın ilgili ay bordrosu bordro sisteminden çekilip incelenir.', 'Adım 2: Kesinti/ek ödeme kalemleri tek tek karşılaştırılır ve hata olup olmadığı tespit edilir.', 'Adım 3: Hata tespit edilirse düzeltme için bordro/muhasebe ekibine ticket açılır.'], 'self_service_uygun_mu': False}","['ad_soyad', 'donem', 'itiraz_konusu']",Maaşınızda eksik ödeme mi var yoksa fazla kesinti mi görüyorsunuz?
T-4075,"Hukuk ortak paylasim alanina erisim talep ediyorum, yoneticim onaylayaacak.",Hizmet Talebi (Service Request),Bilgi Teknolojileri,Güvenlik ve Erişim,Sistem/Klasör Yetki Talebi,Yüksek,"{'cozum_basligi': 'Sistem/klasör yetki tanımlama süreci', 'adimlar': ['Adım 1: Talep, ilgili departman yöneticisinin onayına gönderilir.', 'Adım 2: Onay sonrası erişim, en az yetki prensibiyle tanımlanır.', 'Adım 3: Yetki tanımlandıktan sonra kullanıcıya bilgilendirme yapılır ve ticket kapatılır.'], 'self_service_uygun_mu': False}","['kullanici_adi', 'erisim_seviyesi', 'departman']",Okuma yetkisi mi yoksa yazma/düzenleme yetkisi mi gerekiyor?
T-4076,"Rica etsem acil Kartim calismiyor turnikeden gecemiyorum belki bozulmustur Gerçekten çok sıkıntı oluyor, bir an önce ilgilenirseniz sevinirim.",Hizmet Talebi (Service Request),İdari İşler,Güvenlik & Ulaşım,Kayıp Giriş Kartı,Yüksek,"{'cozum_basligi': 'Kayıp giriş kartı iptal ve yeniden basım süreci', 'adimlar': ['Adım 1: Kayıp kart derhal sistem üzerinden iptal edilir, güvenlik riski önlenir.', 'Adım 2: Kimlik doğrulaması sonrası yeni kart basım talebi oluşturulur.', 'Adım 3: Yeni kart resepsiyon/güvenlik biriminden teslim alınır.'], 'self_service_uygun_mu': False}","['ad_soyad', 'sicil_no', 'kayip_tarihi']","Kartınızı en son ne zaman ve nerede kullandığınızı hatırlıyor musunuz, kaybolduğunu mu düşünüyorsunuz?"
T-4077,"Resepsiyona kargo geldi mi acaba bilgi alabilir miyim Tolga Arslan adına? Bu konuda epeydir mağdurum, lütfen hızlı dönüş yapar mısınız?",Hizmet Talebi (Service Request),İdari İşler,Satınalma/Malzeme,Kargo/Kurye Teslimat Takibi,Yüksek,"{'cozum_basligi': 'Kargo/kurye teslimat takibi', 'adimlar': ['Adım 1: Kargo takip numarası ve gönderici bilgisi ile kargo firması sistemi kontrol edilir.', 'Adım 2: Resepsiyon/depo teslim kaydı kontrol edilerek paketin durumu netleştirilir.', 'Adım 3: Paket bulunamıyorsa kargo firmasına resmi kayıp/gecikme bildirimi açılır.'], 'self_service_uygun_mu': True}","['takip_no', 'kargo_firmasi', 'gonderi_tarihi']","Kargo ne zaman gönderildi, teslimat için beklediğiniz lokasyon neresi?"
T-4078,Yeni personel icin hesap acilmasi lazim aciliyeti var ise baslama 11 Ağustos,Hizmet Talebi (Service Request),Bilgi Teknolojileri,Güvenlik ve Erişim,Yeni Kullanıcı Hesabı,Orta,"{'cozum_basligi': 'Yeni kullanıcı hesabı açma süreci', 'adimlar': [""Adım 1: İK'dan işe giriş onayı ve pozisyon bilgisi teyit edilir."", 'Adım 2: Aktif Dizin üzerinde hesap oluşturulur ve gerekli grup üyelikleri tanımlanır.', 'Adım 3: E-posta ve sistem erişim bilgileri ilk giriş kılavuzuyla birlikte iletilir.'], 'self_service_uygun_mu': False}","['ad_soyad', 'departman', 'ise_baslama_tarihi', 'pozisyon']",Bu hesap hangi pozisyon için açılacak ve yöneticisi kim olacak?
T-4079,"Cihazımdan garip bir ses geliyor ve bazen aniden yeniden başlıyor, çok can sıkıcı bir durum. Bunun yaında Masaüstümdeki dosyalara da erişemiyorum galiba",Arıza (Incident),Bilgi Teknolojileri,Donanım,Bilgisayar Arıza/Onarım,Düşük,"{'cozum_basligi': 'Bilgisayar donanım arızası ilk müdahale', 'adimlar': ['Adım 1: Cihaz kapatılıp yeniden başlatılır, güç kablosu ve bağlantılar kontrol edilir.', 'Adım 2: Uzaktan tanı aracıyla donanım sağlık testi çalıştırılır.', 'Adım 3: Sorun devam ederse yerinde teknik destek için ticket açılır ve teknisyen yönlendirilir.'], 'self_service_uygun_mu': True}","['cihaz_seri_no', 'kullanici_adi', 'ofis_lokasyon', 'ariza_baslangic_zamani']","Cihazınız hiç açılmıyor mu yoksa açılıp kapanıyor mu, ayrıca cihazın seri numarasını paylaşabilir misiniz?"
T-4080,"Deniz Özdemir - GBP faturasını girmeye çalışıyorum ama sistem sadece TL kabul ediyor, yardımcı olur musunuz?",Hizmet Talebi (Service Request),Finans,Masraf & Ödeme,Çoklu Para Birimli Fatura Girişi,Yüksek,"{'cozum_basligi': 'Çoklu para birimli fatura giriş desteği', 'adimlar': ['Adım 1: Faturanın orijinal para birimi ve tutarı doğrulanır.', 'Adım 2: ERP sisteminde ilgili para birimi tanımlı değilse muhasebe sistem ekibi tanımlama yapar.', 'Adım 3: Fatura, güncel kur ile TL karşılığı hesaplanarak sisteme işlenir.'], 'self_service_uygun_mu': False}","['fatura_no', 'tedarikci_adi', 'para_birimi', 'tutar']",Faturanın para birimi nedir (USD/EUR/GBP) ve sistemde bu para birimiyle giriş yapabiliyor musunuz?
T-4081,"Esra Öztürk - kümülatif vergi matrahımla ilgili itirazım var, geçen yılki hesaplamayla tutarsız görünüyor.",Bilgi Talebi (Information),İnsan Kaynakları,Bordro & Özlük,Bordro Vergi Matrahı İtirazı,Orta,"{'cozum_basligi': 'Bordro vergi matrahı itiraz inceleme süreci', 'adimlar': ['Adım 1: İtiraz edilen dönemin vergi matrahı ve dilim hesaplaması bordro ekibi tarafından yeniden kontrol edilir.', 'Adım 2: Kümülatif matrah hesaplamasında hata olup olmadığı muhasebe ile teyit edilir.', 'Adım 3: Hata tespit edilirse düzeltme bir sonraki bordro döneminde uygulanır ve çalışana açıklama yapılır.'], 'self_service_uygun_mu': False}","['ad_soyad', 'donem', 'itiraz_detayi']","Vergi diliminin değiştiğini mi düşünüyorsunuz, yoksa kümülatif matrah hesaplamasında bir hata mı görüyorsunuz?"
T-4082,Yeni gelen arkadas iin masa sandalye lazim,Hizmet Talebi (Service Request),İdari İşler,Satınalma/Malzeme,Ofis Mobilya Değişimi,Orta,"{'cozum_basligi': 'Ofis mobilyası değişim süreci', 'adimlar': ['Adım 1: Mevcut mobilyanın durumu değerlendirilir ve değişim gerekçesi kaydedilir.', 'Adım 2: Bütçe/onay süreci tamamlandıktan sonra satınalma talebi açılır.', 'Adım 3: Yeni mobilya teslim alınıp kurulumu yapılır, eski mobilya değişim için alınır.'], 'self_service_uygun_mu': False}","['mobilya_turu', 'ofis_lokasyon', 'degisim_gerekcesi']",Hangi mobilyanın değişmesini istiyorsunuz ve mevcut olanın sorunu nedir?
T-4083,"Çok acil, Gizem Aslna - maas bordrosu ve calisma belgesi ihtiyacim var, ev kirasi icin isteniyor. Gerçekten çok sıkıntı oluyor, bir an önce ilgilenirseniz sevinirim.",Hizmet Talebi (Service Request),İnsan Kaynakları,Bordro & Özlük,Özlük/Çalışma Belgesi Talebi,Orta,"{'cozum_basligi': 'Özlük/çalışma belgesi düzenleme', 'adimlar': ['Adım 1: Talep edilen belge türü ve kullanım amacı teyit edilir.', 'Adım 2: İK sistemi üzerinden güncel çalışan bilgileriyle belge hazırlanır.', 'Adım 3: Belge imzalandıktan sonra çalışana e-posta veya elden teslim edilir.'], 'self_service_uygun_mu': True}","['ad_soyad', 'sicil_no', 'belge_turu', 'kullanim_amaci']","Hangi belgeye ihtiyacınız var (çalışma belgesi, hizmet dökümü vb.) ve hangi amaçla kullanılacak?"
T-4084,"Formu onaylayacak kisi sistemde 'pasif kullanici' olarak gorrunuyor, islem tikandi. Gerçekten çok sıkıntı oluyor, bir an önce ilgilenirseniz sevinirim.",Arıza (Incident),Finans,Masraf & Ödeme,Onay Akışında Yönetici Görünmüyor Sorunu,Yüksek,"{'cozum_basligi': 'Onay akışı yönetici ataması düzeltme süreci', 'adimlar': ['Adım 1: Organizasyon şemasında çalışanın tanımlı yöneticisi sistemden kontrol edilir.', 'Adım 2: Yönetici ayrılmış/değişmiş ise onay akışı güncel yöneticiye yeniden atanır.', 'Adım 3: Bekleyen tüm formlar yeni onay akışına manuel olarak yönlendirilir.'], 'self_service_uygun_mu': False}","['ad_soyad', 'form_no', 'eski_yonetici', 'yeni_yonetici']",Onay akışında hangi form takılı kaldı ve eski yöneticiniz mi hâlâ sistemde görünüyor?
T-4085,Sunucu cevap vremiyor sistem tamamen durdu acil mudahale lazim,Arıza (Incident),Bilgi Teknolojileri,Sunucu/Sistem,Sunucu/Servis Kesintisi,Yüksek,"{'cozum_basligi': 'Sunucu/servis kesintisi acil müdahale', 'adimlar': ['Adım 1: Sunucu/servis durumu izleme panelinden kontrol edilir, etkilenen servisler belirlenir.', 'Adım 2: Sunucu ekibi tarafından servis yeniden başlatılır veya yük devretme (failover) uygulanır.', 'Adım 3: Kök neden analizi için kritik öncelikli ticket açılır ve ilgili birimlere bilgi verilir.'], 'self_service_uygun_mu': False}","['etkilenen_sistem_adi', 'baslangic_zamani', 'etkilenen_kullanici_sayisi']","Hangi sistem/servis erişilemiyor ve kaç kullanıcıyı etkiliyor, sorun ne zaman başladı?"
T-4086,"Yazicidan ciktilar cok soluk cikiyor, okunmuyor neredeyse.",Arıza (Incident),İdari İşler,Ofis Ekipmanı,Yazıcı/Fotokopi Arıza Bildirimi,Orta,"{'cozum_basligi': 'Yazıcı/fotokopi arıza giderme', 'adimlar': ['Adım 1: Kağıt sıkışması, kapak açık kalması gibi görünür arızalar kontrol edilir.', 'Adım 2: Cihaz yeniden başlatılır ve sürücü/bağlantı ayarları kontrol edilir.', 'Adım 3: Sorun devam ederse teknik servis çağrısı için ticket açılır.'], 'self_service_uygun_mu': True}","['yazici_lokasyon', 'hata_kodu']","Yazıcı hiç çalışmıyor mu, kağıt mı sıkıştı yoksa çıktı kalitesi mi kötü?"
T-4087,Yeni personel icni hesap acilmasi lazim aciliyeti var ise baslama 1 Aralik,Hizmet Talebi (Service Request),Bilgi Teknolojileri,Güvenlik ve Erişim,Yeni Kullanıcı Hesabı,Yüksek,"{'cozum_basligi': 'Yeni kullanıcı hesabı açma süreci', 'adimlar': [""Adım 1: İK'dan işe giriş onayı ve pozisyon bilgisi teyit edilir."", 'Adım 2: Aktif Dizin üzerinde hesap oluşturulur ve gerekli grup üyelikleri tanımlanır.', 'Adım 3: E-posta ve sistem erişim bilgileri ilk giriş kılavuzuyla birlikte iletilir.'], 'self_service_uygun_mu': False}","['ad_soyad', 'departman', 'ise_baslama_tarihi', 'pozisyon']",Bu hesap hangi pozisyon için açılacak ve yöneticisi kim olacak?
T-4088,"Tedarikçimiz ödeme yapılmadığını söylüyor ama sistemde 'ödendi' görünüyor, tutarsızlık var.",Bilgi Talebi (Information),Finans,Masraf & Ödeme,Fatura Ödeme Takibi,Orta,"{'cozum_basligi': 'Fatura ödeme durumu takibi', 'adimlar': ['Adım 1: Fatura numarası ile muhasebe/ERP sisteminde ödeme kaydı sorgulanır.', 'Adım 2: Ödeme planlanan tarih ve onay durumu kontrol edilir.', 'Adım 3: Gecikme varsa ödeme sorumlusuna hatırlatma yapılır ve tedarikçiye bilgi verilir.'], 'self_service_uygun_mu': True}","['fatura_no', 'tedarikci_adi', 'tutar']",Fatura numarasını ve tedarikçi firma adını paylaşabilir misiniz?
T-4089,"3. kat toplantı odası'da clickshare ekrana bağlanmıyor, 10 dakikaya toplantımız var acil!",Arıza (Incident),İdari İşler,Ofis Ekipmanı,Toplantı Odası Ekipman Arızası (ClickShare/Projeksiyon),Orta,"{'cozum_basligi': 'Toplantı odası ekran/görüntü aktarım arızası giderme', 'adimlar': ['Adım 1: ClickShare/HDMI kablosu ve cihazın güç bağlantısı kontrol edilir.', 'Adım 2: Ekran/projeksiyon cihazı yeniden başlatılır, giriş kaynağı kontrol edilir.', 'Adım 3: Sorun devam ederse toplantı öncesi acil teknik destek için ticket açılır.'], 'self_service_uygun_mu': True}","['oda_adi', 'hata_tanimi']",Hangi toplantı odasından bahsediyorsunuz ve toplantınız ne zaman başlıyor?
T-4090,Sifre sifirlama lazim Ahmet Şimşek,Arıza (Incident),Bilgi Teknolojileri,Güvenlik ve Erişim,Şifre Sıfırlama,Orta,"{'cozum_basligi': 'Şifre sıfırlama işlemi', 'adimlar': ['Adım 1: Kimlik doğrulama (çalışan sicil no / kayıtlı e-posta) yapılır.', 'Adım 2: Self servis şifre sıfırlama portalı üzerinden geçici şifre oluşturulur.', 'Adım 3: Portal üzerinden çözülemiyorsa IT güvenlik ekibi manuel sıfırlama için ticket açar.'], 'self_service_uygun_mu': True}","['kullanici_adi', 'kayitli_email']",Şifrenizi mi unuttunuz yoksa hesabınız mı kilitlendi?
T-4091,"Lütfen acil Murta Kara - bu yil kac gun izin kullandim, kalan hakkimi ogrenebilir miyim? Teşekkür ederim şimdiden.",Hizmet Talebi (Service Request),İnsan Kaynakları,İzin Yönetimi,Yıllık İzin Talebi/Bakiye Sorgulama,Orta,"{'cozum_basligi': 'Yıllık izin talebi/bakiye sorgulama süreci', 'adimlar': ['Adım 1: İK portalından güncel izin bakiyesi kontrol edilir.', 'Adım 2: Talep edilen tarih aralığı yöneticinin onayına gönderilir.', 'Adım 3: Onay sonrası izin sistemde işlenir ve bordroya yansıtılır.'], 'self_service_uygun_mu': True}","['ad_soyad', 'kalan_izin_sorgusu']","Hangi tarihler arasında izin kullanmak istiyorsunuz, yoksa sadece bakiye mi öğrenmek istiyorsunuz?"
T-4092,"Masraf formumu doldurdum ama sistemde hala taslak görünüyor, gönderemedim.",Hizmet Talebi (Service Request),Finans,Masraf & Ödeme,Masraf/Harcama Formu Onayı,Düşük,"{'cozum_basligi': 'Masraf/harcama formu onay süreci takibi', 'adimlar': ['Adım 1: Formun onay akışındaki mevcut adımı (yönetici/finans) sistemden kontrol edilir.', 'Adım 2: Bekleyen onaycıya hatırlatma bildirimi gönderilir.', 'Adım 3: Onay gecikmesi devam ederse finans ekibi manuel müdahale için ticket açar.'], 'self_service_uygun_mu': True}","['ad_soyad', 'harcama_tarihi', 'tutar']",Form kaç gündür bekliyor ve onay akışında şu an kimde bekliyor biliyor musunuz?
T-4093,"Çok acil, 7.193 TL avans talep ediyorum 27 Ocak seyahati için. Teşekkür ederim şimdiden.",Hizmet Talebi (Service Request),Finans,Masraf & Ödeme,Avans Talebi,Düşük,"{'cozum_basligi': 'Avans talebi işleme süreci', 'adimlar': ['Adım 1: Avans talebi tutarı ve gerekçesi (seyahat/proje) kaydedilir.', 'Adım 2: Yönetici ve finans onayına gönderilir.', 'Adım 3: Onay sonrası avans, belirtilen banka hesabına aktarılır.'], 'self_service_uygun_mu': False}","['ad_soyad', 'tutar', 'gerekce', 'seyahat_tarihi']",Avans hangi seyahat/proje için ve ne kadar tutar için gerekiyor?
T-4094,"Lütfen acil Kişisel sebeplerden 1 ay ücretsiz izin kullanmak istiyorum, mümkün mü? İşlerim çok aksıyor, acil çözüm bekliyorum.",Hizmet Talebi (Service Request),İnsan Kaynakları,İzin Yönetimi,Ücretsiz İzin Talebi,Orta,"{'cozum_basligi': 'Ücretsiz izin talebi değerlendirme süreci', 'adimlar': ['Adım 1: Talep gerekçesi ve süresi ile birlikte kaydedilir.', 'Adım 2: Yönetici ve İK onayına gönderilir, SGK bildirimi gerekliliği kontrol edilir.', 'Adım 3: Onaylanması halinde ücretsiz izin süresi bordro ve SGK sistemine işlenir.'], 'self_service_uygun_mu': False}","['ad_soyad', 'talep_suresi', 'gerekce']",Ne kadar süreyle ücretsiz izin kullanmak istiyorsunuz ve gerekçeniz nedir?
T-4095,Seyahat masrafım 466.72 GBP olarak girildi ama kur yanlış hesaplanmış görünüyor.,Bilgi Talebi (Information),Finans,Masraf & Ödeme,Döviz Kuru Farkı/Uyumsuzluğu,Yüksek,"{'cozum_basligi': 'Döviz kuru farkı/uyumsuzluğu inceleme süreci', 'adimlar': ['Adım 1: Harcama tarihindeki resmi TCMB kuru ile sistemde kullanılan kur karşılaştırılır.', 'Adım 2: Fark tespit edilirse hangi kur kaynağının kullanıldığı muhasebe ile teyit edilir.', 'Adım 3: Hatalı hesaplama varsa düzeltme kaydı oluşturulur ve fark tazmin edilir.'], 'self_service_uygun_mu': False}","['ad_soyad', 'harcama_tarihi', 'doviz_tutar', 'kullanilan_kur']","Harcamanızın tarihini ve hangi döviz cinsinden olduğunu paylaşabilir misiniz, hangi kur baz alınmış görüyorsunuz?"
T-4096,"3. kat yazıcısı çıktı almıyor, ekranda hata kodu var.",Arıza (Incident),İdari İşler,Ofis Ekipmanı,Yazıcı/Fotokopi Arıza Bildirimi,Yüksek,"{'cozum_basligi': 'Yazıcı/fotokopi arıza giderme', 'adimlar': ['Adım 1: Kağıt sıkışması, kapak açık kalması gibi görünür arızalar kontrol edilir.', 'Adım 2: Cihaz yeniden başlatılır ve sürücü/bağlantı ayarları kontrol edilir.', 'Adım 3: Sorun devam ederse teknik servis çağrısı için ticket açılır.'], 'self_service_uygun_mu': True}","['yazici_lokasyon', 'hata_kodu']",Hangi kattaki/lokasyondaki yazıcıdan bahsediyorsunuz?
T-4097,Bilgisayarım açilmiyor acil yardım lazim İzmir şube,Arıza (Incident),Bilgi Teknolojileri,Donanım,Bilgisayar Arıza/Onarım,Orta,"{'cozum_basligi': 'Bilgisayar donanım arızası ilk müdahale', 'adimlar': ['Adım 1: Cihaz kapatılıp yeniden başlatılır, güç kablosu ve bağlantılar kontrol edilir.', 'Adım 2: Uzaktan tanı aracıyla donanım sağlık testi çalıştırılır.', 'Adım 3: Sorun devam ederse yerinde teknik destek için ticket açılır ve teknisyen yönlendirilir.'], 'self_service_uygun_mu': True}","['cihaz_seri_no', 'kullanici_adi', 'ofis_lokasyon', 'ariza_baslangic_zamani']","Cihazınız hiç açılmıyor mu yoksa açılıp kapanıyor mu, ayrıca cihazın seri numarasını paylaşabilir misiniz?"
T-4098,"Lütfen acil 3. kat yazıcısı çıktı almıyor, ekranda hata kodu var. Ne zaman çözülür acaba?",Arıza (Incident),İdari İşler,Ofis Ekipmanı,Yazıcı/Fotokopi Arıza Bildirimi,Orta,"{'cozum_basligi': 'Yazıcı/fotokopi arıza giderme', 'adimlar': ['Adım 1: Kağıt sıkışması, kapak açık kalması gibi görünür arızalar kontrol edilir.', 'Adım 2: Cihaz yeniden başlatılır ve sürücü/bağlantı ayarları kontrol edilir.', 'Adım 3: Sorun devam ederse teknik servis çağrısı için ticket açılır.'], 'self_service_uygun_mu': True}","['yazici_lokasyon', 'hata_kodu']",Hangi kattaki/lokasyondaki yazıcıdan bahsediyorsunuz?
T-4099,Rica etsem acil Mouse tutukluk yapiyor tikliyor ama gec basiyor Teşekkür ederim şimdiden.,Arıza (Incident),Bilgi Teknolojileri,Donanım,Monitör/Çevre Birimi Arızası,Düşük,"{'cozum_basligi': 'Monitör/çevre birimi arıza tespiti', 'adimlar': ['Adım 1: Kablo bağlantıları (HDMI/VGA/güç) ve monitör güç düğmesi kontrol edilir.', 'Adım 2: Farklı bir kablo veya port ile test yapılır.', 'Adım 3: Arıza devam ediyorsa cihaz değişimi için IT saha ekibine ticket açılır.'], 'self_service_uygun_mu': True}","['cihaz_turu', 'kullanici_adi', 'ofis_lokasyon']",Ekranda hiç görüntü mü yok yoksa titreme/renk bozukluğu mu var?
T-4100,"Selin Catering Hizmetleri IBAN'ını değiştirmiş, mutabakat yapmadan ödeme geçmeyelim.",Bilgi Talebi (Information),Finans,Masraf & Ödeme,Tedarikçi IBAN/Vade Mutabakatı,Orta,"{'cozum_basligi': 'Tedarikçi IBAN/vade mutabakat süreci', 'adimlar': ['Adım 1: Tedarikçinin sistemde kayıtlı IBAN ve vade koşulları kontrol edilir.', 'Adım 2: Tedarikçiden güncel IBAN/vade bilgisini teyit eden resmi yazı istenir.', 'Adım 3: Bilgiler güncellendikten sonra mutabakat formu karşılıklı imzalanarak kapatılır.'], 'self_service_uygun_mu': False}","['tedarikci_adi', 'mevcut_iban', 'yeni_iban_bilgisi']",Tedarikçinin IBAN bilgisi mi değişti yoksa vade koşullarında bir anlaşmazlık mı var?
T-4101,Tedarikci vade surresi konusunda itiraz ediyor 30 gun degil 60 gun diyor,Hizmet Talebi (Service Request),Finans,Masraf & Ödeme,Tedarikçi IBAN/Vade Mutabakatı,Orta,"{'cozum_basligi': 'Tedarikçi IBAN/vade mutabakat süreci', 'adimlar': ['Adım 1: Tedarikçinin sistemde kayıtlı IBAN ve vade koşulları kontrol edilir.', 'Adım 2: Tedarikçiden güncel IBAN/vade bilgisini teyit eden resmi yazı istenir.', 'Adım 3: Bilgiler güncellendikten sonra mutabakat formu karşılıklı imzalanarak kapatılır.'], 'self_service_uygun_mu': False}","['tedarikci_adi', 'mevcut_iban', 'yeni_iban_bilgisi']",Tedarikçinin IBAN bilgisi mi değişti yoksa vade koşullarında bir anlaşmazlık mı var?
T-4102,Banka kredissi icin calisma belgesi lazim acil olabilir mi,Hizmet Talebi (Service Request),İnsan Kaynakları,Bordro & Özlük,Özlük/Çalışma Belgesi Talebi,Orta,"{'cozum_basligi': 'Özlük/çalışma belgesi düzenleme', 'adimlar': ['Adım 1: Talep edilen belge türü ve kullanım amacı teyit edilir.', 'Adım 2: İK sistemi üzerinden güncel çalışan bilgileriyle belge hazırlanır.', 'Adım 3: Belge imzalandıktan sonra çalışana e-posta veya elden teslim edilir.'], 'self_service_uygun_mu': True}","['ad_soyad', 'sicil_no', 'belge_turu', 'kullanim_amaci']","Hangi belgeye ihtiyacınız var (çalışma belgesi, hizmet dökümü vb.) ve hangi amaçla kullanılacak?"
T-4103,Lütfen acil Onay akisinda yoneticim gorunmuyor bos geliyor secim ekrani Teşekkür ederim şimdiden.,Arıza (Incident),Finans,Masraf & Ödeme,Onay Akışında Yönetici Görünmüyor Sorunu,Orta,"{'cozum_basligi': 'Onay akışı yönetici ataması düzeltme süreci', 'adimlar': ['Adım 1: Organizasyon şemasında çalışanın tanımlı yöneticisi sistemden kontrol edilir.', 'Adım 2: Yönetici ayrılmış/değişmiş ise onay akışı güncel yöneticiye yeniden atanır.', 'Adım 3: Bekleyen tüm formlar yeni onay akışına manuel olarak yönlendirilir.'], 'self_service_uygun_mu': False}","['ad_soyad', 'form_no', 'eski_yonetici', 'yeni_yonetici']",Onay akışında hangi form takılı kaldı ve eski yöneticiniz mi hâlâ sistemde görünüyor?
T-4104,Masaüstü bilgisayarım 27 Şubat tarihinden beri sürekli kendi kendine kapanıyor.,Arıza (Incident),Bilgi Teknolojileri,Donanım,Bilgisayar Arıza/Onarım,Yüksek,"{'cozum_basligi': 'Bilgisayar donanım arızası ilk müdahale', 'adimlar': ['Adım 1: Cihaz kapatılıp yeniden başlatılır, güç kablosu ve bağlantılar kontrol edilir.', 'Adım 2: Uzaktan tanı aracıyla donanım sağlık testi çalıştırılır.', 'Adım 3: Sorun devam ederse yerinde teknik destek için ticket açılır ve teknisyen yönlendirilir.'], 'self_service_uygun_mu': True}","['cihaz_seri_no', 'kullanici_adi', 'ofis_lokasyon', 'ariza_baslangic_zamani']",Sorun ne zaman başladı ve hangi lokasyondaki cihazdan bahsediyoruz?
T-4105,"Lütfen acil Masaüstü bilgisayarım 9 Ocak tarihinden beri sürekli kendi kendine kapanıyor. Bu konuda epeydir mağdurum, lütfen hızlı dönüş yapar mısınız?",Arıza (Incident),Bilgi Teknolojileri,Donanım,Bilgisayar Arıza/Onarım,Yüksek,"{'cozum_basligi': 'Bilgisayar donanım arızası ilk müdahale', 'adimlar': ['Adım 1: Cihaz kapatılıp yeniden başlatılır, güç kablosu ve bağlantılar kontrol edilir.', 'Adım 2: Uzaktan tanı aracıyla donanım sağlık testi çalıştırılır.', 'Adım 3: Sorun devam ederse yerinde teknik destek için ticket açılır ve teknisyen yönlendirilir.'], 'self_service_uygun_mu': True}","['cihaz_seri_no', 'ofis_lokasyon', 'ariza_tanimi']",Sorun ne zaman başladı ve hangi lokasyondaki cihazdan bahsediyoruz?
T-4106,"Yazıcı kağıt sıkıştırıyor sürekli Genel Müdürlük binası Bu konuda epeydir mağdurum, lütfen hızlı dönüş yapar mısınız?",Arıza (Incident),İdari İşler,Ofis Ekipmanı,Yazıcı/Fotokopi Arıza Bildirimi,Orta,"{'cozum_basligi': 'Yazıcı/fotokopi arıza giderme', 'adimlar': ['Adım 1: Kağıt sıkışması, kapak açık kalması gibi görünür arızalar kontrol edilir.', 'Adım 2: Cihaz yeniden başlatılır ve sürücü/bağlantı ayarları kontrol edilir.', 'Adım 3: Sorun devam ederse teknik servis çağrısı için ticket açılır.'], 'self_service_uygun_mu': True}","['yazici_lokasyon', 'hata_kodu']","Yazıcı hiç çalışmıyor mu, kağıt mı sıkıştı yoksa çıktı kalitesi mi kötü?"
T-4107,"Çok acil, Röportaj için basın mensubu geliyor 3 Mayıs, güvenlik onayı gerekiyor. Bu konuda epeydir mağdurum, lütfen hızlı dönüş yapar mısınız?",Hizmet Talebi (Service Request),İdari İşler,Güvenlik & Ulaşım,Ziyaretçi Giriş Talebi,Düşük,"{'cozum_basligi': 'Ziyaretçi giriş kaydı oluşturma', 'adimlar': ['Adım 1: Ziyaretçi bilgileri (ad soyad, TC/kimlik, ziyaret amacı) alınır.', 'Adım 2: Güvenlik birimine ziyaret tarihi ve saati bildirilir.', 'Adım 3: Ziyaretçi giriş gününde resepsiyonda kayıt yapılıp kartı teslim edilir.'], 'self_service_uygun_mu': False}","['ziyaretci_ad_soyad', 'ziyaret_tarihi_saati', 'ziyaret_edilen_kisi']","Ziyaretçinin adı, ziyaret tarihi/saati ve kimi ziyaret edeceği bilgisini alabilir miyim?"
T-4108,Lütfen acil Kart limiti artirimi istiyorum proje harcamalari icin yetersiz kaliyor,Hizmet Talebi (Service Request),Finans,Masraf & Ödeme,Kurumsal Kredi Kartı Limit Artırımı,Düşük,"{'cozum_basligi': 'Kurumsal kredi kartı limit artırım süreci', 'adimlar': ['Adım 1: Mevcut limit, kullanım geçmişi ve talep gerekçesi kaydedilir.', 'Adım 2: Yönetici ve finans müdürü onayına gönderilir.', 'Adım 3: Onay sonrası banka ile limit artırım talebi iletilir ve süreç takip edilir.'], 'self_service_uygun_mu': False}","['ad_soyad', 'mevcut_limit', 'talep_edilen_limit', 'gerekce']","Mevcut kart limitiniz nedir ve ne kadar artış talep ediyorsunuz, gerekçeniz nedir?"
T-4109,"Acilen Bu ay gelir vergim aniden cok arttti, matrah hesaplamasinda hata var mi acaba? Gerçekten çok sıkıntı oluyor, bir an önce ilgilenirseniz sevinirim.",Bilgi Talebi (Information),İnsan Kaynakları,Bordro & Özlük,Bordro Vergi Matrahı İtirazı,Yüksek,"{'cozum_basligi': 'Bordro vergi matrahı itiraz inceleme süreci', 'adimlar': ['Adım 1: İtiraz edilen dönemin vergi matrahı ve dilim hesaplaması bordro ekibi tarafından yeniden kontrol edilir.', 'Adım 2: Kümülatif matrah hesaplamasında hata olup olmadığı muhasebe ile teyit edilir.', 'Adım 3: Hata tespit edilirse düzeltme bir sonraki bordro döneminde uygulanır ve çalışana açıklama yapılır.'], 'self_service_uygun_mu': False}","['ad_soyad', 'donem', 'itiraz_detayi']","Vergi diliminin değiştiğini mi düşünüyorsunuz, yoksa kümülatif matrah hesaplamasında bir hata mı görüyorsunuz?"
T-4110,Rica etsem acil Klasor ve dosya lazim biraz stok bitmis gorunuyor,Hizmet Talebi (Service Request),İdari İşler,Satınalma/Malzeme,Kırtasiye Malzeme Talebi,Düşük,"{'cozum_basligi': 'Kırtasiye malzeme temini', 'adimlar': ['Adım 1: Talep departman yöneticisi onayına iletilir.', 'Adım 2: Depo stoğundan malzemeler hazırlanır.', 'Adım 3: Malzemeler belirtilen teslimat lokasyonuna gönderilir.'], 'self_service_uygun_mu': False}","['malzeme_listesi_miktar', 'departman', 'teslimat_lokasyonu']","Hangi malzemelerden ne miktarda ihtiyacınız var, liste hâlinde belirtebilir misiniz?"
T-4111,"Rica etsem acil Volkan Aktaş - maaş bordrosu ve çalışma belgesi ihtiyacım var, ev kirası için isteniyor. Ne zaman çözülür acaba?",Hizmet Talebi (Service Request),İnsan Kaynakları,Bordro & Özlük,Özlük/Çalışma Belgesi Talebi,Düşük,"{'cozum_basligi': 'Özlük/çalışma belgesi düzenleme', 'adimlar': ['Adım 1: Talep edilen belge türü ve kullanım amacı teyit edilir.', 'Adım 2: İK sistemi üzerinden güncel çalışan bilgileriyle belge hazırlanır.', 'Adım 3: Belge imzalandıktan sonra çalışana e-posta veya elden teslim edilir.'], 'self_service_uygun_mu': True}","['ad_soyad', 'sicil_no', 'belge_turu', 'kullanim_amaci']","Hangi belgeye ihtiyacınız var (çalışma belgesi, hizmet dökümü vb.) ve hangi amaçla kullanılacak?"
T-4112,"Deniz Arslan - evlilik iznim için gerekli evrak nedir, nikkah tarihimiz 11 Haziran. Gerçekten çok sıkıntı oluyor, bir an önce ilgilenirseniz sevinirim.",Hizmet Talebi (Service Request),İnsan Kaynakları,İzin Yönetimi,Evlilik İzni Talebi,Orta,"{'cozum_basligi': 'Evlilik izni tanımlama süreci', 'adimlar': ['Adım 1: Evlilik tarihi ve evlilik cüzdanı bilgisi talep edilir.', 'Adım 2: İş kanunu kapsamındaki 3 günlük evlilik izni sisteme tanımlanır.', 'Adım 3: Yönetici onayı sonrası izin takvime işlenir.'], 'self_service_uygun_mu': False}","['ad_soyad', 'evlilik_tarihi', 'izin_baslangic_tarihi']",Evlilik tarihiniz nedir ve izninizi ne zaman kullanmak istiyorsunuz?
T-4113,VPN şifremi doğru giriyorum ama 'yetkisiz erişim' hatası alıyyorum.,Hizmet Talebi (Service Request),Bilgi Teknolojileri,Ağ/Network,VPN Erişim Sorunu,Orta,"{'cozum_basligi': 'VPN bağlantı sorunu çözümü', 'adimlar': ['Adım 1: VPN istemcisi güncel mi kontrol edilir, kullanıcı adı/şifre doğrulanır.', 'Adım 2: İnternet bağlantısı ve güvenlik duvarı ayarları kontrol edilir, istemci yeniden başlatılır.', 'Adım 3: Erişim devam etmiyorsa VPN sertifikası/erişim yetkisi için ticket açılır.'], 'self_service_uygun_mu': True}","['kullanici_adi', 'cihaz_turu', 'hata_mesaji']",Evden mi yoksa başka bir lokasyondan mı bağlanmaya çalışıyorsunuz?
T-4114,Internet gitti gitti geliyor İzmir şube,Hizmet Talebi (Service Request),Bilgi Teknolojileri,Ağ/Network,İnternet Bağlantı Sorunu,Orta,"{'cozum_basligi': 'İnternet bağlantı arızası ilk müdahale', 'adimlar': ['Adım 1: Modem/router yeniden başlatılır, kablo bağlantıları kontrol edilir.', 'Adım 2: Farklı bir cihaz veya prizden bağlantı test edilir.', 'Adım 3: Sorun devam ederse altyapı ekibine ticket açılır ve etkilenen kişi sayısı raporlanır.'], 'self_service_uygun_mu': True}","['ofis_lokasyon', 'internet_saglayici_bilgisi']","İnternet hiç mi yok yoksa çok mu yavaş, ayrıca sadece siz mi etkileniyorsunuz yoksa tüm kat mı?"
T-4115,"Babam vefat etti, mazeret iznine ihtiyacim var acilen.",Hizmet Talebi (Service Request),İnsan Kaynakları,İzin Yönetimi,Vefat/Mazeret İzni Talebi,Yüksek,"{'cozum_basligi': 'Vefat/mazeret izni tanımlama süreci', 'adimlar': ['Adım 1: Yakınlık derecesi ve vefat tarihi bilgisi alınır (mümkünse belge sonradan tamamlanabilir).', 'Adım 2: Yasal mazeret izni (1. derece yakın için 3 gün) sisteme derhal tanımlanır.', 'Adım 3: Yönetici bilgilendirilir, çalışanın dönüş tarihi takip edilir.'], 'self_service_uygun_mu': False}","['ad_soyad', 'yakinlik_derecesi', 'izin_baslangic_tarihi']","Başsağlığı dileriz, yakınlık dereceniz nedir ve izninizin ne zaman başlamasını istersiniz?"
T-4116,Yeni personel icin hesap acilmasi lazim aciliyeti var ise baslama 27 Nisan,Hizmet Talebi (Service Request),Bilgi Teknolojileri,Güvenlik ve Erişim,Yeni Kullanıcı Hesabı,Yüksek,"{'cozum_basligi': 'Yeni kullanıcı hesabı açma süreci', 'adimlar': [""Adım 1: İK'dan işe giriş onayı ve pozisyon bilgisi teyit edilir."", 'Adım 2: Aktif Dizin üzerinde hesap oluşturulur ve gerekli grup üyelikleri tanımlanır.', 'Adım 3: E-posta ve sistem erişim bilgileri ilk giriş kılavuzuyla birlikte iletilir.'], 'self_service_uygun_mu': False}","['ad_soyad', 'departman', 'ise_baslama_tarihi', 'pozisyon']","Yeni çalışanın işe başlama tarihi ve departmanı nedir, hangi sistemlere erişimi olması gerekiyor?"
T-4117,"Dun aksam kapattigimda sorun yoktu ama bu sabah 2. kat toplanti koridoru'da bilgisayarim hic tepki vermiyor, ekran simsiyah kaliyor.",Arıza (Incident),Bilgi Teknolojileri,Donanım,Bilgisayar Arıza/Onarım,Orta,"{'cozum_basligi': 'Bilgisayar donanım arızası ilk müdahale', 'adimlar': ['Adım 1: Cihaz kapatılıp yeniden başlatılır, güç kablosu ve bağlantılar kontrol edilir.', 'Adım 2: Uzaktan tanı aracıyla donanım sağlık testi çalıştırılır.', 'Adım 3: Sorun devam ederse yerinde teknik destek için ticket açılır ve teknisyen yönlendirilir.'], 'self_service_uygun_mu': True}","['cihaz_seri_no', 'kullanici_adi', 'ofis_lokasyon', 'ariza_baslangic_zamani']","Cihazınız hiç açılmıyor mu yoksa açılıp kapanıyor mu, ayrıca cihazın seri numarasını paylaşabilir misiniz?"
T-4118,"Kaç gün izin hakkım kaldı acaba, bakabilir msiniz?",Hizmet Talebi (Service Request),İnsan Kaynakları,İzin Yönetimi,Yıllık İzin Talebi/Bakiye Sorgulama,Orta,"{'cozum_basligi': 'Yıllık izin talebi/bakiye sorgulama süreci', 'adimlar': ['Adım 1: İK portalından güncel izin bakiyesi kontrol edilir.', 'Adım 2: Talep edilen tarih aralığı yöneticinin onayına gönderilir.', 'Adım 3: Onay sonrası izin sistemde işlenir ve bordroya yansıtılır.'], 'self_service_uygun_mu': True}","['ad_soyad', 'kalan_izin_sorgusu']","Hangi tarihler arasında izin kullanmak istiyorsunuz, yoksa sadece bakiye mi öğrenmek istiyorsunuz?"
T-4119,"Deniz Öztürk - süt iznmi için işe geç başlamak istiyorum, uygun mudur?",Hizmet Talebi (Service Request),İnsan Kaynakları,İzin Yönetimi,Süt İzni Talebi,Yüksek,"{'cozum_basligi': 'Süt izni düzenleme süreci', 'adimlar': ['Adım 1: Doğum tarihi teyit edilerek yasal süt izni hakkı (ilk 6 ay günde 1,5 saat) hesaplanır.', 'Adım 2: Çalışma saatlerine nasıl entegre edileceği (sabah/akşam/tek seferde) belirlenir.', 'Adım 3: Yönetici bilgilendirilir ve süt izni takvime/çalışma planına işlenir.'], 'self_service_uygun_mu': False}","['ad_soyad', 'dogum_tarihi', 'tercih_edilen_saat']","Süt izninizi günün hangi saatinde kullanmak istersiniz, sabah mı akşam mı?"
T-4120,"Lütfen acil Iznimi erteledim ama sistemde hlaa eski tarih görünüyor Bu konuda epeydir mağdurum, lütfen hızlı dönüş yapar mısınız?",Hizmet Talebi (Service Request),İnsan Kaynakları,İzin Yönetimi,İzin İptal/Değişiklik,Orta,"{'cozum_basligi': 'İzin iptal/değişiklik işlemi', 'adimlar': ['Adım 1: Mevcut izin kaydı sistemde bulunur ve doğrulanır.', 'Adım 2: İptal/değişiklik talebi yöneticinin onayına yeniden gönderilir.', 'Adım 3: Onay sonrası izin bakiyesi ve takvim güncellenir.'], 'self_service_uygun_mu': True}","['ad_soyad', 'mevcut_izin_tarihi', 'yeni_talep']",İzninizi tamamen iptal mi etmek istiyorsunuz yoksa tarihini mi değiştirmek istiyorsunuz?
T-4121,Satış departmanına 3 adet yeni bilgisayar kurulumu yapılması gerekiyor 20 Kasım itibariyle.,Hizmet Talebi (Service Request),Bilgi Teknolojileri,Donanım,Yeni Ekipman Kurulumu,Düşük,"{'cozum_basligi': 'Yeni donanım ekipmanı kurulum süreci', 'adimlar': ['Adım 1: Talep, envanter ve bütçe onayı için yöneticiye/IT sorumlusuna iletilir.', 'Adım 2: Uygun ekipman depo stoğundan veya satın alma sürecinden temin edilir.', 'Adım 3: Kurulum IT saha ekibi tarafından belirlenen tarihte yerinde gerçekleştirilir.'], 'self_service_uygun_mu': False}","['ekipman_turu', 'kullanici_adi', 'ofis_lokasyon', 'talep_tarihi']",Yeni işe başlayan biri için mi yoksa mevcut ekipmanın değişimi için mi bu talep?
T-4122,"Lütfen acil Dosya sunucusuna erişim kesildi, tüm departmanlar dosyalara ulaşamıyor. Teşekkür ederim şimdiden.",Arıza (Incident),Bilgi Teknolojileri,Sunucu/Sistem,Sunucu/Servis Kesintisi,Yüksek,"{'cozum_basligi': 'Sunucu/servis kesintisi acil müdahale', 'adimlar': ['Adım 1: Sunucu/servis durumu izleme panelinden kontrol edilir, etkilenen servisler belirlenir.', 'Adım 2: Sunucu ekibi tarafından servis yeniden başlatılır veya yük devretme (failover) uygulanır.', 'Adım 3: Kök neden analizi için kritik öncelikli ticket açılır ve ilgili birimlere bilgi verilir.'], 'self_service_uygun_mu': False}","['etkilenen_sistem_adi', 'baslangic_zamani', 'etkilenen_kullanici_sayisi']",Bu kesinti tüm şirketi mi yoksa belirli bir departmanı mı etkiliyor?
T-4123,"Paarlama ortak paylaşım alanına erişim talep ediyorum, yöneticim onaylayacak.",Hizmet Talebi (Service Request),Bilgi Teknolojileri,Güvenlik ve Erişim,Sistem/Klasör Yetki Talebi,Orta,"{'cozum_basligi': 'Sistem/klasör yetki tanımlama süreci', 'adimlar': ['Adım 1: Talep, ilgili departman yöneticisinin onayına gönderilir.', 'Adım 2: Onay sonrası erişim, en az yetki prensibiyle tanımlanır.', 'Adım 3: Yetki tanımlandıktan sonra kullanıcıya bilgilendirme yapılır ve ticket kapatılır.'], 'self_service_uygun_mu': False}","['kullanici_adi', 'erisim_seviyesi', 'departman']",Okuma yetkisi mi yoksa yazma/düzenleme yetkisi mi gerekiyor?
T-4124,26 Ekim tarihleri arası 5 gün yıllık izin kullanmak istiyorum.,Bilgi Talebi (Information),İnsan Kaynakları,İzin Yönetimi,Yıllık İzin Talebi/Bakiye Sorgulama,Düşük,"{'cozum_basligi': 'Yıllık izin talebi/bakiye sorgulama süreci', 'adimlar': ['Adım 1: İK portalından güncel izin bakiyesi kontrol edilir.', 'Adım 2: Talep edilen tarih aralığı yöneticinin onayına gönderilir.', 'Adım 3: Onay sonrası izin sistemde işlenir ve bordroya yansıtılır.'], 'self_service_uygun_mu': True}","['ad_soyad', 'izin_baslangic_bitis_tarihi']","Hangi tarihler arasında izin kullanmak istiyorsunuz, yoksa sadece bakiye mi öğrenmek istiyorsunuz?"
T-4125,"Muhasebe sunucusuna erişim yok, tüm ekip etkilendi 6 Mayıs sabahından beri.",Arıza (Incident),Bilgi Teknolojileri,Sunucu/Sistem,Sunucu/Servis Kesintisi,Yüksek,"{'cozum_basligi': 'Sunucu/servis kesintisi acil müdahale', 'adimlar': ['Adım 1: Sunucu/servis durumu izleme panelinden kontrol edilir, etkilenen servisler belirlenir.', 'Adım 2: Sunucu ekibi tarafından servis yeniden başlatılır veya yük devretme (failover) uygulanır.', 'Adım 3: Kök neden analizi için kritik öncelikli ticket açılır ve ilgili birimlere bilgi verilir.'], 'self_service_uygun_mu': False}","['sunucu_adi', 'hata_kodu', 'etki_alani']","Hangi sistem/servis erişilemiyor ve kaç kullanıcıyı etkiliyor, sorun ne zaman başladı?"
T-4126,"Rica etsem acil Şifremi unuttum bilgisayara giremiyorum İşlerim çok aksıyor, acil çözüm bekliyorum.",Hizmet Talebi (Service Request),Bilgi Teknolojileri,Güvenlik ve Erişim,Şifre Sıfırlama,Yüksek,"{'cozum_basligi': 'Şifre sıfırlama işlemi', 'adimlar': ['Adım 1: Kimlik doğrulama (çalışan sicil no / kayıtlı e-posta) yapılır.', 'Adım 2: Self servis şifre sıfırlama portalı üzerinden geçici şifre oluşturulur.', 'Adım 3: Portal üzerinden çözülemiyorsa IT güvenlik ekibi manuel sıfırlama için ticket açar.'], 'self_service_uygun_mu': True}","['kullanici_adi', 'kayitli_email']",Şifrenizi mi unuttunuz yoksa hesabınız mı kilitlendi?
T-4127,"Wifi ye baglanamiyorum B blok 4. kat sürekli şifre hatası veriyor Gerçekten çok sıkıntı oluyor, bir an önce ilgilenirseniz sevinirim.",Arıza (Incident),Bilgi Teknolojileri,Ağ/Network,Wi-Fi Bağlantı Sorunu,Düşük,"{'cozum_basligi': 'Wi-Fi bağlantı sorunu çözümü', 'adimlar': ['Adım 1: Cihazın Wi-Fi ayarları kapatılıp açılır, ağa yeniden bağlanılır.', 'Adım 2: Şifre doğru girildi mi ve sinyal gücü yeterli mi kontrol edilir.', 'Adım 3: Sorun sürüyorsa erişim noktası (AP) kontrolü için ticket açılır.'], 'self_service_uygun_mu': True}","['ofis_lokasyon', 'wifi_ag_adi']",Hangi ağa bağlanmaya çalışıyorsunuz ve hangi lokasyondasınız?
T-4128,Masraf formum onaya gidiyor ama eski yoneticmi ciktigi icin kimse onaylayamiyor.,Arıza (Incident),Finans,Masraf & Ödeme,Onay Akışında Yönetici Görünmüyor Sorunu,Yüksek,"{'cozum_basligi': 'Onay akışı yönetici ataması düzeltme süreci', 'adimlar': ['Adım 1: Organizasyon şemasında çalışanın tanımlı yöneticisi sistemden kontrol edilir.', 'Adım 2: Yönetici ayrılmış/değişmiş ise onay akışı güncel yöneticiye yeniden atanır.', 'Adım 3: Bekleyen tüm formlar yeni onay akışına manuel olarak yönlendirilir.'], 'self_service_uygun_mu': False}","['ad_soyad', 'form_no', 'eski_yonetici', 'yeni_yonetici']",Onay akışında hangi form takılı kaldı ve eski yöneticiniz mi hâlâ sistemde görünüyor?
T-4129,"Yeni IBAN bilgisi geldi ama resmi yazi olmadan sistemde guncelleyemiyruz, tedarikciden evrak istenmeli.",Bilgi Talebi (Information),Finans,Masraf & Ödeme,Tedarikçi IBAN/Vade Mutabakatı,Düşük,"{'cozum_basligi': 'Tedarikçi IBAN/vade mutabakat süreci', 'adimlar': ['Adım 1: Tedarikçinin sistemde kayıtlı IBAN ve vade koşulları kontrol edilir.', 'Adım 2: Tedarikçiden güncel IBAN/vade bilgisini teyit eden resmi yazı istenir.', 'Adım 3: Bilgiler güncellendikten sonra mutabakat formu karşılıklı imzalanarak kapatılır.'], 'self_service_uygun_mu': False}","['tedarikci_adi', 'vade_gun_sayisi']",Tedarikçinin IBAN bilgisi mi değişti yoksa vade koşullarında bir anlaşmazlık mı var?
T-4130,Yazici acilmiyor fisi taktim yine olmadi Ne zaman çözülür acaba?,Arıza (Incident),İdari İşler,Ofis Ekipmanı,Yazıcı/Fotokopi Arıza Bildirimi,Yüksek,"{'cozum_basligi': 'Yazıcı/fotokopi arıza giderme', 'adimlar': ['Adım 1: Kağıt sıkışması, kapak açık kalması gibi görünür arızalar kontrol edilir.', 'Adım 2: Cihaz yeniden başlatılır ve sürücü/bağlantı ayarları kontrol edilir.', 'Adım 3: Sorun devam ederse teknik servis çağrısı için ticket açılır.'], 'self_service_uygun_mu': True}","['yazici_lokasyon', 'yazici_marka_model', 'ariza_tanimi']",Hangi kattaki/lokasyondaki yazıcıdan bahsediyorsunuz?
T-4131,Masraf formum onaya gidiyor ama eski yöneticim çıktığı için kimse onaylayamıyor.,Arıza (Incident),Finans,Masraf & Ödeme,Onay Akışında Yönetici Görünmüyor Sorunu,Orta,"{'cozum_basligi': 'Onay akışı yönetici ataması düzeltme süreci', 'adimlar': ['Adım 1: Organizasyon şemasında çalışanın tanımlı yöneticisi sistemden kontrol edilir.', 'Adım 2: Yönetici ayrılmış/değişmiş ise onay akışı güncel yöneticiye yeniden atanır.', 'Adım 3: Bekleyen tüm formlar yeni onay akışına manuel olarak yönlendirilir.'], 'self_service_uygun_mu': False}","['ad_soyad', 'form_no', 'eski_yonetici', 'yeni_yonetici']",Onay akışında hangi form takılı kaldı ve eski yöneticiniz mi hâlâ sistemde görünüyor?
T-4132,"11 Şubat tarihinde evlendim, medeni halimin güncellenmesi gerekiyor sistemde.",Hizmet Talebi (Service Request),İnsan Kaynakları,Bordro & Özlük,Evlilik Bildirimi,Düşük,"{'cozum_basligi': 'Evlilik durum değişikliği kayıt süreci', 'adimlar': ['Adım 1: Evlilik cüzdanı fotokopisi/belgesi çalışandan talep edilir.', 'Adım 2: Medeni hal ve varsa soyadı bilgisi İK sisteminde güncellenir.', 'Adım 3: Vergi matrahı, SGK ve varsa özel sağlık sigortası kayıtları güncellenmesi için ilgili birimlere bilgi verilir.'], 'self_service_uygun_mu': False}","['ad_soyad', 'yeni_medeni_hal', 'es_bilgisi']","Evlilik tarihinizi ve evlilik cüzdanı belgesini paylaşabilir misiniz, medeni hal güncellemesi için gerekiyor?"
T-4133,Kaan Öztürk - yurtdışı proje nedeniyle kart limitimin geçici olarak artırılmasını rica ederim.,Hizmet Talebi (Service Request),Finans,Masraf & Ödeme,Kurumsal Kredi Kartı Limit Artırımı,Orta,"{'cozum_basligi': 'Kurumsal kredi kartı limit artırım süreci', 'adimlar': ['Adım 1: Mevcut limit, kullanım geçmişi ve talep gerekçesi kaydedilir.', 'Adım 2: Yönetici ve finans müdürü onayına gönderilir.', 'Adım 3: Onay sonrası banka ile limit artırım talebi iletilir ve süreç takip edilir.'], 'self_service_uygun_mu': False}","['ad_soyad', 'mevcut_limit', 'talep_edilen_limit', 'gerekce']","Mevcut kart limitiniz nedir ve ne kadar artış talep ediyorsunuz, gerekçeniz nedir?"
T-4134,"Acilen Mavi Lojistik Ltd. IBAN'ını değiştirmiş, mutabakat yapmadan ödeme geçmeyelim. Teşekkür ederim şimdiden.",Bilgi Talebi (Information),Finans,Masraf & Ödeme,Tedarikçi IBAN/Vade Mutabakatı,Orta,"{'cozum_basligi': 'Tedarikçi IBAN/vade mutabakat süreci', 'adimlar': ['Adım 1: Tedarikçinin sistemde kayıtlı IBAN ve vade koşulları kontrol edilir.', 'Adım 2: Tedarikçiden güncel IBAN/vade bilgisini teyit eden resmi yazı istenir.', 'Adım 3: Bilgiler güncellendikten sonra mutabakat formu karşılıklı imzalanarak kapatılır.'], 'self_service_uygun_mu': False}","['tedarikci_adi', 'mevcut_iban', 'yeni_iban_bilgisi']",Tedarikçinin IBAN bilgisi mi değişti yoksa vade koşullarında bir anlaşmazlık mı var?
T-4135,"Acilen Burak Çelik - servis durağımın değiştirilmesini talep ediyorum, ev taşındı. Gerçekten çok sıkıntı oluyor, bir an önce ilgilenirseniz sevinirim.",Bilgi Talebi (Information),İdari İşler,Güvenlik & Ulaşım,Servis Güzergah Talebi,Yüksek,"{'cozum_basligi': 'Personel servis güzergahı düzenleme', 'adimlar': ['Adım 1: Talep edilen adres mevcut güzergahlara uygunluk açısından incelenir.', 'Adım 2: Ulaşım/idari işler ekibi güzergah planlamasını günceller.', 'Adım 3: Yeni güzergah bilgisi çalışana ve servis şoförüne iletilir.'], 'self_service_uygun_mu': False}","['ev_adresi', 'mevcut_hat_no', 'talep_turu']",Mevcut servis güzergahınızda mı değişiklik istiyorsunuz yoksa yeni bir durak mı ekleniyor?
T-4136,Yazıcı kağıt sıkıştırıyor sürekli Kadıköy ofis,Arıza (Incident),İdari İşler,Ofis Ekipmanı,Yazıcı/Fotokopi Arıza Bildirimi,Düşük,"{'cozum_basligi': 'Yazıcı/fotokopi arıza giderme', 'adimlar': ['Adım 1: Kağıt sıkışması, kapak açık kalması gibi görünür arızalar kontrol edilir.', 'Adım 2: Cihaz yeniden başlatılır ve sürücü/bağlantı ayarları kontrol edilir.', 'Adım 3: Sorun devam ederse teknik servis çağrısı için ticket açılır.'], 'self_service_uygun_mu': True}","['yazici_lokasyon', 'hata_kodu']","Yazıcı hiç çalışmıyor mu, kağıt mı sıkıştı yoksa çıktı kalitesi mi kötü?"
T-4137,Acilen CRM üzerinden müşteeri kaydı çekerken sistem timeout hatası veriyor. Ne zaman çözülür acaba?,Arıza (Incident),Bilgi Teknolojileri,Sunucu/Sistem,Veritabanı Erişim Hatası,Kritik,"{'cozum_basligi': 'Veritabanı erişim hatası çözümü', 'adimlar': ['Adım 1: Kullanıcının veritabanı bağlantı ayarları ve yetkileri kontrol edilir.', 'Adım 2: Veritabanı servisinin çalışır durumda olup olmadığı sistem ekibince doğrulanır.', 'Adım 3: Yetki/bağlantı sorunu devam ediyorsa veritabanı yöneticisine (DBA) ticket yönlendirilir.'], 'self_service_uygun_mu': False}","['veritabani_adi', 'hata_mesaji', 'kullanici_adi']",Hangi uygulama/veritabanına erişmeye çalışıyorsunuz ve tam hata mesajı nedir?
T-4138,"Geçen ay bordromda bir haata var sanırım, Gökhan.",Arıza (Incident),İnsan Kaynakları,Bordro & Özlük,Bordro/Maaş Bilgisi Talebi,Orta,"{'cozum_basligi': 'Bordro/maaş bilgisi inceleme süreci', 'adimlar': ['Adım 1: Çalışanın ilgili ay bordrosu bordro sisteminden çekilip incelenir.', 'Adım 2: Kesinti/ek ödeme kalemleri tek tek karşılaştırılır ve hata olup olmadığı tespit edilir.', 'Adım 3: Hata tespit edilirse düzeltme için bordro/muhasebe ekibine ticket açılır.'], 'self_service_uygun_mu': False}","['ad_soyad', 'sicil_no', 'ilgili_ay']",Hangi ayın bordrosuyla ilgili ve tam olarak hangi kalemde hata olduğunu düşünüyorsunuz?
T-4139,Rica etsem acil Bes kesinti oranimi artirmak istiyorum bordromdan,Bilgi Talebi (Information),İnsan Kaynakları,Bordro & Özlük,BES (Bireysel Emeklilik) Kesintisi Talebi,Orta,"{'cozum_basligi': 'BES kesinti oranı/katılım işlemi düzenleme', 'adimlar': ['Adım 1: Çalışanın mevcut BES katılım durumu ve kesinti oranı sistemden kontrol edilir.', 'Adım 2: Talep edilen değişiklik (katılım, çıkış, oran güncelleme) BES şirketine iletilir.', 'Adım 3: Onay sonrası bordro kesinti kalemi güncellenir ve çalışana bilgi verilir.'], 'self_service_uygun_mu': False}","['ad_soyad', 'talep_turu', 'yeni_kesinti_orani']",BES'ten çıkmak mı istiyorsunuz yoksa kesinti oranınızı mı değiştirmek istiyorsunuz?
T-4140,"Lojistik ortak paylaşım alanına erişim talep ediyorum, yöneticim onaylayacak.",Hizmet Talebi (Service Request),Bilgi Teknolojileri,Güvenlik ve Erişim,Sistem/Klasör Yetki Talebi,Düşük,"{'cozum_basligi': 'Sistem/klasör yetki tanımlama süreci', 'adimlar': ['Adım 1: Talep, ilgili departman yöneticisinin onayına gönderilir.', 'Adım 2: Onay sonrası erişim, en az yetki prensibiyle tanımlanır.', 'Adım 3: Yetki tanımlandıktan sonra kullanıcıya bilgilendirme yapılır ve ticket kapatılır.'], 'self_service_uygun_mu': False}","['kullanici_adi', 'klasor_sistem_adi', 'yonetici_onayi']",Hangi klasöre veya sisteme erişim yetkisi talep ediyorsunuz ve yöneticinizin onayı var mı?
T-4141,Masraf formum onaya gidiyor ama eski yoneticim ciktigi icin kimse onaylayamiyor.,Arıza (Incident),Finans,Masraf & Ödeme,Onay Akışında Yönetici Görünmüyor Sorunu,Yüksek,"{'cozum_basligi': 'Onay akışı yönetici ataması düzeltme süreci', 'adimlar': ['Adım 1: Organizasyon şemasında çalışanın tanımlı yöneticisi sistemden kontrol edilir.', 'Adım 2: Yönetici ayrılmış/değişmiş ise onay akışı güncel yöneticiye yeniden atanır.', 'Adım 3: Bekleyen tüm formlar yeni onay akışına manuel olarak yönlendirilir.'], 'self_service_uygun_mu': False}","['ad_soyad', 'form_no', 'eski_yonetici', 'yeni_yonetici']",Onay akışında hangi form takılı kaldı ve eski yöneticiniz mi hâlâ sistemde görünüyor?
T-4142,"Otomatik BES'e dahil olmuşum haberim yoktu, çıkış yapmak istiyorum.",Hizmet Talebi (Service Request),İnsan Kaynakları,Bordro & Özlük,BES (Bireysel Emeklilik) Kesintisi Talebi,Düşük,"{'cozum_basligi': 'BES kesinti oranı/katılım işlemi düzenleme', 'adimlar': ['Adım 1: Çalışanın mevcut BES katılım durumu ve kesinti oranı sistemden kontrol edilir.', 'Adım 2: Talep edilen değişiklik (katılım, çıkış, oran güncelleme) BES şirketine iletilir.', 'Adım 3: Onay sonrası bordro kesinti kalemi güncellenir ve çalışana bilgi verilir.'], 'self_service_uygun_mu': False}","['ad_soyad', 'talep_turu', 'yeni_kesinti_orani']",BES'ten çıkmak mı istiyorsunuz yoksa kesinti oranınızı mı değiştirmek istiyorsunuz?
T-4143,"Tuvaletteki aydinltama tamamen sondu, acil bakilmasi lazim.",Arıza (Incident),İdari İşler,Bina/Tesis Bakım,Elektrik/Aydınlatma Arızası,Orta,"{'cozum_basligi': 'Elektrik/aydınlatma arıza giderme', 'adimlar': ['Adım 1: Sigorta atmış mı, ampul/armatür arızalı mı kontrol edilir.', 'Adım 2: Bina teknik ekibi lokasyona yönlendirilir.', 'Adım 3: Kalıcı çözüm için gerekiyorsa dış elektrik servisi çağrılır.'], 'self_service_uygun_mu': False}","['ofis_lokasyon', 'ariza_tanimi', 'aciliyet_durumu']",Sorun tüm katta mı yoksa belirli bir bölgede/masada mı yaşanıyor?
T-4144,ÖSS ye es ekleme ypmak istiyorum evlendik yeni,Hizmet Talebi (Service Request),İnsan Kaynakları,Bordro & Özlük,ÖSS (Özel Sağlık Sigortası) Aile Kapsamı Ekleme,Orta,"{'cozum_basligi': 'Özel sağlık sigortasına aile bireyi ekleme süreci', 'adimlar': ['Adım 1: Eklenecek aile bireyinin kimlik bilgileri ve yakınlık derecesi (eş/çocuk) alınır.', 'Adım 2: Talep sigorta şirketine İK tarafından iletilir ve poliçe güncellemesi başlatılır.', 'Adım 3: Poliçe onayı sonrası yeni sağlık kartı çalışana/aile bireyine ulaştırılır.'], 'self_service_uygun_mu': False}","['ad_soyad', 'eklenecek_kisi_tc', 'poliçe_baslangic_tarihi']","Eklemek istediğiniz kişi eşiniz mi çocuğunuz mu, kimlik bilgilerini paylaşabilir misiniz?"
T-4145,"İkinci monitörüm titreşim yapıyor ve renkler bozuk çıkıyor. Hem de Bir de mouse'mu da bazen donuyor Bu konuda epeydir mağdurum, lütfen hızlı dönüş yapar mısınız?",Arıza (Incident),Bilgi Teknolojileri,Donanım,Monitör/Çevre Birimi Arızası,Düşük,"{'cozum_basligi': 'Monitör/çevre birimi arıza tespiti', 'adimlar': ['Adım 1: Kablo bağlantıları (HDMI/VGA/güç) ve monitör güç düğmesi kontrol edilir.', 'Adım 2: Farklı bir kablo veya port ile test yapılır.', 'Adım 3: Arıza devam ediyorsa cihaz değişimi için IT saha ekibine ticket açılır.'], 'self_service_uygun_mu': True}","['cihaz_turu', 'kullanici_adi', 'ofis_lokasyon']","Sorun hangi çevre biriminde: monitör, klavye, mouse yoksa yazıcı mı?"
T-4146,"Kaç gün izin hakkım kaldı acaba, bakabilir misiniz? İşlerim çok aksıyor, acil çözüm bekliyorum.",Hizmet Talebi (Service Request),İnsan Kaynakları,İzin Yönetimi,Yıllık İzin Talebi/Bakiye Sorgulama,Düşük,"{'cozum_basligi': 'Yıllık izin talebi/bakiye sorgulama süreci', 'adimlar': ['Adım 1: İK portalından güncel izin bakiyesi kontrol edilir.', 'Adım 2: Talep edilen tarih aralığı yöneticinin onayına gönderilir.', 'Adım 3: Onay sonrası izin sistemde işlenir ve bordroya yansıtılır.'], 'self_service_uygun_mu': True}","['ad_soyad', 'izin_baslangic_bitis_tarihi']","Hangi tarihler arasında izin kullanmak istiyorsunuz, yoksa sadece bakiye mi öğrenmek istiyorsunuz?"
T-4147,"Eşim doğum yapacak yaknda, babalık iznimi ayarlamak istiyorum.",Hizmet Talebi (Service Request),İnsan Kaynakları,İzin Yönetimi,Babalık İzni Talebi,Yüksek,"{'cozum_basligi': 'Babalık izni tanımlama süreci', 'adimlar': ['Adım 1: Doğum tarihi ve doğum belgesi/raporu talep edilir.', 'Adım 2: Yasal 5 günlük babalık izni sisteme tanımlanır.', 'Adım 3: İzin yöneticiye bilgi amaçlı bildirilir ve takvime işlenir.'], 'self_service_uygun_mu': False}","['ad_soyad', 'dogum_tarihi', 'izin_baslangic_tarihi']","Bebeğinizin doğum tarihi nedir, izninizi doğumdan itibaren mi başlatmak istersiniz?"
T-4148,"Deniz Aydın - geçen hafta evlendim, vergi indirimi için evlilik cüzdanımı ileteyim mi?",Hizmet Talebi (Service Request),İnsan Kaynakları,Bordro & Özlük,Evlilik Bildirimi,Düşük,"{'cozum_basligi': 'Evlilik durum değişikliği kayıt süreci', 'adimlar': ['Adım 1: Evlilik cüzdanı fotokopisi/belgesi çalışandan talep edilir.', 'Adım 2: Medeni hal ve varsa soyadı bilgisi İK sisteminde güncellenir.', 'Adım 3: Vergi matrahı, SGK ve varsa özel sağlık sigortası kayıtları güncellenmesi için ilgili birimlere bilgi verilir.'], 'self_service_uygun_mu': False}","['ad_soyad', 'evlilik_tarihi', 'evlilik_cuzdani_belgesi']","Evlilik tarihinizi ve evlilik cüzdanı belgesini paylaşabilir misiniz, medeni hal güncellemesi için gerekiyor?"
T-4149,Tolga Arslan - yurtdışı proje nedeniyle kart limitimin geçici olarak artırılmasını rica ederim.,Hizmet Talebi (Service Request),Finans,Masraf & Ödeme,Kurumsal Kredi Kartı Limit Artırımı,Orta,"{'cozum_basligi': 'Kurumsal kredi kartı limit artırım süreci', 'adimlar': ['Adım 1: Mevcut limit, kullanım geçmişi ve talep gerekçesi kaydedilir.', 'Adım 2: Yönetici ve finans müdürü onayına gönderilir.', 'Adım 3: Onay sonrası banka ile limit artırım talebi iletilir ve süreç takip edilir.'], 'self_service_uygun_mu': False}","['ad_soyad', 'mevcut_limit', 'talep_edilen_limit', 'gerekce']","Mevcut kart limitiniz nedir ve ne kadar artış talep ediyorsunuz, gerekçeniz nedir?"
T-4150,"Rica etsem acil Giriş kartımı kaybettim acil iptal edilmesi lazım Bu konuda epeydir mağdurum, lütfen hızlı dönüş yapar mısınız?",Hizmet Talebi (Service Request),İdari İşler,Güvenlik & Ulaşım,Kayıp Giriş Kartı,Yüksek,"{'cozum_basligi': 'Kayıp giriş kartı iptal ve yeniden basım süreci', 'adimlar': ['Adım 1: Kayıp kart derhal sistem üzerinden iptal edilir, güvenlik riski önlenir.', 'Adım 2: Kimlik doğrulaması sonrası yeni kart basım talebi oluşturulur.', 'Adım 3: Yeni kart resepsiyon/güvenlik biriminden teslim alınır.'], 'self_service_uygun_mu': False}","['ad_soyad', 'sicil_no', 'kayip_tarihi']","Kartınızı en son ne zaman ve nerede kullandığınızı hatırlıyor musunuz, kaybolduğunu mu düşünüyorsunuz?"
T-4151,"Rica etsem acil Ofisimizdeki koltuklar çok eskidi, ekip olarak değişim talep ediyoruz.",Hizmet Talebi (Service Request),İdari İşler,Satınalma/Malzeme,Ofis Mobilya Değişimi,Yüksek,"{'cozum_basligi': 'Ofis mobilyası değişim süreci', 'adimlar': ['Adım 1: Mevcut mobilyanın durumu değerlendirilir ve değişim gerekçesi kaydedilir.', 'Adım 2: Bütçe/onay süreci tamamlandıktan sonra satınalma talebi açılır.', 'Adım 3: Yeni mobilya teslim alınıp kurulumu yapılır, eski mobilya değişim için alınır.'], 'self_service_uygun_mu': False}","['mobilya_turu', 'ofis_lokasyon', 'degisim_gerekcesi']",Hangi mobilyanın değişmesini istiyorsunuz ve mevcut olanın sorunu nedir?
T-4152,Evden baglanamiyorum vpn e sürekli hata veriyor. Bunun yanında Ayrıca outlook'um da senkronize olmuyor evden bağlanınca,Hizmet Talebi (Service Request),Bilgi Teknolojileri,Ağ/Network,VPN Erişim Sorunu,Orta,"{'cozum_basligi': 'VPN bağlantı sorunu çözümü', 'adimlar': ['Adım 1: VPN istemcisi güncel mi kontrol edilir, kullanıcı adı/şifre doğrulanır.', 'Adım 2: İnternet bağlantısı ve güvenlik duvarı ayarları kontrol edilir, istemci yeniden başlatılır.', 'Adım 3: Erişim devam etmiyorsa VPN sertifikası/erişim yetkisi için ticket açılır.'], 'self_service_uygun_mu': True}","['kullanici_adi', 'baglanti_lokasyonu', 'vpn_istemci_versiyonu']",VPN'e hiç bağlanamıyor musunuz yoksa bağlanıp kısa süre sonra mı düşüyorsunuz? Bir hata mesajı görüyor musunuz?
T-4153,Wifi ye baglanamiyorum Genel Müdürlük binası sürekli şifre hatası veriyor Teşekkür ederim şimdiden.,Arıza (Incident),Bilgi Teknolojileri,Ağ/Network,Wi-Fi Bağlantı Sorunu,Orta,"{'cozum_basligi': 'Wi-Fi bağlantı sorunu çözümü', 'adimlar': ['Adım 1: Cihazın Wi-Fi ayarları kapatılıp açılır, ağa yeniden bağlanılır.', 'Adım 2: Şifre doğru girildi mi ve sinyal gücü yeterli mi kontrol edilir.', 'Adım 3: Sorun sürüyorsa erişim noktası (AP) kontrolü için ticket açılır.'], 'self_service_uygun_mu': True}","['ofis_lokasyon', 'wifi_ag_adi']","Wi-Fi ağı görünüyor mu ama bağlanamıyor musunuz, yoksa hiç görünmüyor mu?"
T-4154,Deniz Aydın - 5 günlük babalık iznim için doğum raporunu ekliyorum.,Hizmet Talebi (Service Request),İnsan Kaynakları,İzin Yönetimi,Babalık İzni Talebi,Yüksek,"{'cozum_basligi': 'Babalık izni tanımlama süreci', 'adimlar': ['Adım 1: Doğum tarihi ve doğum belgesi/raporu talep edilir.', 'Adım 2: Yasal 5 günlük babalık izni sisteme tanımlanır.', 'Adım 3: İzin yöneticiye bilgi amaçlı bildirilir ve takvime işlenir.'], 'self_service_uygun_mu': False}","['ad_soyad', 'dogum_tarihi', 'izin_baslangic_tarihi']","Bebeğinizin doğum tarihi nedir, izninizi doğumdan itibaren mi başlatmak istersiniz?"
T-4155,1 Ekim tarihindeki iznimi iptla etmek istiyorum.,Hizmet Talebi (Service Request),İnsan Kaynakları,İzin Yönetimi,İzin İptal/Değişiklik,Orta,"{'cozum_basligi': 'İzin iptal/değişiklik işlemi', 'adimlar': ['Adım 1: Mevcut izin kaydı sistemde bulunur ve doğrulanır.', 'Adım 2: İptal/değişiklik talebi yöneticinin onayına yeniden gönderilir.', 'Adım 3: Onay sonrası izin bakiyesi ve takvim güncellenir.'], 'self_service_uygun_mu': True}","['ad_soyad', 'mevcut_izin_tarihi', 'yeni_talep']",İzninizi tamamen iptal mi etmek istiyorsunuz yoksa tarihini mi değiştirmek istiyorsunuz?
T-4156,Derya Erdoğan - ailevi bir durum nedeniyle 2 haftalık ücretsiz izin talep ediyorum.,Hizmet Talebi (Service Request),İnsan Kaynakları,İzin Yönetimi,Ücretsiz İzin Talebi,Orta,"{'cozum_basligi': 'Ücretsiz izin talebi değerlendirme süreci', 'adimlar': ['Adım 1: Talep gerekçesi ve süresi ile birlikte kaydedilir.', 'Adım 2: Yönetici ve İK onayına gönderilir, SGK bildirimi gerekliliği kontrol edilir.', 'Adım 3: Onaylanması halinde ücretsiz izin süresi bordro ve SGK sistemine işlenir.'], 'self_service_uygun_mu': False}","['ad_soyad', 'talep_suresi', 'gerekce']",Ne kadar süreyle ücretsiz izin kullanmak istiyorsunuz ve gerekçeniz nedir?
T-4157,Üretim tesisi idari bina yazıcısı 'kağıt sıkıştı' uyarısı veriyor ama içeride kağıt görünmüyor.,Arıza (Incident),İdari İşler,Ofis Ekipmanı,Yazıcı/Fotokopi Arıza Bildirimi,Düşük,"{'cozum_basligi': 'Yazıcı/fotokopi arıza giderme', 'adimlar': ['Adım 1: Kağıt sıkışması, kapak açık kalması gibi görünür arızalar kontrol edilir.', 'Adım 2: Cihaz yeniden başlatılır ve sürücü/bağlantı ayarları kontrol edilir.', 'Adım 3: Sorun devam ederse teknik servis çağrısı için ticket açılır.'], 'self_service_uygun_mu': True}","['yazici_lokasyon', 'yazici_marka_model', 'ariza_tanimi']","Yazıcı hiç çalışmıyor mu, kağıt mı sıkıştı yoksa çıktı kalitesi mi kötü?"
T-4158,"Ynei işe başlayan arkadaşımız için bir laptop ve monitör kurulumu gerekiyor, İzmir şube.",Hizmet Talebi (Service Request),Bilgi Teknolojileri,Donanım,Yeni Ekipman Kurulumu,Düşük,"{'cozum_basligi': 'Yeni donanım ekipmanı kurulum süreci', 'adimlar': ['Adım 1: Talep, envanter ve bütçe onayı için yöneticiye/IT sorumlusuna iletilir.', 'Adım 2: Uygun ekipman depo stoğundan veya satın alma sürecinden temin edilir.', 'Adım 3: Kurulum IT saha ekibi tarafından belirlenen tarihte yerinde gerçekleştirilir.'], 'self_service_uygun_mu': False}","['ekipman_turu', 'kullanici_adi', 'ofis_lokasyon', 'talep_tarihi']",Yeni işe başlayan biri için mi yoksa mevcut ekipmanın değişimi için mi bu talep?
T-4159,"Nihan Arslan - soyadım resmi olarak değişti, bordro ve mail imzamda da güncellenmesi lazım.",Hizmet Talebi (Service Request),İnsan Kaynakları,Bordro & Özlük,Soyadı Değişikliği,Orta,"{'cozum_basligi': 'Soyadı değişikliği kayıt güncelleme süreci', 'adimlar': ['Adım 1: Nüfus cüzdanı/kimlik belgesinin güncel hali çalışandan talep edilir.', 'Adım 2: İK sistemi, bordro sistemi ve e-posta imzası gibi tüm kayıtlarda soyadı güncellenir.', 'Adım 3: Güncelleme tamamlandığında çalışana ve ilgili birimlere (IT, muhasebe) bilgi verilir.'], 'self_service_uygun_mu': False}","['ad_soyad', 'eski_soyad', 'yeni_kimlik_belgesi']","Yeni kimlik belgenizi paylaşabilir misiniz, hangi sistemlerde güncelleme yapmamızı istersiniz?"
T-4160,"Kartım çalındı sanırım, 8 Mayıs akşamı otobüste kaybettim.",Hizmet Talebi (Service Request),İdari İşler,Güvenlik & Ulaşım,Kayıp Giriş Kartı,Yüksek,"{'cozum_basligi': 'Kayıp giriş kartı iptal ve yeniden basım süreci', 'adimlar': ['Adım 1: Kayıp kart derhal sistem üzerinden iptal edilir, güvenlik riski önlenir.', 'Adım 2: Kimlik doğrulaması sonrası yeni kart basım talebi oluşturulur.', 'Adım 3: Yeni kart resepsiyon/güvenlik biriminden teslim alınır.'], 'self_service_uygun_mu': False}","['ad_soyad', 'sicil_no', 'kayip_tarihi']","Kartınızı en son ne zaman ve nerede kullandığınızı hatırlıyor musunuz, kaybolduğunu mu düşünüyorsunuz?"
T-4161,"Lütfen acil SAP şifremi unuttum, sıfırlama linki de gelmiyor mailime. Ne zaman çözülür acaba?",Hizmet Talebi (Service Request),Bilgi Teknolojileri,Güvenlik ve Erişim,Şifre Sıfırlama,Orta,"{'cozum_basligi': 'Şifre sıfırlama işlemi', 'adimlar': ['Adım 1: Kimlik doğrulama (çalışan sicil no / kayıtlı e-posta) yapılır.', 'Adım 2: Self servis şifre sıfırlama portalı üzerinden geçici şifre oluşturulur.', 'Adım 3: Portal üzerinden çözülemiyorsa IT güvenlik ekibi manuel sıfırlama için ticket açar.'], 'self_service_uygun_mu': True}","['kullanici_adi', 'sicil_no', 'sistem_adi']","Hangi sistemin şifresini sıfırlamamız gerekiyor: e-posta, bilgisayar girişi yoksa başka bir uygulama mı?"
T-4162,"Musteriye gonderigimiz kargo hâlâ yolda gorunuyor, gecikme var mi ogrenebilir miyiz?",Bilgi Talebi (Information),İdari İşler,Satınalma/Malzeme,Kargo/Kurye Teslimat Takibi,Düşük,"{'cozum_basligi': 'Kargo/kurye teslimat takibi', 'adimlar': ['Adım 1: Kargo takip numarası ve gönderici bilgisi ile kargo firması sistemi kontrol edilir.', 'Adım 2: Resepsiyon/depo teslim kaydı kontrol edilerek paketin durumu netleştirilir.', 'Adım 3: Paket bulunamıyorsa kargo firmasına resmi kayıp/gecikme bildirimi açılır.'], 'self_service_uygun_mu': True}","['takip_no', 'kargo_firmasi', 'gonderi_tarihi']","Kargo ne zaman gönderildi, teslimat için beklediğiniz lokasyon neresi?"
T-4163,Bebegimiz dogdu babalik iznimi kullanmak istiyorum 1 Mayis den itibaren,Hizmet Talebi (Service Request),İnsan Kaynakları,İzin Yönetimi,Babalık İzni Talebi,Yüksek,"{'cozum_basligi': 'Babalık izni tanımlama süreci', 'adimlar': ['Adım 1: Doğum tarihi ve doğum belgesi/raporu talep edilir.', 'Adım 2: Yasal 5 günlük babalık izni sisteme tanımlanır.', 'Adım 3: İzin yöneticiye bilgi amaçlı bildirilir ve takvime işlenir.'], 'self_service_uygun_mu': False}","['ad_soyad', 'dogum_tarihi', 'izin_baslangic_tarihi']","Bebeğinizin doğum tarihi nedir, izninizi doğumdan itibaren mi başlatmak istersiniz?"
T-4164,"Bodrum kat arşiv yazıcısının toneri neredeyse bitti, yedek talep ediyorum.",Hizmet Talebi (Service Request),İdari İşler,Ofis Ekipmanı,Toner/Kartuş Talebi,Orta,"{'cozum_basligi': 'Toner/kartuş temin süreci', 'adimlar': ['Adım 1: Depo stok durumu kontrol edilir.', 'Adım 2: Uygun toner/kartuş belirtilen yazıcı lokasyonuna teslim edilir.', 'Adım 3: Stokta bulunmuyorsa satınalma süreci tetiklenir ve tahmini teslim süresi bildirilir.'], 'self_service_uygun_mu': False}","['yazici_lokasyon', 'yazici_marka_model', 'toner_kartus_kodu']","Yazıcının marka ve modeli nedir, doğru toner kodunu belirleyebilmemiz için gerekli?"
T-4165,"Çok acil, ERP modülü açılırken hata veriyor, sürekli çöküyor. Ne zaman çözülür acaba?",Arıza (Incident),Bilgi Teknolojileri,Yazılım,Uygulama Hatası (Outlook/Teams/Excel vb.),Orta,"{'cozum_basligi': 'Uygulama hatası giderme', 'adimlar': ['Adım 1: Uygulama tamamen kapatılıp yeniden açılır, gerekirse bilgisayar yeniden başlatılır.', 'Adım 2: Uygulama güncellemesi kontrol edilir ve önbellek/geçici dosyalar temizlenir.', 'Adım 3: Hata devam ederse ekran görüntüsüyle birlikte yazılım destek ekibine ticket açılır.'], 'self_service_uygun_mu': True}","['uygulama_adi', 'hata_mesaji', 'kullanici_adi']","Hangi uygulamada ve tam olarak ne zaman bu hatayı alıyorsunuz, ekran görüntüsü paylaşabilir misiniz?"
T-4166,"Ofiste internet yok, herkes şikayet ediyor 3. kat'da.",Arıza (Incident),Bilgi Teknolojileri,Ağ/Network,İnternet Bağlantı Sorunu,Yüksek,"{'cozum_basligi': 'İnternet bağlantı arızası ilk müdahale', 'adimlar': ['Adım 1: Modem/router yeniden başlatılır, kablo bağlantıları kontrol edilir.', 'Adım 2: Farklı bir cihaz veya prizden bağlantı test edilir.', 'Adım 3: Sorun devam ederse altyapı ekibine ticket açılır ve etkilenen kişi sayısı raporlanır.'], 'self_service_uygun_mu': True}","['ofis_lokasyon', 'etkilenen_kisi_sayisi', 'baslangic_zamani']","İnternet hiç mi yok yoksa çok mu yavaş, ayrıca sadece siz mi etkileniyorsunuz yoksa tüm kat mı?"
T-4167,"Rica etsem acil Ekip büyüdü, Muhasebe için 2 yeni ekipman seti (bilgisayar+monitör) talep ediyoruz. Teşekkür ederim şimdiden.",Hizmet Talebi (Service Request),Bilgi Teknolojileri,Donanım,Yeni Ekipman Kurulumu,Orta,"{'cozum_basligi': 'Yeni donanım ekipmanı kurulum süreci', 'adimlar': ['Adım 1: Talep, envanter ve bütçe onayı için yöneticiye/IT sorumlusuna iletilir.', 'Adım 2: Uygun ekipman depo stoğundan veya satın alma sürecinden temin edilir.', 'Adım 3: Kurulum IT saha ekibi tarafından belirlenen tarihte yerinde gerçekleştirilir.'], 'self_service_uygun_mu': False}","['ekipman_turu', 'departman', 'teslim_tarihi']","Hangi ekipmana ihtiyacınız var ve kimin için, hangi lokasyona kurulacak?"
T-4168,"3 Eylu'lde gonderilen kargom hala gelmedi, takip numarasini paylasabilirim.",Bilgi Talebi (Information),İdari İşler,Satınalma/Malzeme,Kargo/Kurye Teslimat Takibi,Düşük,"{'cozum_basligi': 'Kargo/kurye teslimat takibi', 'adimlar': ['Adım 1: Kargo takip numarası ve gönderici bilgisi ile kargo firması sistemi kontrol edilir.', 'Adım 2: Resepsiyon/depo teslim kaydı kontrol edilerek paketin durumu netleştirilir.', 'Adım 3: Paket bulunamıyorsa kargo firmasına resmi kayıp/gecikme bildirimi açılır.'], 'self_service_uygun_mu': True}","['gonderici_bilgisi', 'teslimat_lokasyonu']",Kargonuzun takip numarası var mı ve hangi firmadan gönderildi?
T-4169,"İzmir şube'da misafir wifi ağına bağlanamıyorum, şifreyi doğru giriyorum.",Arıza (Incident),Bilgi Teknolojileri,Ağ/Network,Wi-Fi Bağlantı Sorunu,Düşük,"{'cozum_basligi': 'Wi-Fi bağlantı sorunu çözümü', 'adimlar': ['Adım 1: Cihazın Wi-Fi ayarları kapatılıp açılır, ağa yeniden bağlanılır.', 'Adım 2: Şifre doğru girildi mi ve sinyal gücü yeterli mi kontrol edilir.', 'Adım 3: Sorun sürüyorsa erişim noktası (AP) kontrolü için ticket açılır.'], 'self_service_uygun_mu': True}","['ofis_lokasyon', 'wifi_ag_adi']",Hangi ağa bağlanmaya çalışıyorsunuz ve hangi lokasyondasınız?
T-4170,"Netsis lisansım bitmiş, yenilenmesi gerekiyor.",Hizmet Talebi (Service Request),Bilgi Teknolojileri,Yazılım,Yazılım Lisans/Kurulum Talebi,Orta,"{'cozum_basligi': 'Yazılım lisans/kurulum süreci', 'adimlar': ['Adım 1: Talep, lisans uygunluğu ve yönetici onayı için değerlendirilir.', 'Adım 2: Lisans anahtarı temin edilir veya mevcut lisans havuzundan atama yapılır.', 'Adım 3: Kurulum IT ekibi tarafından uzaktan veya yerinde gerçekleştirilir.'], 'self_service_uygun_mu': False}","['yazilim_adi', 'departman', 'lisans_suresi']",Yeni bir kurulum mu yoksa mevcut lisansın yenilenmesi mi gerekiyor?
T-4171,Acilen Avans talebim onaylandi ama param hesabima gecmedi hala,Hizmet Talebi (Service Request),Finans,Masraf & Ödeme,Avans Talebi,Düşük,"{'cozum_basligi': 'Avans talebi işleme süreci', 'adimlar': ['Adım 1: Avans talebi tutarı ve gerekçesi (seyahat/proje) kaydedilir.', 'Adım 2: Yönetici ve finans onayına gönderilir.', 'Adım 3: Onay sonrası avans, belirtilen banka hesabına aktarılır.'], 'self_service_uygun_mu': False}","['ad_soyad', 'tutar', 'gerekce', 'seyahat_tarihi']",Avans hangi seyahat/proje için ve ne kadar tutar için gerekiyor?
T-4172,6.566 TL tutarındaki harcama formum 2 gündür beklemede.,Arıza (Incident),Finans,Masraf & Ödeme,Masraf/Harcama Formu Onayı,Orta,"{'cozum_basligi': 'Masraf/harcama formu onay süreci takibi', 'adimlar': ['Adım 1: Formun onay akışındaki mevcut adımı (yönetici/finans) sistemden kontrol edilir.', 'Adım 2: Bekleyen onaycıya hatırlatma bildirimi gönderilir.', 'Adım 3: Onay gecikmesi devam ederse finans ekibi manuel müdahale için ticket açar.'], 'self_service_uygun_mu': True}","['ad_soyad', 'harcama_tarihi', 'tutar']",Form kaç gündür bekliyor ve onay akışında şu an kimde bekliyor biliyor musunuz?
T-4173,"Lütfen acil Yakinimi kaybettim izin kullanmam lazim bugunden itibaren Gerçekten çok sıkıntı oluyor, bir an önce ilgilenirseniz sevinirim.",Hizmet Talebi (Service Request),İnsan Kaynakları,İzin Yönetimi,Vefat/Mazeret İzni Talebi,Orta,"{'cozum_basligi': 'Vefat/mazeret izni tanımlama süreci', 'adimlar': ['Adım 1: Yakınlık derecesi ve vefat tarihi bilgisi alınır (mümkünse belge sonradan tamamlanabilir).', 'Adım 2: Yasal mazeret izni (1. derece yakın için 3 gün) sisteme derhal tanımlanır.', 'Adım 3: Yönetici bilgilendirilir, çalışanın dönüş tarihi takip edilir.'], 'self_service_uygun_mu': False}","['ad_soyad', 'yakinlik_derecesi', 'izin_baslangic_tarihi']","Başsağlığı dileriz, yakınlık dereceniz nedir ve izninizin ne zaman başlamasını istersiniz?"
T-4174,"Buse Aydın - seyahat masraf formum reddedildi ama sebep yazmıyor, öğrenebilir miyi?",Hizmet Talebi (Service Request),Finans,Masraf & Ödeme,Masraf/Harcama Formu Onayı,Orta,"{'cozum_basligi': 'Masraf/harcama formu onay süreci takibi', 'adimlar': ['Adım 1: Formun onay akışındaki mevcut adımı (yönetici/finans) sistemden kontrol edilir.', 'Adım 2: Bekleyen onaycıya hatırlatma bildirimi gönderilir.', 'Adım 3: Onay gecikmesi devam ederse finans ekibi manuel müdahale için ticket açar.'], 'self_service_uygun_mu': True}","['form_no', 'tutar', 'onay_bekleyen_kisi']",Formun numarasını veya harcama tutarını paylaşabilir misiniz?
T-4175,"Volkan Aydın - bu yıl kaç gün izin kullandım, kalan hakkımı öğrenebilir miyim?",Hizmet Talebi (Service Request),İnsan Kaynakları,İzin Yönetimi,Yıllık İzin Talebi/Bakiye Sorgulama,Orta,"{'cozum_basligi': 'Yıllık izin talebi/bakiye sorgulama süreci', 'adimlar': ['Adım 1: İK portalından güncel izin bakiyesi kontrol edilir.', 'Adım 2: Talep edilen tarih aralığı yöneticinin onayına gönderilir.', 'Adım 3: Onay sonrası izin sistemde işlenir ve bordroya yansıtılır.'], 'self_service_uygun_mu': True}","['ad_soyad', 'izin_baslangic_bitis_tarihi']","Hangi tarihler arasında izin kullanmak istiyorsunuz, yoksa sadece bakiye mi öğrenmek istiyorsunuz?"
T-4176,"3. kat lambaları yanmıyor, ofis çok karanlık kaldı.",Arıza (Incident),İdari İşler,Bina/Tesis Bakım,Elektrik/Aydınlatma Arızası,Orta,"{'cozum_basligi': 'Elektrik/aydınlatma arıza giderme', 'adimlar': ['Adım 1: Sigorta atmış mı, ampul/armatür arızalı mı kontrol edilir.', 'Adım 2: Bina teknik ekibi lokasyona yönlendirilir.', 'Adım 3: Kalıcı çözüm için gerekiyorsa dış elektrik servisi çağrılır.'], 'self_service_uygun_mu': False}","['ofis_lokasyon', 'ariza_tanimi', 'aciliyet_durumu']",Sorun tüm katta mı yoksa belirli bir bölgede/masada mı yaşanıyor?
T-4177,"Çok acil, Hakan Erdoğan - Kartal Matbaacılık ile yıl sonu mutabakatı yapmamız gerekiyor, bakiyeler tutmuyor. Bu konuda epeydir mağdurum, lütfen hızlı dönüş yapar mısınız?",Hizmet Talebi (Service Request),Finans,Masraf & Ödeme,Tedarikçi IBAN/Vade Mutabakatı,Orta,"{'cozum_basligi': 'Tedarikçi IBAN/vade mutabakat süreci', 'adimlar': ['Adım 1: Tedarikçinin sistemde kayıtlı IBAN ve vade koşulları kontrol edilir.', 'Adım 2: Tedarikçiden güncel IBAN/vade bilgisini teyit eden resmi yazı istenir.', 'Adım 3: Bilgiler güncellendikten sonra mutabakat formu karşılıklı imzalanarak kapatılır.'], 'self_service_uygun_mu': False}","['tedarikci_adi', 'mevcut_iban', 'yeni_iban_bilgisi']",Tedarikçinin IBAN bilgisi mi değişti yoksa vade koşullarında bir anlaşmazlık mı var?
T-4178,"Berk Yazılım Ltd. bizi aradı fatura ödemesi gecikmiş, konrol eder misiniz?",Bilgi Talebi (Information),Finans,Masraf & Ödeme,Fatura Ödeme Takibi,Düşük,"{'cozum_basligi': 'Fatura ödeme durumu takibi', 'adimlar': ['Adım 1: Fatura numarası ile muhasebe/ERP sisteminde ödeme kaydı sorgulanır.', 'Adım 2: Ödeme planlanan tarih ve onay durumu kontrol edilir.', 'Adım 3: Gecikme varsa ödeme sorumlusuna hatırlatma yapılır ve tedarikçiye bilgi verilir.'], 'self_service_uygun_mu': True}","['fatura_no', 'tedarikci_adi', 'tutar']",Fatura numarasını ve tedarikçi firma adını paylaşabilir misiniz?
T-4179,Bebegimiz dogdu babalik iznimi kullanmak istiyorum 26 Şubat den itibaren,Hizmet Talebi (Service Request),İnsan Kaynakları,İzin Yönetimi,Babalık İzni Talebi,Düşük,"{'cozum_basligi': 'Babalık izni tanımlama süreci', 'adimlar': ['Adım 1: Doğum tarihi ve doğum belgesi/raporu talep edilir.', 'Adım 2: Yasal 5 günlük babalık izni sisteme tanımlanır.', 'Adım 3: İzin yöneticiye bilgi amaçlı bildirilir ve takvime işlenir.'], 'self_service_uygun_mu': False}","['ad_soyad', 'dogum_tarihi', 'izin_baslangic_tarihi']","Bebeğinizin doğum tarihi nedir, izninizi doğumdan itibaren mi başlatmak istersiniz?"
T-4180,"Rica etsem acil 13.905 TL tutarındaki fatura hâlâ ödenmemiş görünüyor, Deniz Teknoloji A.Ş.. Ne zaman çözülür acaba?",Bilgi Talebi (Information),Finans,Masraf & Ödeme,Fatura Ödeme Takibi,Orta,"{'cozum_basligi': 'Fatura ödeme durumu takibi', 'adimlar': ['Adım 1: Fatura numarası ile muhasebe/ERP sisteminde ödeme kaydı sorgulanır.', 'Adım 2: Ödeme planlanan tarih ve onay durumu kontrol edilir.', 'Adım 3: Gecikme varsa ödeme sorumlusuna hatırlatma yapılır ve tedarikçiye bilgi verilir.'], 'self_service_uygun_mu': True}","['fatura_no', 'tedarikci_adi', 'tutar']",Fatura numarasını ve tedarikçi firma adını paylaşabilir misiniz?
T-4181,"Merve Doğan - planlarım değişti, 3 Mart tarihindeki iznimi bir hafta sonraya alabilir miyiz?",Hizmet Talebi (Service Request),İnsan Kaynakları,İzin Yönetimi,İzin İptal/Değişiklik,Orta,"{'cozum_basligi': 'İzin iptal/değişiklik işlemi', 'adimlar': ['Adım 1: Mevcut izin kaydı sistemde bulunur ve doğrulanır.', 'Adım 2: İptal/değişiklik talebi yöneticinin onayına yeniden gönderilir.', 'Adım 3: Onay sonrası izin bakiyesi ve takvim güncellenir.'], 'self_service_uygun_mu': True}","['ad_soyad', 'mevcut_izin_tarihi', 'yeni_talep']",İzninizi tamamen iptal mi etmek istiyorsunuz yoksa tarihini mi değiştirmek istiyorsunuz?
T-4182,"Lütfen acil Fatih Aslan - proje için 5.000 TL avansa ihtiyacım var, acil onay rica ederim.",Hizmet Talebi (Service Request),Finans,Masraf & Ödeme,Avans Talebi,Düşük,"{'cozum_basligi': 'Avans talebi işleme süreci', 'adimlar': ['Adım 1: Avans talebi tutarı ve gerekçesi (seyahat/proje) kaydedilir.', 'Adım 2: Yönetici ve finans onayına gönderilir.', 'Adım 3: Onay sonrası avans, belirtilen banka hesabına aktarılır.'], 'self_service_uygun_mu': False}","['ad_soyad', 'tutar', 'gerekce', 'seyahat_tarihi']",Avans hangi seyahat/proje için ve ne kadar tutar için gerekiyor?
T-4183,"Lütfen acil Otel faturamı kaybettim, otel tekrar gönderebilir mi yoksa beyan mı yapmam lazım?",Hizmet Talebi (Service Request),Finans,Masraf & Ödeme,Harcama Fişi Kayıp Beyanı,Düşük,"{'cozum_basligi': 'Kayıp harcama fişi beyan ve alternatif belge süreci', 'adimlar': ['Adım 1: Kayıp fiş beyan formu doldurulur, harcama tutarı ve tarihi beyan edilir.', 'Adım 2: Mümkünse kredi kartı ekstresi/dekont gibi alternatif kanıt belgesi talep edilir.', 'Adım 3: Finans ekibi beyanı değerlendirip onaylarsa masraf formu istisnai olarak işleme alınır.'], 'self_service_uygun_mu': False}","['ad_soyad', 'harcama_tutari', 'harcama_tarihi', 'kayip_beyani_gerekcesi']",Fişi kaybettiğinize göre elinizde kredi kartı ekstresi gibi tutarı doğrulayacak başka bir belge var mı?
T-4184,Yusuf Kılıç - fatura EUR olarak kesildi ama TL'ye çevrilirken güncel kur kullanılmamış sanırım.,Bilgi Talebi (Information),Finans,Masraf & Ödeme,Döviz Kuru Farkı/Uyumsuzluğu,Yüksek,"{'cozum_basligi': 'Döviz kuru farkı/uyumsuzluğu inceleme süreci', 'adimlar': ['Adım 1: Harcama tarihindeki resmi TCMB kuru ile sistemde kullanılan kur karşılaştırılır.', 'Adım 2: Fark tespit edilirse hangi kur kaynağının kullanıldığı muhasebe ile teyit edilir.', 'Adım 3: Hatalı hesaplama varsa düzeltme kaydı oluşturulur ve fark tazmin edilir.'], 'self_service_uygun_mu': False}","['ad_soyad', 'harcama_tarihi', 'doviz_tutar', 'kullanilan_kur']","Harcamanızın tarihini ve hangi döviz cinsinden olduğunu paylaşabilir misiniz, hangi kur baz alınmış görüyorsunuz?"
T-4185,"Onur Çelik - Mavi Lojistik Ltd. ile yıl sonu mutabakatı yapmamız gerekiyor, bakiyeler tutmuyor.",Bilgi Talebi (Information),Finans,Masraf & Ödeme,Tedarikçi IBAN/Vade Mutabakatı,Düşük,"{'cozum_basligi': 'Tedarikçi IBAN/vade mutabakat süreci', 'adimlar': ['Adım 1: Tedarikçinin sistemde kayıtlı IBAN ve vade koşulları kontrol edilir.', 'Adım 2: Tedarikçiden güncel IBAN/vade bilgisini teyit eden resmi yazı istenir.', 'Adım 3: Bilgiler güncellendikten sonra mutabakat formu karşılıklı imzalanarak kapatılır.'], 'self_service_uygun_mu': False}","['tedarikci_adi', 'mevcut_iban', 'yeni_iban_bilgisi']",Tedarikçinin IBAN bilgisi mi değişti yoksa vade koşullarında bir anlaşmazlık mı var?
T-4186,"Teams lisansım bitmiş, yenilenmesi gerekiyor.",Bilgi Talebi (Information),Bilgi Teknolojileri,Yazılım,Yazılım Lisans/Kurulum Talebi,Yüksek,"{'cozum_basligi': 'Yazılım lisans/kurulum süreci', 'adimlar': ['Adım 1: Talep, lisans uygunluğu ve yönetici onayı için değerlendirilir.', 'Adım 2: Lisans anahtarı temin edilir veya mevcut lisans havuzundan atama yapılır.', 'Adım 3: Kurulum IT ekibi tarafından uzaktan veya yerinde gerçekleştirilir.'], 'self_service_uygun_mu': False}","['yazilim_adi', 'kullanici_adi', 'onay_bilgisi']",Hangi yazılımın lisansına/kurulumuna ihtiyacınız var ve bu talep yöneticiniz tarafından onaylandı mı?
T-4187,"8.856 TL tutarındaki fatura hâlâ ödenmemiş görünüyor, Mavi Lojistik Ltd..",Bilgi Talebi (Information),Finans,Masraf & Ödeme,Fatura Ödeme Takibi,Yüksek,"{'cozum_basligi': 'Fatura ödeme durumu takibi', 'adimlar': ['Adım 1: Fatura numarası ile muhasebe/ERP sisteminde ödeme kaydı sorgulanır.', 'Adım 2: Ödeme planlanan tarih ve onay durumu kontrol edilir.', 'Adım 3: Gecikme varsa ödeme sorumlusuna hatırlatma yapılır ve tedarikçiye bilgi verilir.'], 'self_service_uygun_mu': True}","['fatura_no', 'vade_tarihi']","Faturanın vade tarihi geçti mi, ne kadar süredir bekliyor?"
T-4188,"Pınar Koç - prim ödemem bordroya yansımamış görünüyor, bakabilir misiniz?",Bilgi Talebi (Information),İnsan Kaynakları,Bordro & Özlük,Bordro/Maaş Bilgisi Talebi,Düşük,"{'cozum_basligi': 'Bordro/maaş bilgisi inceleme süreci', 'adimlar': ['Adım 1: Çalışanın ilgili ay bordrosu bordro sisteminden çekilip incelenir.', 'Adım 2: Kesinti/ek ödeme kalemleri tek tek karşılaştırılır ve hata olup olmadığı tespit edilir.', 'Adım 3: Hata tespit edilirse düzeltme için bordro/muhasebe ekibine ticket açılır.'], 'self_service_uygun_mu': False}","['ad_soyad', 'sicil_no', 'ilgili_ay']",Maaşınızda eksik ödeme mi var yoksa fazla kesinti mi görüyorsunuz?
T-4189,"Telefonum ofis wiifisine baglaniyor ama laptopum baglanmiyor, garip bir durum.",Arıza (Incident),Bilgi Teknolojileri,Ağ/Network,Wi-Fi Bağlantı Sorunu,Düşük,"{'cozum_basligi': 'Wi-Fi bağlantı sorunu çözümü', 'adimlar': ['Adım 1: Cihazın Wi-Fi ayarları kapatılıp açılır, ağa yeniden bağlanılır.', 'Adım 2: Şifre doğru girildi mi ve sinyal gücü yeterli mi kontrol edilir.', 'Adım 3: Sorun sürüyorsa erişim noktası (AP) kontrolü için ticket açılır.'], 'self_service_uygun_mu': True}","['ofis_lokasyon', 'cihaz_turu']","Wi-Fi ağı görünüyor mu ama bağlanamıyor musunuz, yoksa hiç görünmüyor mu?"
T-4190,"Rica etsem acil Klasor ve dosya lazim biraz stok bitmis gorunuyor İşlerim çok aksıyor, acil çözüm bekliyorum.",Hizmet Talebi (Service Request),İdari İşler,Satınalma/Malzeme,Kırtasiye Malzeme Talebi,Orta,"{'cozum_basligi': 'Kırtasiye malzeme temini', 'adimlar': ['Adım 1: Talep departman yöneticisi onayına iletilir.', 'Adım 2: Depo stoğundan malzemeler hazırlanır.', 'Adım 3: Malzemeler belirtilen teslimat lokasyonuna gönderilir.'], 'self_service_uygun_mu': False}","['malzeme_listesi_miktar', 'departman', 'teslimat_lokasyonu']","Hangi malzemelerden ne miktarda ihtiyacınız var, liste hâlinde belirtebilir misiniz?"
T-4191,"Derya Kurt - GBP faturasını girmeye çalışıyorum ama sistem sadece TL kabul ediyor, yardımcı olur musunuz?",Hizmet Talebi (Service Request),Finans,Masraf & Ödeme,Çoklu Para Birimli Fatura Girişi,Orta,"{'cozum_basligi': 'Çoklu para birimli fatura giriş desteği', 'adimlar': ['Adım 1: Faturanın orijinal para birimi ve tutarı doğrulanır.', 'Adım 2: ERP sisteminde ilgili para birimi tanımlı değilse muhasebe sistem ekibi tanımlama yapar.', 'Adım 3: Fatura, güncel kur ile TL karşılığı hesaplanarak sisteme işlenir.'], 'self_service_uygun_mu': False}","['fatura_no', 'tedarikci_adi', 'para_birimi', 'tutar']",Faturanın para birimi nedir (USD/EUR/GBP) ve sistemde bu para birimiyle giriş yapabiliyor musunuz?
T-4192,"Lütfen acil Muhasebe klaorune erisim yetkim yok, projemde ihtiyacim var. İşlerim çok aksıyor, acil çözüm bekliyorum.",Hizmet Talebi (Service Request),Bilgi Teknolojileri,Güvenlik ve Erişim,Sistem/Klasör Yetki Talebi,Orta,"{'cozum_basligi': 'Sistem/klasör yetki tanımlama süreci', 'adimlar': ['Adım 1: Talep, ilgili departman yöneticisinin onayına gönderilir.', 'Adım 2: Onay sonrası erişim, en az yetki prensibiyle tanımlanır.', 'Adım 3: Yetki tanımlandıktan sonra kullanıcıya bilgilendirme yapılır ve ticket kapatılır.'], 'self_service_uygun_mu': False}","['kullanici_adi', 'erisim_seviyesi', 'departman']",Okuma yetkisi mi yoksa yazma/düzenleme yetkisi mi gerekiyor?
T-4193,"SGK ise giris evrakimi alabilir miyim, issizlik maasi icin gerekiyor eski isimden.",Hizmet Talebi (Service Request),İnsan Kaynakları,Bordro & Özlük,SGK Giriş/Çıkış Evrakı Talebi,Orta,"{'cozum_basligi': 'SGK giriş/çıkış evrakı düzenleme', 'adimlar': ['Adım 1: Talep edilen belgenin türü (işe giriş bildirgesi/işten ayrılış bildirgesi) teyit edilir.', 'Adım 2: SGK e-Bildirge sisteminden ilgili belge sorgulanır ve çıktısı alınır.', 'Adım 3: Belge onaylanıp çalışana e-posta veya elden iletilir.'], 'self_service_uygun_mu': False}","['ad_soyad', 'sicil_no', 'belge_turu', 'kullanim_amaci']","İşe giriş bildirgesi mi yoksa işten ayrılış bildirgesi mi gerekiyor, hangi amaçla kullanılacak?"
T-4194,"28 Temmuz günü tedarikçi firmadan 2 kişi gelecek, resepsiyona bildirim yaar mısınız?",Hizmet Talebi (Service Request),İdari İşler,Güvenlik & Ulaşım,Ziyaretçi Giriş Talebi,Orta,"{'cozum_basligi': 'Ziyaretçi giriş kaydı oluşturma', 'adimlar': ['Adım 1: Ziyaretçi bilgileri (ad soyad, TC/kimlik, ziyaret amacı) alınır.', 'Adım 2: Güvenlik birimine ziyaret tarihi ve saati bildirilir.', 'Adım 3: Ziyaretçi giriş gününde resepsiyonda kayıt yapılıp kartı teslim edilir.'], 'self_service_uygun_mu': False}","['ziyaretci_ad_soyad', 'ziyaret_tarihi_saati', 'ziyaret_edilen_kisi']","Ziyaretçinin adı, ziyaret tarihi/saati ve kimi ziyaret edeceği bilgisini alabilir miyim?"
T-4195,"Yazici kartusu degismesi gerekiyor, murekkep bitti sanirim.",Hizmet Talebi (Service Request),İdari İşler,Ofis Ekipmanı,Toner/Kartuş Talebi,Yüksek,"{'cozum_basligi': 'Toner/kartuş temin süreci', 'adimlar': ['Adım 1: Depo stok durumu kontrol edilir.', 'Adım 2: Uygun toner/kartuş belirtilen yazıcı lokasyonuna teslim edilir.', 'Adım 3: Stokta bulunmuyorsa satınalma süreci tetiklenir ve tahmini teslim süresi bildirilir.'], 'self_service_uygun_mu': False}","['yazici_lokasyon', 'yazici_marka_model', 'toner_kartus_kodu']","Yazıcının marka ve modeli nedir, doğru toner kodunu belirleyebilmemiz için gerekli?"
T-4196,Ayşe Yılmaz - 5 günlük babalık iznim için doğum raporunu ekliyorum.,Hizmet Talebi (Service Request),İnsan Kaynakları,İzin Yönetimi,Babalık İzni Talebi,Orta,"{'cozum_basligi': 'Babalık izni tanımlama süreci', 'adimlar': ['Adım 1: Doğum tarihi ve doğum belgesi/raporu talep edilir.', 'Adım 2: Yasal 5 günlük babalık izni sisteme tanımlanır.', 'Adım 3: İzin yöneticiye bilgi amaçlı bildirilir ve takvime işlenir.'], 'self_service_uygun_mu': False}","['ad_soyad', 'dogum_tarihi', 'izin_baslangic_tarihi']","Bebeğinizin doğum tarihi nedir, izninizi doğumdan itibaren mi başlatmak istersiniz?"
T-4197,"Deniz Teknoloji A.Ş. firmasından gelen USD faturayı sisteme giremiyorum, para birimi seçeneği çıkmıyor.",Arıza (Incident),Finans,Masraf & Ödeme,Çoklu Para Birimli Fatura Girişi,Orta,"{'cozum_basligi': 'Çoklu para birimli fatura giriş desteği', 'adimlar': ['Adım 1: Faturanın orijinal para birimi ve tutarı doğrulanır.', 'Adım 2: ERP sisteminde ilgili para birimi tanımlı değilse muhasebe sistem ekibi tanımlama yapar.', 'Adım 3: Fatura, güncel kur ile TL karşılığı hesaplanarak sisteme işlenir.'], 'self_service_uygun_mu': False}","['fatura_no', 'tedarikci_adi', 'para_birimi', 'tutar']",Faturanın para birimi nedir (USD/EUR/GBP) ve sistemde bu para birimiyle giriş yapabiliyor musunuz?
T-4198,"Çok acil, 3 günlük istirahat raporum var, nasıl iletmem gerekiyor sisteme? Gerçekten çok sıkıntı oluyor, bir an önce ilgilenirseniz sevinirim.",Bilgi Talebi (Information),İnsan Kaynakları,İzin Yönetimi,Sağlık Raporu/İstirahat Bildirimi,Düşük,"{'cozum_basligi': 'Sağlık raporu/istirahat bildirimi işleme süreci', 'adimlar': [""Adım 1: Rapor e-Nabız/hastane sisteminden veya elden İK'ya iletilir."", 'Adım 2: Rapor süresi SGK sistemine ve bordroya işlenir.', 'Adım 3: Yöneticiye çalışanın izinli/raporlu olduğu bilgisi iletilir.'], 'self_service_uygun_mu': True}","['ad_soyad', 'rapor_baslangic_bitis_tarihi', 'rapor_belgesi']",Raporunuz kaç gün ve e-Nabız üzerinden mi yoksa elden mi ileteceksiniz?
T-4199,"Muhasebe sunucusuna erişim yok, tüm ekip etkilendi 15 Ağustos sabahından beir.",Arıza (Incident),Bilgi Teknolojileri,Sunucu/Sistem,Sunucu/Servis Kesintisi,Yüksek,"{'cozum_basligi': 'Sunucu/servis kesintisi acil müdahale', 'adimlar': ['Adım 1: Sunucu/servis durumu izleme panelinden kontrol edilir, etkilenen servisler belirlenir.', 'Adım 2: Sunucu ekibi tarafından servis yeniden başlatılır veya yük devretme (failover) uygulanır.', 'Adım 3: Kök neden analizi için kritik öncelikli ticket açılır ve ilgili birimlere bilgi verilir.'], 'self_service_uygun_mu': False}","['sunucu_adi', 'hata_kodu', 'etki_alani']",Bu kesinti tüm şirketi mi yoksa belirli bir departmanı mı etkiliyor?
T-4200,"Misafirim gelecek ogleden sonra giris kaydi acilmasi lazim İşlerim çok aksıyor, acil çözüm bekliyorum.",Hizmet Talebi (Service Request),İdari İşler,Güvenlik & Ulaşım,Ziyaretçi Giriş Talebi,Düşük,"{'cozum_basligi': 'Ziyaretçi giriş kaydı oluşturma', 'adimlar': ['Adım 1: Ziyaretçi bilgileri (ad soyad, TC/kimlik, ziyaret amacı) alınır.', 'Adım 2: Güvenlik birimine ziyaret tarihi ve saati bildirilir.', 'Adım 3: Ziyaretçi giriş gününde resepsiyonda kayıt yapılıp kartı teslim edilir.'], 'self_service_uygun_mu': False}","['ziyaretci_ad_soyad', 'ziyaret_tarihi_saati', 'ziyaret_edilen_kisi']","Ziyaretçinin adı, ziyaret tarihi/saati ve kimi ziyaret edeceği bilgisini alabilir miyim?"
T-4201,"Lütfen acil Buse Kurt - evlilik iznim iççin gerekli evrak nedir, nikah tarihimiz 14 Aralık. Gerçekten çok sıkıntı oluyor, bir an önce ilgilenirseniz sevinirim.",Hizmet Talebi (Service Request),İnsan Kaynakları,İzin Yönetimi,Evlilik İzni Talebi,Orta,"{'cozum_basligi': 'Evlilik izni tanımlama süreci', 'adimlar': ['Adım 1: Evlilik tarihi ve evlilik cüzdanı bilgisi talep edilir.', 'Adım 2: İş kanunu kapsamındaki 3 günlük evlilik izni sisteme tanımlanır.', 'Adım 3: Yönetici onayı sonrası izin takvime işlenir.'], 'self_service_uygun_mu': False}","['ad_soyad', 'evlilik_tarihi', 'izin_baslangic_tarihi']",Evlilik tarihiniz nedir ve izninizi ne zaman kullanmak istiyorsunuz?
T-4202,"Kurumsal kredi kartı limitim yetmiyor, seyahatlerde sürekli aşım yapıyorum.",Hizmet Talebi (Service Request),Finans,Masraf & Ödeme,Kurumsal Kredi Kartı Limit Artırımı,Orta,"{'cozum_basligi': 'Kurumsal kredi kartı limit artırım süreci', 'adimlar': ['Adım 1: Mevcut limit, kullanım geçmişi ve talep gerekçesi kaydedilir.', 'Adım 2: Yönetici ve finans müdürü onayına gönderilir.', 'Adım 3: Onay sonrası banka ile limit artırım talebi iletilir ve süreç takip edilir.'], 'self_service_uygun_mu': False}","['ad_soyad', 'mevcut_limit', 'talep_edilen_limit', 'gerekce']","Mevcut kart limitiniz nedir ve ne kadar artış talep ediyorsunuz, gerekçeniz nedir?"
T-4203,"Buse Demir - maaş bordrosu ve çalışma belgesi ihtiyacım var, ev kirası için isteniyor.",Hizmet Talebi (Service Request),İnsan Kaynakları,Bordro & Özlük,Özlük/Çalışma Belgesi Talebi,Düşük,"{'cozum_basligi': 'Özlük/çalışma belgesi düzenleme', 'adimlar': ['Adım 1: Talep edilen belge türü ve kullanım amacı teyit edilir.', 'Adım 2: İK sistemi üzerinden güncel çalışan bilgileriyle belge hazırlanır.', 'Adım 3: Belge imzalandıktan sonra çalışana e-posta veya elden teslim edilir.'], 'self_service_uygun_mu': True}","['ad_soyad', 'sicil_no', 'belge_turu', 'kullanim_amaci']","Hangi belgeye ihtiyacınız var (çalışma belgesi, hizmet dökümü vb.) ve hangi amaçla kullanılacak?"
T-4204,"Elektrikli yukseklik ayarli masam artik yukari kalkmiyor, dugmeye basinca ses geeliyor ama hareket etmiyor.",Arıza (Incident),İdari İşler,Bina/Tesis Bakım,Ofis Mobilya Arızası (Ergonomik Masa/Koltuk),Orta,"{'cozum_basligi': 'Ergonomik mobilya arıza/bakım süreci', 'adimlar': ['Adım 1: Arızanın türü (mekanizma, yükseklik ayarı, tekerlek vb.) tespit edilir.', 'Adım 2: Bina bakım ekibi basit onarımı yerinde dener.', 'Adım 3: Onarılamıyorsa parça değişimi veya mobilya değişimi için satınalma sürecine yönlendirilir.'], 'self_service_uygun_mu': False}","['mobilya_turu', 'ofis_lokasyon', 'ariza_tanimi']","Koltuğunuzda mı yoksa masanızda mı sorun var, tam olarak ne arızalandı?"
T-4205,"Gökhan Kılıç - bu yıl kaç gün izin kullandım, kalan hakkımı öğrenebilir miyim?",Hizmet Talebi (Service Request),İnsan Kaynakları,İzin Yönetimi,Yıllık İzin Talebi/Bakiye Sorgulama,Orta,"{'cozum_basligi': 'Yıllık izin talebi/bakiye sorgulama süreci', 'adimlar': ['Adım 1: İK portalından güncel izin bakiyesi kontrol edilir.', 'Adım 2: Talep edilen tarih aralığı yöneticinin onayına gönderilir.', 'Adım 3: Onay sonrası izin sistemde işlenir ve bordroya yansıtılır.'], 'self_service_uygun_mu': True}","['ad_soyad', 'kalan_izin_sorgusu']","Hangi tarihler arasında izin kullanmak istiyorsunuz, yoksa sadece bakiye mi öğrenmek istiyorsunuz?"
T-4206,Ebru Öztürk - yöneticim departman değiştirdi ama sistemde hâlâ eski yöneticim onaycı olarak görünüyor.,Arıza (Incident),Finans,Masraf & Ödeme,Onay Akışında Yönetici Görünmüyor Sorunu,Orta,"{'cozum_basligi': 'Onay akışı yönetici ataması düzeltme süreci', 'adimlar': ['Adım 1: Organizasyon şemasında çalışanın tanımlı yöneticisi sistemden kontrol edilir.', 'Adım 2: Yönetici ayrılmış/değişmiş ise onay akışı güncel yöneticiye yeniden atanır.', 'Adım 3: Bekleyen tüm formlar yeni onay akışına manuel olarak yönlendirilir.'], 'self_service_uygun_mu': False}","['ad_soyad', 'form_no', 'eski_yonetici', 'yeni_yonetici']",Onay akışında hangi form takılı kaldı ve eski yöneticiniz mi hâlâ sistemde görünüyor?
T-4207,"Rica etsem acil Derya Doğan - maaş bordrosu ve çalışma belgesi ihtiyacım var, ev krası için isteniyor.",Hizmet Talebi (Service Request),İnsan Kaynakları,Bordro & Özlük,Özlük/Çalışma Belgesi Talebi,Orta,"{'cozum_basligi': 'Özlük/çalışma belgesi düzenleme', 'adimlar': ['Adım 1: Talep edilen belge türü ve kullanım amacı teyit edilir.', 'Adım 2: İK sistemi üzerinden güncel çalışan bilgileriyle belge hazırlanır.', 'Adım 3: Belge imzalandıktan sonra çalışana e-posta veya elden teslim edilir.'], 'self_service_uygun_mu': True}","['ad_soyad', 'sicil_no', 'belge_turu', 'kullanim_amaci']","Hangi belgeye ihtiyacınız var (çalışma belgesi, hizmet dökümü vb.) ve hangi amaçla kullanılacak?"
T-4208,"B blok 4. kat'daki dolap kapağı kırık, yenisi gerekiyor.",Hizmet Talebi (Service Request),İdari İşler,Satınalma/Malzeme,Ofis Mobilya Değişimi,Yüksek,"{'cozum_basligi': 'Ofis mobilyası değişim süreci', 'adimlar': ['Adım 1: Mevcut mobilyanın durumu değerlendirilir ve değişim gerekçesi kaydedilir.', 'Adım 2: Bütçe/onay süreci tamamlandıktan sonra satınalma talebi açılır.', 'Adım 3: Yeni mobilya teslim alınıp kurulumu yapılır, eski mobilya değişim için alınır.'], 'self_service_uygun_mu': False}","['mobilya_turu', 'ofis_lokasyon', 'degisim_gerekcesi']",Hangi mobilyanın değişmesini istiyorsunuz ve mevcut olanın sorunu nedir?
T-4209,"Acilen Toplantı odasındaki wifi çok zayıf, sunum yaparken bağlantı kesiliyor.",Arıza (Incident),Bilgi Teknolojileri,Ağ/Network,Wi-Fi Bağlantı Sorunu,Orta,"{'cozum_basligi': 'Wi-Fi bağlantı sorunu çözümü', 'adimlar': ['Adım 1: Cihazın Wi-Fi ayarları kapatılıp açılır, ağa yeniden bağlanılır.', 'Adım 2: Şifre doğru girildi mi ve sinyal gücü yeterli mi kontrol edilir.', 'Adım 3: Sorun sürüyorsa erişim noktası (AP) kontrolü için ticket açılır.'], 'self_service_uygun_mu': True}","['ofis_lokasyon', 'wifi_ag_adi']",Hangi ağa bağlanmaya çalışıyorsunuz ve hangi lokasyondasınız?
T-4210,Excel de makro calistiramiyorum ek modul mi lazim bilmiyorum Ne zaman çözülür acaba?,Hizmet Talebi (Service Request),Bilgi Teknolojileri,Yazılım,Yazılım Lisans/Kurulum Talebi,Orta,"{'cozum_basligi': 'Yazılım lisans/kurulum süreci', 'adimlar': ['Adım 1: Talep, lisans uygunluğu ve yönetici onayı için değerlendirilir.', 'Adım 2: Lisans anahtarı temin edilir veya mevcut lisans havuzundan atama yapılır.', 'Adım 3: Kurulum IT ekibi tarafından uzaktan veya yerinde gerçekleştirilir.'], 'self_service_uygun_mu': False}","['yazilim_adi', 'departman', 'lisans_suresi']",Hangi yazılımın lisansına/kurulumuna ihtiyacınız var ve bu talep yöneticiniz tarafından onaylandı mı?
T-4211,"Cem Yildiz - taksi fisim ruzgarla uct, kayip beyan formunu doldurmam yeterli mi?",Hizmet Talebi (Service Request),Finans,Masraf & Ödeme,Harcama Fişi Kayıp Beyanı,Orta,"{'cozum_basligi': 'Kayıp harcama fişi beyan ve alternatif belge süreci', 'adimlar': ['Adım 1: Kayıp fiş beyan formu doldurulur, harcama tutarı ve tarihi beyan edilir.', 'Adım 2: Mümkünse kredi kartı ekstresi/dekont gibi alternatif kanıt belgesi talep edilir.', 'Adım 3: Finans ekibi beyanı değerlendirip onaylarsa masraf formu istisnai olarak işleme alınır.'], 'self_service_uygun_mu': False}","['ad_soyad', 'harcama_tutari', 'harcama_tarihi', 'kayip_beyani_gerekcesi']",Fişi kaybettiğinize göre elinizde kredi kartı ekstresi gibi tutarı doğrulayacak başka bir belge var mı?
T-4212,Lütfen acil 11.369 TL avans talep ediyorum 1 Kasım seyahati için.,Hizmet Talebi (Service Request),Finans,Masraf & Ödeme,Avans Talebi,Düşük,"{'cozum_basligi': 'Avans talebi işleme süreci', 'adimlar': ['Adım 1: Avans talebi tutarı ve gerekçesi (seyahat/proje) kaydedilir.', 'Adım 2: Yönetici ve finans onayına gönderilir.', 'Adım 3: Onay sonrası avans, belirtilen banka hesabına aktarılır.'], 'self_service_uygun_mu': False}","['ad_soyad', 'tutar', 'gerekce', 'seyahat_tarihi']",Avans hangi seyahat/proje için ve ne kadar tutar için gerekiyor?
T-4213,"Laptobum şarj olmuyor gibi görünüyor, pil ikonu çıkmıyor ekranda.",Arıza (Incident),Bilgi Teknolojileri,Donanım,Bilgisayar Arıza/Onarım,Yüksek,"{'cozum_basligi': 'Bilgisayar donanım arızası ilk müdahale', 'adimlar': ['Adım 1: Cihaz kapatılıp yeniden başlatılır, güç kablosu ve bağlantılar kontrol edilir.', 'Adım 2: Uzaktan tanı aracıyla donanım sağlık testi çalıştırılır.', 'Adım 3: Sorun devam ederse yerinde teknik destek için ticket açılır ve teknisyen yönlendirilir.'], 'self_service_uygun_mu': True}","['cihaz_seri_no', 'ofis_lokasyon', 'ariza_tanimi']",Sorun ne zaman başladı ve hangi lokasyondaki cihazdan bahsediyoruz?
T-4214,"Elektrikli yükseklik ayarlı masam artık yukarı kalkmıyor, düğmeye basınca ses geliyor ama hareket etmiyor.",Arıza (Incident),İdari İşler,Bina/Tesis Bakım,Ofis Mobilya Arızası (Ergonomik Masa/Koltuk),Düşük,"{'cozum_basligi': 'Ergonomik mobilya arıza/bakım süreci', 'adimlar': ['Adım 1: Arızanın türü (mekanizma, yükseklik ayarı, tekerlek vb.) tespit edilir.', 'Adım 2: Bina bakım ekibi basit onarımı yerinde dener.', 'Adım 3: Onarılamıyorsa parça değişimi veya mobilya değişimi için satınalma sürecine yönlendirilir.'], 'self_service_uygun_mu': False}","['mobilya_turu', 'ofis_lokasyon', 'ariza_tanimi']","Koltuğunuzda mı yoksa masanızda mı sorun var, tam olarak ne arızalandı?"
T-4215,Şifremi unutttum bilgisayara giremiyorum,Hizmet Talebi (Service Request),Bilgi Teknolojileri,Güvenlik ve Erişim,Şifre Sıfırlama,Orta,"{'cozum_basligi': 'Şifre sıfırlama işlemi', 'adimlar': ['Adım 1: Kimlik doğrulama (çalışan sicil no / kayıtlı e-posta) yapılır.', 'Adım 2: Self servis şifre sıfırlama portalı üzerinden geçici şifre oluşturulur.', 'Adım 3: Portal üzerinden çözülemiyorsa IT güvenlik ekibi manuel sıfırlama için ticket açar.'], 'self_service_uygun_mu': True}","['kullanici_adi', 'sicil_no', 'sistem_adi']","Hangi sistemin şifresini sıfırlamamız gerekiyor: e-posta, bilgisayar girişi yoksa başka bir uygulama mı?"
T-4216,"7 Şubat günü tedarikçi firmadan 2 kişi gelecek, resepsiyona bildirim yapar mısınız?",Hizmet Talebi (Service Request),İdari İşler,Güvenlik & Ulaşım,Ziyaretçi Giriş Talebi,Düşük,"{'cozum_basligi': 'Ziyaretçi giriş kaydı oluşturma', 'adimlar': ['Adım 1: Ziyaretçi bilgileri (ad soyad, TC/kimlik, ziyaret amacı) alınır.', 'Adım 2: Güvenlik birimine ziyaret tarihi ve saati bildirilir.', 'Adım 3: Ziyaretçi giriş gününde resepsiyonda kayıt yapılıp kartı teslim edilir.'], 'self_service_uygun_mu': False}","['ziyaretci_ad_soyad', 'ziyaret_tarihi_saati', 'ziyaret_edilen_kisi']","Ziyaretçinin adı, ziyaret tarihi/saati ve kimi ziyaret edeceği bilgisini alabilir miyim?"
T-4217,Burak Kılıç - fatura EUR olarak kesildi ama TL'ye çevrilirken güncel kur kullanılmamış sanırım.,Arıza (Incident),Finans,Masraf & Ödeme,Döviz Kuru Farkı/Uyumsuzluğu,Orta,"{'cozum_basligi': 'Döviz kuru farkı/uyumsuzluğu inceleme süreci', 'adimlar': ['Adım 1: Harcama tarihindeki resmi TCMB kuru ile sistemde kullanılan kur karşılaştırılır.', 'Adım 2: Fark tespit edilirse hangi kur kaynağının kullanıldığı muhasebe ile teyit edilir.', 'Adım 3: Hatalı hesaplama varsa düzeltme kaydı oluşturulur ve fark tazmin edilir.'], 'self_service_uygun_mu': False}","['ad_soyad', 'harcama_tarihi', 'doviz_tutar', 'kullanilan_kur']","Harcamanızın tarihini ve hangi döviz cinsinden olduğunu paylaşabilir misiniz, hangi kur baz alınmış görüyorsunuz?"
T-4218,"Çok acil, Şirket kartıyla yaptığım döviz harcaması geç yansıdı, kur o gün çok değişmişti, fark var mı bakar mısınız?",Arıza (Incident),Finans,Masraf & Ödeme,Döviz Kuru Farkı/Uyumsuzluğu,Yüksek,"{'cozum_basligi': 'Döviz kuru farkı/uyumsuzluğu inceleme süreci', 'adimlar': ['Adım 1: Harcama tarihindeki resmi TCMB kuru ile sistemde kullanılan kur karşılaştırılır.', 'Adım 2: Fark tespit edilirse hangi kur kaynağının kullanıldığı muhasebe ile teyit edilir.', 'Adım 3: Hatalı hesaplama varsa düzeltme kaydı oluşturulur ve fark tazmin edilir.'], 'self_service_uygun_mu': False}","['ad_soyad', 'harcama_tarihi', 'doviz_tutar', 'kullanilan_kur']","Harcamanızın tarihini ve hangi döviz cinsinden olduğunu paylaşabilir misiniz, hangi kur baz alınmış görüyorsunuz?"
T-4219,"Doğum iznime ne zaman başlamam gerekiyor, tahmini tarihim 28 Şubat.",Hizmet Talebi (Service Request),İnsan Kaynakları,İzin Yönetimi,Doğum/Analık İzni Talebi,Yüksek,"{'cozum_basligi': 'Doğum/analık izni tanımlama süreci', 'adimlar': ['Adım 1: Doktor raporu ve tahmini/gerçek doğum tarihi talep edilir.', 'Adım 2: Yasal doğum öncesi 8 hafta - doğum sonrası 8 hafta izin süresi hesaplanır.', ""Adım 3: İzin süresi SGK'ya bildirilir ve bordro/İK sisteminde işlenir.""], 'self_service_uygun_mu': False}","['ad_soyad', 'tahmini_dogum_tarihi', 'doktor_raporu']","Tahmini doğum tarihiniz nedir, doktor raporunuzu paylaşabilir misiniz?"
T-4220,5 Nisan tarihinde işe başlayacak Yusuf Kılıç için yenni hesap açılması gerekiyor.,Hizmet Talebi (Service Request),Bilgi Teknolojileri,Güvenlik ve Erişim,Yeni Kullanıcı Hesabı,Orta,"{'cozum_basligi': 'Yeni kullanıcı hesabı açma süreci', 'adimlar': [""Adım 1: İK'dan işe giriş onayı ve pozisyon bilgisi teyit edilir."", 'Adım 2: Aktif Dizin üzerinde hesap oluşturulur ve gerekli grup üyelikleri tanımlanır.', 'Adım 3: E-posta ve sistem erişim bilgileri ilk giriş kılavuzuyla birlikte iletilir.'], 'self_service_uygun_mu': False}","['ad_soyad', 'departman', 'ise_baslama_tarihi', 'pozisyon']",Bu hesap hangi pozisyon için açılacak ve yöneticisi kim olacak?
T-4221,4 Aralık tarihleri arası 5 gün yıllık izin kullanmak istiyorum.,Hizmet Talebi (Service Request),İnsan Kaynakları,İzin Yönetimi,Yıllık İzin Talebi/Bakiye Sorgulama,Düşük,"{'cozum_basligi': 'Yıllık izin talebi/bakiye sorgulama süreci', 'adimlar': ['Adım 1: İK portalından güncel izin bakiyesi kontrol edilir.', 'Adım 2: Talep edilen tarih aralığı yöneticinin onayına gönderilir.', 'Adım 3: Onay sonrası izin sistemde işlenir ve bordroya yansıtılır.'], 'self_service_uygun_mu': True}","['ad_soyad', 'izin_baslangic_bitis_tarihi']","Hangi tarihler arasında izin kullanmak istiyorsunuz, yoksa sadece bakiye mi öğrenmek istiyorsunuz?"
T-4222,"Lütfen acil SGK için hizmet dökümü belgesi rica ederim. Bu konuda epeydir mağdurum, lütfen hızlı dönüş yapar mısınız?",Hizmet Talebi (Service Request),İnsan Kaynakları,Bordro & Özlük,Özlük/Çalışma Belgesi Talebi,Düşük,"{'cozum_basligi': 'Özlük/çalışma belgesi düzenleme', 'adimlar': ['Adım 1: Talep edilen belge türü ve kullanım amacı teyit edilir.', 'Adım 2: İK sistemi üzerinden güncel çalışan bilgileriyle belge hazırlanır.', 'Adım 3: Belge imzalandıktan sonra çalışana e-posta veya elden teslim edilir.'], 'self_service_uygun_mu': True}","['ad_soyad', 'sicil_no', 'belge_turu', 'kullanim_amaci']","Hangi belgeye ihtiyacınız var (çalışma belgesi, hizmet dökümü vb.) ve hangi amaçla kullanılacak?"
T-4223,"Kulaklığımın mikrofonu çalışmıyor, toplantılarda bnei duyamıyorlar.",Arıza (Incident),Bilgi Teknolojileri,Donanım,Monitör/Çevre Birimi Arızası,Yüksek,"{'cozum_basligi': 'Monitör/çevre birimi arıza tespiti', 'adimlar': ['Adım 1: Kablo bağlantıları (HDMI/VGA/güç) ve monitör güç düğmesi kontrol edilir.', 'Adım 2: Farklı bir kablo veya port ile test yapılır.', 'Adım 3: Arıza devam ediyorsa cihaz değişimi için IT saha ekibine ticket açılır.'], 'self_service_uygun_mu': True}","['cihaz_turu', 'kullanici_adi', 'ofis_lokasyon']",Ekranda hiç görüntü mü yok yoksa titreme/renk bozukluğu mu var?
T-4224,"Lütfen acil Seyahat sırasında fişimi kaybettim, harcamamı nasıl beyan edebilirim?",Hizmet Talebi (Service Request),Finans,Masraf & Ödeme,Harcama Fişi Kayıp Beyanı,Orta,"{'cozum_basligi': 'Kayıp harcama fişi beyan ve alternatif belge süreci', 'adimlar': ['Adım 1: Kayıp fiş beyan formu doldurulur, harcama tutarı ve tarihi beyan edilir.', 'Adım 2: Mümkünse kredi kartı ekstresi/dekont gibi alternatif kanıt belgesi talep edilir.', 'Adım 3: Finans ekibi beyanı değerlendirip onaylarsa masraf formu istisnai olarak işleme alınır.'], 'self_service_uygun_mu': False}","['ad_soyad', 'harcama_tutari', 'harcama_tarihi', 'kayip_beyani_gerekcesi']",Fişi kaybettiğinize göre elinizde kredi kartı ekstresi gibi tutarı doğrulayacak başka bir belge var mı?
T-4225,"Klima sürekli su damlatıyor tavandan, yerler ıslanıyor.",Arıza (Incident),İdari İşler,Bina/Tesis Bakım,Klima/Isıtma Arızası,Düşük,"{'cozum_basligi': 'Klima/ısıtma sistemi arıza giderme', 'adimlar': ['Adım 1: Termostat ayarları ve cihazın açık olup olmadığı kontrol edilir.', 'Adım 2: Bina teknik ekibi filtre/gaz durumunu yerinde kontrol eder.', 'Adım 3: Kalıcı arıza tespit edilirse bakım/onarım için dış servis çağrılır.'], 'self_service_uygun_mu': False}","['ofis_lokasyon', 'cihaz_konumu', 'sorun_tanimi']","Klima hiç çalışmıyor mu yoksa soğutmuyor/ısıtmıyor mu, hangi bölgedesiniz?"
T-4226,Lütfen acil Cem Erdoğan - yöneticim departman değiştirdi ama sistemde hâlâ eski yöneticim onaycı olarak görünüyor. Teşekkür ederim şimdiden.,Arıza (Incident),Finans,Masraf & Ödeme,Onay Akışında Yönetici Görünmüyor Sorunu,Yüksek,"{'cozum_basligi': 'Onay akışı yönetici ataması düzeltme süreci', 'adimlar': ['Adım 1: Organizasyon şemasında çalışanın tanımlı yöneticisi sistemden kontrol edilir.', 'Adım 2: Yönetici ayrılmış/değişmiş ise onay akışı güncel yöneticiye yeniden atanır.', 'Adım 3: Bekleyen tüm formlar yeni onay akışına manuel olarak yönlendirilir.'], 'self_service_uygun_mu': False}","['ad_soyad', 'form_no', 'eski_yonetici', 'yeni_yonetici']",Onay akışında hangi form takılı kaldı ve eski yöneticiniz mi hâlâ sistemde görünüyor?
T-4227,"Rica etsem acil Zeynep Koç - GBP faturasını girmeye çalışıyorum ama sistem sadece TL kabul ediyor, yardımcı olur musunuz? Teşekkür ederim şimdiden.",Arıza (Incident),Finans,Masraf & Ödeme,Çoklu Para Birimli Fatura Girişi,Yüksek,"{'cozum_basligi': 'Çoklu para birimli fatura giriş desteği', 'adimlar': ['Adım 1: Faturanın orijinal para birimi ve tutarı doğrulanır.', 'Adım 2: ERP sisteminde ilgili para birimi tanımlı değilse muhasebe sistem ekibi tanımlama yapar.', 'Adım 3: Fatura, güncel kur ile TL karşılığı hesaplanarak sisteme işlenir.'], 'self_service_uygun_mu': False}","['fatura_no', 'tedarikci_adi', 'para_birimi', 'tutar']",Faturanın para birimi nedir (USD/EUR/GBP) ve sistemde bu para birimiyle giriş yapabiliyor musunuz?
T-4228,"Bilgisayyarıma Adobe Acrobat kurulması lazım, PDF düzenlemem gerekiyor işim için.",Hizmet Talebi (Service Request),Bilgi Teknolojileri,Yazılım,Yazılım Lisans/Kurulum Talebi,Düşük,"{'cozum_basligi': 'Yazılım lisans/kurulum süreci', 'adimlar': ['Adım 1: Talep, lisans uygunluğu ve yönetici onayı için değerlendirilir.', 'Adım 2: Lisans anahtarı temin edilir veya mevcut lisans havuzundan atama yapılır.', 'Adım 3: Kurulum IT ekibi tarafından uzaktan veya yerinde gerçekleştirilir.'], 'self_service_uygun_mu': False}","['yazilim_adi', 'kullanici_adi', 'onay_bilgisi']",Hangi yazılımın lisansına/kurulumuna ihtiyacınız var ve bu talep yöneticiniz tarafından onaylandı mı?
T-4229,"Yeni işe başlayan arkadaşımız için bir laptop ve monitör kurulumu gerekiyor, Levent plaza 12. kat.",Hizmet Talebi (Service Request),Bilgi Teknolojileri,Donanım,Yeni Ekipman Kurulumu,Düşük,"{'cozum_basligi': 'Yeni donanım ekipmanı kurulum süreci', 'adimlar': ['Adım 1: Talep, envanter ve bütçe onayı için yöneticiye/IT sorumlusuna iletilir.', 'Adım 2: Uygun ekipman depo stoğundan veya satın alma sürecinden temin edilir.', 'Adım 3: Kurulum IT saha ekibi tarafından belirlenen tarihte yerinde gerçekleştirilir.'], 'self_service_uygun_mu': False}","['ekipman_turu', 'kullanici_adi', 'ofis_lokasyon', 'talep_tarihi']",Yeni işe başlayan biri için mi yoksa mevcut ekipmanın değişimi için mi bu talep?
T-4230,13 Şubat tarihinde işe başlayacak Seda Kara için yeni hesap açılması gerekiyor.,Hizmet Talebi (Service Request),Bilgi Teknolojileri,Güvenlik ve Erişim,Yeni Kullanıcı Hesabı,Orta,"{'cozum_basligi': 'Yeni kullanıcı hesabı açma süreci', 'adimlar': [""Adım 1: İK'dan işe giriş onayı ve pozisyon bilgisi teyit edilir."", 'Adım 2: Aktif Dizin üzerinde hesap oluşturulur ve gerekli grup üyelikleri tanımlanır.', 'Adım 3: E-posta ve sistem erişim bilgileri ilk giriş kılavuzuyla birlikte iletilir.'], 'self_service_uygun_mu': False}","['ad_soyad', 'yonetici_adi', 'gerekli_sistemler']",Bu hesap hangi pozisyon için açılacak ve yöneticisi kim olacak?
T-4231,"CRM sistemine yeni giriş yetkisi verilmesi gerekyior, yöneticim Gizem Çelik onaylayabilir.",Hizmet Talebi (Service Request),Bilgi Teknolojileri,Güvenlik ve Erişim,Sistem/Klasör Yetki Talebi,Düşük,"{'cozum_basligi': 'Sistem/klasör yetki tanımlama süreci', 'adimlar': ['Adım 1: Talep, ilgili departman yöneticisinin onayına gönderilir.', 'Adım 2: Onay sonrası erişim, en az yetki prensibiyle tanımlanır.', 'Adım 3: Yetki tanımlandıktan sonra kullanıcıya bilgilendirme yapılır ve ticket kapatılır.'], 'self_service_uygun_mu': False}","['kullanici_adi', 'klasor_sistem_adi', 'yonetici_onayi']",Hangi klasöre veya sisteme erişim yetkisi talep ediyorsunuz ve yöneticinizin onayı var mı?
T-4232,16 Temmuz tarihleri arası 5 gün yıllık izin kullanmak istiyorum.,Bilgi Talebi (Information),İnsan Kaynakları,İzin Yönetimi,Yıllık İzin Talebi/Bakiye Sorgulama,Orta,"{'cozum_basligi': 'Yıllık izin talebi/bakiye sorgulama süreci', 'adimlar': ['Adım 1: İK portalından güncel izin bakiyesi kontrol edilir.', 'Adım 2: Talep edilen tarih aralığı yöneticinin onayına gönderilir.', 'Adım 3: Onay sonrası izin sistemde işlenir ve bordroya yansıtılır.'], 'self_service_uygun_mu': True}","['ad_soyad', 'izin_baslangic_bitis_tarihi']","Hangi tarihler arasında izin kullanmak istiyorsunuz, yoksa sadece bakiye mi öğrenmek istiyorsunuz?"
T-4233,"Teamse giriş yapamıyorum, 'bir sorun oluştu' hatası çıkıyor sürekli.",Arıza (Incident),Bilgi Teknolojileri,Yazılım,Uygulama Hatası (Outlook/Teams/Excel vb.),Düşük,"{'cozum_basligi': 'Uygulama hatası giderme', 'adimlar': ['Adım 1: Uygulama tamamen kapatılıp yeniden açılır, gerekirse bilgisayar yeniden başlatılır.', 'Adım 2: Uygulama güncellemesi kontrol edilir ve önbellek/geçici dosyalar temizlenir.', 'Adım 3: Hata devam ederse ekran görüntüsüyle birlikte yazılım destek ekibine ticket açılır.'], 'self_service_uygun_mu': True}","['uygulama_adi', 'hata_mesaji', 'kullanici_adi']","Hangi uygulamada ve tam olarak ne zaman bu hatayı alıyorsunuz, ekran görüntüsü paylaşabilir misiniz?"
T-4234,"Mavi Salon icindeki hoparlor ses vermiyor, katilimcilar bizi duymaiyor. Gerçekten çok sıkıntı oluyor, bir an önce ilgilenirseniz sevinirim.",Arıza (Incident),İdari İşler,Ofis Ekipmanı,Toplantı Odası Ekipman Arızası (ClickShare/Projeksiyon),Orta,"{'cozum_basligi': 'Toplantı odası ekran/görüntü aktarım arızası giderme', 'adimlar': ['Adım 1: ClickShare/HDMI kablosu ve cihazın güç bağlantısı kontrol edilir.', 'Adım 2: Ekran/projeksiyon cihazı yeniden başlatılır, giriş kaynağı kontrol edilir.', 'Adım 3: Sorun devam ederse toplantı öncesi acil teknik destek için ticket açılır.'], 'self_service_uygun_mu': True}","['oda_adi', 'ekipman_turu', 'toplanti_saati']",Hangi toplantı odasından bahsediyorsunuz ve toplantınız ne zaman başlıyor?
T-4235,Internet gitti gitti geliyor Üretim tesisi idari bina,Arıza (Incident),Bilgi Teknolojileri,Ağ/Network,İnternet Bağlantı Sorunu,Kritik,"{'cozum_basligi': 'İnternet bağlantı arızası ilk müdahale', 'adimlar': ['Adım 1: Modem/router yeniden başlatılır, kablo bağlantıları kontrol edilir.', 'Adım 2: Farklı bir cihaz veya prizden bağlantı test edilir.', 'Adım 3: Sorun devam ederse altyapı ekibine ticket açılır ve etkilenen kişi sayısı raporlanır.'], 'self_service_uygun_mu': True}","['ofis_lokasyon', 'internet_saglayici_bilgisi']",Kaç kişiyi etkiliyor bu sorun ve hangi lokasyondasınız?
T-4236,Şifremi unuttum bilgisayara giremiyormu,Hizmet Talebi (Service Request),Bilgi Teknolojileri,Güvenlik ve Erişim,Şifre Sıfırlama,Orta,"{'cozum_basligi': 'Şifre sıfırlama işlemi', 'adimlar': ['Adım 1: Kimlik doğrulama (çalışan sicil no / kayıtlı e-posta) yapılır.', 'Adım 2: Self servis şifre sıfırlama portalı üzerinden geçici şifre oluşturulur.', 'Adım 3: Portal üzerinden çözülemiyorsa IT güvenlik ekibi manuel sıfırlama için ticket açar.'], 'self_service_uygun_mu': True}","['kullanici_adi', 'sicil_no', 'sistem_adi']",Şifrenizi mi unuttunuz yoksa hesabınız mı kilitlendi?
T-4237,"Kartal Matbaacılık IBAN'ını değiştirmiş, mutabakat yapmadan ödeme geçmeyelim.",Bilgi Talebi (Information),Finans,Masraf & Ödeme,Tedarikçi IBAN/Vade Mutabakatı,Yüksek,"{'cozum_basligi': 'Tedarikçi IBAN/vade mutabakat süreci', 'adimlar': ['Adım 1: Tedarikçinin sistemde kayıtlı IBAN ve vade koşulları kontrol edilir.', 'Adım 2: Tedarikçiden güncel IBAN/vade bilgisini teyit eden resmi yazı istenir.', 'Adım 3: Bilgiler güncellendikten sonra mutabakat formu karşılıklı imzalanarak kapatılır.'], 'self_service_uygun_mu': False}","['tedarikci_adi', 'vade_gun_sayisi']",Tedarikçinin IBAN bilgisi mi değişti yoksa vade koşullarında bir anlaşmazlık mı var?
T-4238,"Nihan Kaya - doğum iznim bitiyor yakında, yarı zamanlı çalışma hakkımı öğrenebilir miyim?",Hizmet Talebi (Service Request),İnsan Kaynakları,İzin Yönetimi,Doğum/Analık İzni Talebi,Düşük,"{'cozum_basligi': 'Doğum/analık izni tanımlama süreci', 'adimlar': ['Adım 1: Doktor raporu ve tahmini/gerçek doğum tarihi talep edilir.', 'Adım 2: Yasal doğum öncesi 8 hafta - doğum sonrası 8 hafta izin süresi hesaplanır.', ""Adım 3: İzin süresi SGK'ya bildirilir ve bordro/İK sisteminde işlenir.""], 'self_service_uygun_mu': False}","['ad_soyad', 'tahmini_dogum_tarihi', 'doktor_raporu']","Tahmini doğum tarihiniz nedir, doktor raporunuzu paylaşabilir misiniz?"
T-4239,"Muhasebe sunucusuna erişim yok, tüm ekip etkilendi 8 Kasım sabaından beri.",Arıza (Incident),Bilgi Teknolojileri,Sunucu/Sistem,Sunucu/Servis Kesintisi,Kritik,"{'cozum_basligi': 'Sunucu/servis kesintisi acil müdahale', 'adimlar': ['Adım 1: Sunucu/servis durumu izleme panelinden kontrol edilir, etkilenen servisler belirlenir.', 'Adım 2: Sunucu ekibi tarafından servis yeniden başlatılır veya yük devretme (failover) uygulanır.', 'Adım 3: Kök neden analizi için kritik öncelikli ticket açılır ve ilgili birimlere bilgi verilir.'], 'self_service_uygun_mu': False}","['etkilenen_sistem_adi', 'baslangic_zamani', 'etkilenen_kullanici_sayisi']",Bu kesinti tüm şirketi mi yoksa belirli bir departmanı mı etkiliyor?
T-4240,"Alper Çetin - esimin dedesi vefat etti, 1 gunluk mazeret izni kullanabilir miyim?",Hizmet Talebi (Service Request),İnsan Kaynakları,İzin Yönetimi,Vefat/Mazeret İzni Talebi,Yüksek,"{'cozum_basligi': 'Vefat/mazeret izni tanımlama süreci', 'adimlar': ['Adım 1: Yakınlık derecesi ve vefat tarihi bilgisi alınır (mümkünse belge sonradan tamamlanabilir).', 'Adım 2: Yasal mazeret izni (1. derece yakın için 3 gün) sisteme derhal tanımlanır.', 'Adım 3: Yönetici bilgilendirilir, çalışanın dönüş tarihi takip edilir.'], 'self_service_uygun_mu': False}","['ad_soyad', 'yakinlik_derecesi', 'izin_baslangic_tarihi']","Başsağlığı dileriz, yakınlık dereceniz nedir ve izninizin ne zaman başlamasını istersiniz?"
T-4241,Acilen 6.447 TL avans talep ediyorum 19 Kasım seyahati için. Teşekkür ederim şimdiden.,Hizmet Talebi (Service Request),Finans,Masraf & Ödeme,Avans Talebi,Düşük,"{'cozum_basligi': 'Avans talebi işleme süreci', 'adimlar': ['Adım 1: Avans talebi tutarı ve gerekçesi (seyahat/proje) kaydedilir.', 'Adım 2: Yönetici ve finans onayına gönderilir.', 'Adım 3: Onay sonrası avans, belirtilen banka hesabına aktarılır.'], 'self_service_uygun_mu': False}","['ad_soyad', 'tutar', 'gerekce', 'seyahat_tarihi']",Avans hangi seyahat/proje için ve ne kadar tutar için gerekiyor?
T-4242,"Muhasebe klasorune erisim yetkm yok, projemde ihtiyacim var.",Hizmet Talebi (Service Request),Bilgi Teknolojileri,Güvenlik ve Erişim,Sistem/Klasör Yetki Talebi,Düşük,"{'cozum_basligi': 'Sistem/klasör yetki tanımlama süreci', 'adimlar': ['Adım 1: Talep, ilgili departman yöneticisinin onayına gönderilir.', 'Adım 2: Onay sonrası erişim, en az yetki prensibiyle tanımlanır.', 'Adım 3: Yetki tanımlandıktan sonra kullanıcıya bilgilendirme yapılır ve ticket kapatılır.'], 'self_service_uygun_mu': False}","['kullanici_adi', 'klasor_sistem_adi', 'yonetici_onayi']",Hangi klasöre veya sisteme erişim yetkisi talep ediyorsunuz ve yöneticinizin onayı var mı?
T-4243,"Rica etsem acil Otel faturamı kaybettim, otel tekrar gönderebilir mi yoksa beayn mı yapmam lazım? Teşekkür ederim şimdiden.",Hizmet Talebi (Service Request),Finans,Masraf & Ödeme,Harcama Fişi Kayıp Beyanı,Orta,"{'cozum_basligi': 'Kayıp harcama fişi beyan ve alternatif belge süreci', 'adimlar': ['Adım 1: Kayıp fiş beyan formu doldurulur, harcama tutarı ve tarihi beyan edilir.', 'Adım 2: Mümkünse kredi kartı ekstresi/dekont gibi alternatif kanıt belgesi talep edilir.', 'Adım 3: Finans ekibi beyanı değerlendirip onaylarsa masraf formu istisnai olarak işleme alınır.'], 'self_service_uygun_mu': False}","['ad_soyad', 'harcama_tutari', 'harcama_tarihi', 'kayip_beyani_gerekcesi']",Fişi kaybettiğinize göre elinizde kredi kartı ekstresi gibi tutarı doğrulayacak başka bir belge var mı?
T-4244,"Murat Aydın - planlarım değişti, 18 Kasım tarihindeki iznimi bir hafta sonraya alabilir miyiz?",Hizmet Talebi (Service Request),İnsan Kaynakları,İzin Yönetimi,İzin İptal/Değişiklik,Orta,"{'cozum_basligi': 'İzin iptal/değişiklik işlemi', 'adimlar': ['Adım 1: Mevcut izin kaydı sistemde bulunur ve doğrulanır.', 'Adım 2: İptal/değişiklik talebi yöneticinin onayına yeniden gönderilir.', 'Adım 3: Onay sonrası izin bakiyesi ve takvim güncellenir.'], 'self_service_uygun_mu': True}","['ad_soyad', 'mevcut_izin_tarihi', 'yeni_talep']",İzninizi tamamen iptal mi etmek istiyorsunuz yoksa tarihini mi değiştirmek istiyorsunuz?
T-4245,"Çok acil, Sibel Yıldız - süt iznim için işe geç başlamak istiyorum, uygun mudur? Ne zaman çözülür acaba?",Hizmet Talebi (Service Request),İnsan Kaynakları,İzin Yönetimi,Süt İzni Talebi,Düşük,"{'cozum_basligi': 'Süt izni düzenleme süreci', 'adimlar': ['Adım 1: Doğum tarihi teyit edilerek yasal süt izni hakkı (ilk 6 ay günde 1,5 saat) hesaplanır.', 'Adım 2: Çalışma saatlerine nasıl entegre edileceği (sabah/akşam/tek seferde) belirlenir.', 'Adım 3: Yönetici bilgilendirilir ve süt izni takvime/çalışma planına işlenir.'], 'self_service_uygun_mu': False}","['ad_soyad', 'dogum_tarihi', 'tercih_edilen_saat']","Süt izninizi günün hangi saatinde kullanmak istersiniz, sabah mı akşam mı?"
T-4246,Kalem deffter A4 kagit lazim departmanimiza,Hizmet Talebi (Service Request),İdari İşler,Satınalma/Malzeme,Kırtasiye Malzeme Talebi,Orta,"{'cozum_basligi': 'Kırtasiye malzeme temini', 'adimlar': ['Adım 1: Talep departman yöneticisi onayına iletilir.', 'Adım 2: Depo stoğundan malzemeler hazırlanır.', 'Adım 3: Malzemeler belirtilen teslimat lokasyonuna gönderilir.'], 'self_service_uygun_mu': False}","['malzeme_listesi_miktar', 'departman', 'teslimat_lokasyonu']","Hangi malzemelerden ne miktarda ihtiyacınız var, liste hâlinde belirtebilir misiniz?"
T-4247,Hukuuk'a yeni katilan arkadasimiz icin tum erisimlerin tanimlanmasi lazim.,Hizmet Talebi (Service Request),Bilgi Teknolojileri,Güvenlik ve Erişim,Yeni Kullanıcı Hesabı,Orta,"{'cozum_basligi': 'Yeni kullanıcı hesabı açma süreci', 'adimlar': [""Adım 1: İK'dan işe giriş onayı ve pozisyon bilgisi teyit edilir."", 'Adım 2: Aktif Dizin üzerinde hesap oluşturulur ve gerekli grup üyelikleri tanımlanır.', 'Adım 3: E-posta ve sistem erişim bilgileri ilk giriş kılavuzuyla birlikte iletilir.'], 'self_service_uygun_mu': False}","['ad_soyad', 'yonetici_adi', 'gerekli_sistemler']","Yeni çalışanın işe başlama tarihi ve departmanı nedir, hangi sistemlere erişimi olması gerekiyor?"
T-4248,Acilen Bebegimiz dogdu babalik iznimi kullanmak istiyorum 22 Haziran den itibaren,Hizmet Talebi (Service Request),İnsan Kaynakları,İzin Yönetimi,Babalık İzni Talebi,Orta,"{'cozum_basligi': 'Babalık izni tanımlama süreci', 'adimlar': ['Adım 1: Doğum tarihi ve doğum belgesi/raporu talep edilir.', 'Adım 2: Yasal 5 günlük babalık izni sisteme tanımlanır.', 'Adım 3: İzin yöneticiye bilgi amaçlı bildirilir ve takvime işlenir.'], 'self_service_uygun_mu': False}","['ad_soyad', 'dogum_tarihi', 'izin_baslangic_tarihi']","Bebeğinizin doğum tarihi nedir, izninizi doğumdan itibaren mi başlatmak istersiniz?"
T-4249,Kartus degisimi lazim yazici az mürekkep uyarisi veriyor,Hizmet Talebi (Service Request),İdari İşler,Ofis Ekipmanı,Toner/Kartuş Talebi,Orta,"{'cozum_basligi': 'Toner/kartuş temin süreci', 'adimlar': ['Adım 1: Depo stok durumu kontrol edilir.', 'Adım 2: Uygun toner/kartuş belirtilen yazıcı lokasyonuna teslim edilir.', 'Adım 3: Stokta bulunmuyorsa satınalma süreci tetiklenir ve tahmini teslim süresi bildirilir.'], 'self_service_uygun_mu': False}","['yazici_lokasyon', 'yazici_marka_model', 'toner_kartus_kodu']","Yazıcının marka ve modeli nedir, doğru toner kodunu belirleyebilmemiz için gerekli?"
T-4250,"Acilen Yemek fisini kaybettim ama kredi karti ekstresi var elimde Gerçekten çok sıkıntı oluyor, bir an önce ilgilenirseniz sevinirim.",Hizmet Talebi (Service Request),Finans,Masraf & Ödeme,Harcama Fişi Kayıp Beyanı,Düşük,"{'cozum_basligi': 'Kayıp harcama fişi beyan ve alternatif belge süreci', 'adimlar': ['Adım 1: Kayıp fiş beyan formu doldurulur, harcama tutarı ve tarihi beyan edilir.', 'Adım 2: Mümkünse kredi kartı ekstresi/dekont gibi alternatif kanıt belgesi talep edilir.', 'Adım 3: Finans ekibi beyanı değerlendirip onaylarsa masraf formu istisnai olarak işleme alınır.'], 'self_service_uygun_mu': False}","['ad_soyad', 'harcama_tutari', 'harcama_tarihi', 'kayip_beyani_gerekcesi']",Fişi kaybettiğinize göre elinizde kredi kartı ekstresi gibi tutarı doğrulayacak başka bir belge var mı?
T-4251,"Sandalyemin tekerleklerinden biri kırıldı, oturması sallanıyor.",Arıza (Incident),İdari İşler,Bina/Tesis Bakım,Ofis Mobilya Arızası (Ergonomik Masa/Koltuk),Orta,"{'cozum_basligi': 'Ergonomik mobilya arıza/bakım süreci', 'adimlar': ['Adım 1: Arızanın türü (mekanizma, yükseklik ayarı, tekerlek vb.) tespit edilir.', 'Adım 2: Bina bakım ekibi basit onarımı yerinde dener.', 'Adım 3: Onarılamıyorsa parça değişimi veya mobilya değişimi için satınalma sürecine yönlendirilir.'], 'self_service_uygun_mu': False}","['mobilya_turu', 'ofis_lokasyon', 'ariza_tanimi']","Koltuğunuzda mı yoksa masanızda mı sorun var, tam olarak ne arızalandı?"
T-4252,"Fotokopi makinesi çalışmıyor, tuşlara basınca tepki vermiyor.",Arıza (Incident),İdari İşler,Ofis Ekipmanı,Yazıcı/Fotokopi Arıza Bildirimi,Orta,"{'cozum_basligi': 'Yazıcı/fotokopi arıza giderme', 'adimlar': ['Adım 1: Kağıt sıkışması, kapak açık kalması gibi görünür arızalar kontrol edilir.', 'Adım 2: Cihaz yeniden başlatılır ve sürücü/bağlantı ayarları kontrol edilir.', 'Adım 3: Sorun devam ederse teknik servis çağrısı için ticket açılır.'], 'self_service_uygun_mu': True}","['yazici_lokasyon', 'hata_kodu']",Hangi kattaki/lokasyondaki yazıcıdan bahsediyorsunuz?
T-4253,Giris kartimi kaybettim ail iptal edilmesi lazim,Hizmet Talebi (Service Request),İdari İşler,Güvenlik & Ulaşım,Kayıp Giriş Kartı,Orta,"{'cozum_basligi': 'Kayıp giriş kartı iptal ve yeniden basım süreci', 'adimlar': ['Adım 1: Kayıp kart derhal sistem üzerinden iptal edilir, güvenlik riski önlenir.', 'Adım 2: Kimlik doğrulaması sonrası yeni kart basım talebi oluşturulur.', 'Adım 3: Yeni kart resepsiyon/güvenlik biriminden teslim alınır.'], 'self_service_uygun_mu': False}","['ad_soyad', 'sicil_no', 'kayip_tarihi']","Kartınızı en son ne zaman ve nerede kullandığınızı hatırlıyor musunuz, kaybolduğunu mu düşünüyorsunuz?"
T-4254,"11.449 TL tutarındaki fatura hâlâ ödenmemiş görünüyor, Kartal Matbaacılık.",Bilgi Talebi (Information),Finans,Masraf & Ödeme,Fatura Ödeme Takibi,Orta,"{'cozum_basligi': 'Fatura ödeme durumu takibi', 'adimlar': ['Adım 1: Fatura numarası ile muhasebe/ERP sisteminde ödeme kaydı sorgulanır.', 'Adım 2: Ödeme planlanan tarih ve onay durumu kontrol edilir.', 'Adım 3: Gecikme varsa ödeme sorumlusuna hatırlatma yapılır ve tedarikçiye bilgi verilir.'], 'self_service_uygun_mu': True}","['fatura_no', 'tedarikci_adi', 'tutar']","Faturanın vade tarihi geçti mi, ne kadar süredir bekliyor?"
T-4255,"Gizem Kılıç - servis durağımın değiştirilmesini talep ediyorum, ev taşındı.",Hizmet Talebi (Service Request),İdari İşler,Güvenlik & Ulaşım,Servis Güzergah Talebi,Orta,"{'cozum_basligi': 'Personel servis güzergahı düzenleme', 'adimlar': ['Adım 1: Talep edilen adres mevcut güzergahlara uygunluk açısından incelenir.', 'Adım 2: Ulaşım/idari işler ekibi güzergah planlamasını günceller.', 'Adım 3: Yeni güzergah bilgisi çalışana ve servis şoförüne iletilir.'], 'self_service_uygun_mu': False}","['ev_adresi', 'mevcut_hat_no', 'talep_turu']",Mevcut servis güzergahınızda mı değişiklik istiyorsunuz yoksa yeni bir durak mı ekleniyor?
T-4256,"Yeni laptopuma VPN kurulumu yapılmadı, dışarıdan sisteme bağlanamıyorum.",Arıza (Incident),Bilgi Teknolojileri,Ağ/Network,VPN Erişim Sorunu,Orta,"{'cozum_basligi': 'VPN bağlantı sorunu çözümü', 'adimlar': ['Adım 1: VPN istemcisi güncel mi kontrol edilir, kullanıcı adı/şifre doğrulanır.', 'Adım 2: İnternet bağlantısı ve güvenlik duvarı ayarları kontrol edilir, istemci yeniden başlatılır.', 'Adım 3: Erişim devam etmiyorsa VPN sertifikası/erişim yetkisi için ticket açılır.'], 'self_service_uygun_mu': True}","['kullanici_adi', 'baglanti_lokasyonu', 'vpn_istemci_versiyonu']",Evden mi yoksa başka bir lokasyondan mı bağlanmaya çalışıyorsunuz?
T-4257,"Formu onaylayacak kişi sistemde 'pasif kullanıcı' olarak görünüyor, işlem tıkandı.",Arıza (Incident),Finans,Masraf & Ödeme,Onay Akışında Yönetici Görünmüyor Sorunu,Orta,"{'cozum_basligi': 'Onay akışı yönetici ataması düzeltme süreci', 'adimlar': ['Adım 1: Organizasyon şemasında çalışanın tanımlı yöneticisi sistemden kontrol edilir.', 'Adım 2: Yönetici ayrılmış/değişmiş ise onay akışı güncel yöneticiye yeniden atanır.', 'Adım 3: Bekleyen tüm formlar yeni onay akışına manuel olarak yönlendirilir.'], 'self_service_uygun_mu': False}","['ad_soyad', 'form_no', 'eski_yonetici', 'yeni_yonetici']",Onay akışında hangi form takılı kaldı ve eski yöneticiniz mi hâlâ sistemde görünüyor?
T-4258,"6 Nisan günü tedarikçi firmadan 2 kişi gelecek, resepsiyona bildirim yapar mısınız? Bu konuda epeydir mağdurum, lütfen hızlı dönüş yapar mısınız?",Hizmet Talebi (Service Request),İdari İşler,Güvenlik & Ulaşım,Ziyaretçi Giriş Talebi,Orta,"{'cozum_basligi': 'Ziyaretçi giriş kaydı oluşturma', 'adimlar': ['Adım 1: Ziyaretçi bilgileri (ad soyad, TC/kimlik, ziyaret amacı) alınır.', 'Adım 2: Güvenlik birimine ziyaret tarihi ve saati bildirilir.', 'Adım 3: Ziyaretçi giriş gününde resepsiyonda kayıt yapılıp kartı teslim edilir.'], 'self_service_uygun_mu': False}","['ziyaretci_ad_soyad', 'ziyaret_tarihi_saati', 'ziyaret_edilen_kisi']","Ziyaretçinin adı, ziyaret tarihi/saati ve kimi ziyaret edeceği bilgisini alabilir miyim?"
T-4259,"Teams toplantısına girerken kameram ve mikrofonum algılanmıyor, çok acil bir sunumum var.",Arıza (Incident),Bilgi Teknolojileri,Yazılım,Uygulama Hatası (Outlook/Teams/Excel vb.),Yüksek,"{'cozum_basligi': 'Uygulama hatası giderme', 'adimlar': ['Adım 1: Uygulama tamamen kapatılıp yeniden açılır, gerekirse bilgisayar yeniden başlatılır.', 'Adım 2: Uygulama güncellemesi kontrol edilir ve önbellek/geçici dosyalar temizlenir.', 'Adım 3: Hata devam ederse ekran görüntüsüyle birlikte yazılım destek ekibine ticket açılır.'], 'self_service_uygun_mu': True}","['uygulama_adi', 'hata_mesaji', 'kullanici_adi']",Uygulama hiç açılmıyor mu yoksa belirli bir işlem sırasında mı hata veriyor?
T-4260,"Lütfen acil Ege Temizlik Hizmetleri IBAN'ını değiştirmiş, mutabakat yapmadan ödeme geçmeyelim.",Hizmet Talebi (Service Request),Finans,Masraf & Ödeme,Tedarikçi IBAN/Vade Mutabakatı,Orta,"{'cozum_basligi': 'Tedarikçi IBAN/vade mutabakat süreci', 'adimlar': ['Adım 1: Tedarikçinin sistemde kayıtlı IBAN ve vade koşulları kontrol edilir.', 'Adım 2: Tedarikçiden güncel IBAN/vade bilgisini teyit eden resmi yazı istenir.', 'Adım 3: Bilgiler güncellendikten sonra mutabakat formu karşılıklı imzalanarak kapatılır.'], 'self_service_uygun_mu': False}","['tedarikci_adi', 'vade_gun_sayisi']",Tedarikçinin IBAN bilgisi mi değişti yoksa vade koşullarında bir anlaşmazlık mı var?
T-4261,"Cem Doğan - seyahat masraf formum reddedildi ama sebep yazmıyor, öğrenebilir miyim?",Hizmet Talebi (Service Request),Finans,Masraf & Ödeme,Masraf/Harcama Formu Onayı,Düşük,"{'cozum_basligi': 'Masraf/harcama formu onay süreci takibi', 'adimlar': ['Adım 1: Formun onay akışındaki mevcut adımı (yönetici/finans) sistemden kontrol edilir.', 'Adım 2: Bekleyen onaycıya hatırlatma bildirimi gönderilir.', 'Adım 3: Onay gecikmesi devam ederse finans ekibi manuel müdahale için ticket açar.'], 'self_service_uygun_mu': True}","['ad_soyad', 'harcama_tarihi', 'tutar']",Formun numarasını veya harcama tutarını paylaşabilir misiniz?
T-4262,"Bordro programı açılırken hata veriyor, sürekli çöküyor.",Arıza (Incident),Bilgi Teknolojileri,Yazılım,Uygulama Hatası (Outlook/Teams/Excel vb.),Düşük,"{'cozum_basligi': 'Uygulama hatası giderme', 'adimlar': ['Adım 1: Uygulama tamamen kapatılıp yeniden açılır, gerekirse bilgisayar yeniden başlatılır.', 'Adım 2: Uygulama güncellemesi kontrol edilir ve önbellek/geçici dosyalar temizlenir.', 'Adım 3: Hata devam ederse ekran görüntüsüyle birlikte yazılım destek ekibine ticket açılır.'], 'self_service_uygun_mu': True}","['uygulama_adi', 'isletim_sistemi', 'hata_ekran_goruntusu']",Uygulama hiç açılmıyor mu yoksa belirli bir işlem sırasında mı hata veriyor?
T-4263,"12.179 TL tutarındaki fatura hâlâ ödenmemiş görünüyor, Kartal Matbaacılık.",Bilgi Talebi (Information),Finans,Masraf & Ödeme,Fatura Ödeme Takibi,Orta,"{'cozum_basligi': 'Fatura ödeme durumu takibi', 'adimlar': ['Adım 1: Fatura numarası ile muhasebe/ERP sisteminde ödeme kaydı sorgulanır.', 'Adım 2: Ödeme planlanan tarih ve onay durumu kontrol edilir.', 'Adım 3: Gecikme varsa ödeme sorumlusuna hatırlatma yapılır ve tedarikçiye bilgi verilir.'], 'self_service_uygun_mu': True}","['fatura_no', 'vade_tarihi']","Faturanın vade tarihi geçti mi, ne kadar süredir bekliyor?"
T-4264,"Çok acil, Fiş fotoğraflarını yükledim ama form bir türlü finansa düşmüyor sistemde. Bu konuda epeydir mağdurum, lütfen hızlı dönüş yapar mısınız?",Hizmet Talebi (Service Request),Finans,Masraf & Ödeme,Masraf/Harcama Formu Onayı,Orta,"{'cozum_basligi': 'Masraf/harcama formu onay süreci takibi', 'adimlar': ['Adım 1: Formun onay akışındaki mevcut adımı (yönetici/finans) sistemden kontrol edilir.', 'Adım 2: Bekleyen onaycıya hatırlatma bildirimi gönderilir.', 'Adım 3: Onay gecikmesi devam ederse finans ekibi manuel müdahale için ticket açar.'], 'self_service_uygun_mu': True}","['ad_soyad', 'harcama_tarihi', 'tutar']",Form kaç gündür bekliyor ve onay akışında şu an kimde bekliyor biliyor musunuz?
T-4265,Lütfen acil Sifre sifirlama lazim Elif Kurt,Hizmet Talebi (Service Request),Bilgi Teknolojileri,Güvenlik ve Erişim,Şifre Sıfırlama,Yüksek,"{'cozum_basligi': 'Şifre sıfırlama işlemi', 'adimlar': ['Adım 1: Kimlik doğrulama (çalışan sicil no / kayıtlı e-posta) yapılır.', 'Adım 2: Self servis şifre sıfırlama portalı üzerinden geçici şifre oluşturulur.', 'Adım 3: Portal üzerinden çözülemiyorsa IT güvenlik ekibi manuel sıfırlama için ticket açar.'], 'self_service_uygun_mu': True}","['kullanici_adi', 'kayitli_email']","Hangi sistemin şifresini sıfırlamamız gerekiyor: e-posta, bilgisayar girişi yoksa başka bir uygulama mı?"
T-4266,Acilen Fatura odemesi ne zaman yapilacak vadesi gecti sanirim,Bilgi Talebi (Information),Finans,Masraf & Ödeme,Fatura Ödeme Takibi,Yüksek,"{'cozum_basligi': 'Fatura ödeme durumu takibi', 'adimlar': ['Adım 1: Fatura numarası ile muhasebe/ERP sisteminde ödeme kaydı sorgulanır.', 'Adım 2: Ödeme planlanan tarih ve onay durumu kontrol edilir.', 'Adım 3: Gecikme varsa ödeme sorumlusuna hatırlatma yapılır ve tedarikçiye bilgi verilir.'], 'self_service_uygun_mu': True}","['fatura_no', 'vade_tarihi']","Faturanın vade tarihi geçti mi, ne kadar süredir bekliyor?"
T-4267,"Anka Danışmanlık firmasından gelmesi gereken paket 3 gündür ulaşmadı, takip eder misiniz?",Bilgi Talebi (Information),İdari İşler,Satınalma/Malzeme,Kargo/Kurye Teslimat Takibi,Yüksek,"{'cozum_basligi': 'Kargo/kurye teslimat takibi', 'adimlar': ['Adım 1: Kargo takip numarası ve gönderici bilgisi ile kargo firması sistemi kontrol edilir.', 'Adım 2: Resepsiyon/depo teslim kaydı kontrol edilerek paketin durumu netleştirilir.', 'Adım 3: Paket bulunamıyorsa kargo firmasına resmi kayıp/gecikme bildirimi açılır.'], 'self_service_uygun_mu': True}","['gonderici_bilgisi', 'teslimat_lokasyonu']",Kargonuzun takip numarası var mı ve hangi firmadan gönderildi?
T-4268,Nihan Kaya - yurtdışı proje nedeniyle kart limitimin geçici olarak artırılmasını rica ederim. Ne zaman çözülür acaba?,Hizmet Talebi (Service Request),Finans,Masraf & Ödeme,Kurumsal Kredi Kartı Limit Artırımı,Düşük,"{'cozum_basligi': 'Kurumsal kredi kartı limit artırım süreci', 'adimlar': ['Adım 1: Mevcut limit, kullanım geçmişi ve talep gerekçesi kaydedilir.', 'Adım 2: Yönetici ve finans müdürü onayına gönderilir.', 'Adım 3: Onay sonrası banka ile limit artırım talebi iletilir ve süreç takip edilir.'], 'self_service_uygun_mu': False}","['ad_soyad', 'mevcut_limit', 'talep_edilen_limit', 'gerekce']","Mevcut kart limitiniz nedir ve ne kadar artış talep ediyorsunuz, gerekçeniz nedir?"
T-4269,"Çok acil, Koltugum yukseklik ayari bozuldu surekli asagi iniyor Teşekkür ederim şimdiden.",Arıza (Incident),İdari İşler,Bina/Tesis Bakım,Ofis Mobilya Arızası (Ergonomik Masa/Koltuk),Orta,"{'cozum_basligi': 'Ergonomik mobilya arıza/bakım süreci', 'adimlar': ['Adım 1: Arızanın türü (mekanizma, yükseklik ayarı, tekerlek vb.) tespit edilir.', 'Adım 2: Bina bakım ekibi basit onarımı yerinde dener.', 'Adım 3: Onarılamıyorsa parça değişimi veya mobilya değişimi için satınalma sürecine yönlendirilir.'], 'self_service_uygun_mu': False}","['mobilya_turu', 'ofis_lokasyon', 'ariza_tanimi']","Koltuğunuzda mı yoksa masanızda mı sorun var, tam olarak ne arızalandı?"
T-4270,"27 Mart tarihinde evleniyorum, 3 günlük evlilik iznimi kullanmak istiyorum.",Hizmet Talebi (Service Request),İnsan Kaynakları,İzin Yönetimi,Evlilik İzni Talebi,Orta,"{'cozum_basligi': 'Evlilik izni tanımlama süreci', 'adimlar': ['Adım 1: Evlilik tarihi ve evlilik cüzdanı bilgisi talep edilir.', 'Adım 2: İş kanunu kapsamındaki 3 günlük evlilik izni sisteme tanımlanır.', 'Adım 3: Yönetici onayı sonrası izin takvime işlenir.'], 'self_service_uygun_mu': False}","['ad_soyad', 'evlilik_tarihi', 'izin_baslangic_tarihi']",Evlilik tarihiniz nedir ve izninizi ne zaman kullanmak istiyorsunuz?
T-4271,"Ekran paylaşımı sürekli kopuyor toplantı sırasında, çok can sıkıcı bir durum oldu. Bu konuda epeydir mağdurum, lütfen hızlı dönüş yapar mısınız?",Arıza (Incident),İdari İşler,Ofis Ekipmanı,Toplantı Odası Ekipman Arızası (ClickShare/Projeksiyon),Orta,"{'cozum_basligi': 'Toplantı odası ekran/görüntü aktarım arızası giderme', 'adimlar': ['Adım 1: ClickShare/HDMI kablosu ve cihazın güç bağlantısı kontrol edilir.', 'Adım 2: Ekran/projeksiyon cihazı yeniden başlatılır, giriş kaynağı kontrol edilir.', 'Adım 3: Sorun devam ederse toplantı öncesi acil teknik destek için ticket açılır.'], 'self_service_uygun_mu': True}","['oda_adi', 'ekipman_turu', 'toplanti_saati']",ClickShare mi yoksa HDMI/projeksiyon bağlantısında mı sorun yaşıyorsunuz?
T-4272,"Yeni laptopuma VPN kurulumu yapılmadı, dışardan sisteme bağlanamıyorum.",Arıza (Incident),Bilgi Teknolojileri,Ağ/Network,VPN Erişim Sorunu,Orta,"{'cozum_basligi': 'VPN bağlantı sorunu çözümü', 'adimlar': ['Adım 1: VPN istemcisi güncel mi kontrol edilir, kullanıcı adı/şifre doğrulanır.', 'Adım 2: İnternet bağlantısı ve güvenlik duvarı ayarları kontrol edilir, istemci yeniden başlatılır.', 'Adım 3: Erişim devam etmiyorsa VPN sertifikası/erişim yetkisi için ticket açılır.'], 'self_service_uygun_mu': True}","['kullanici_adi', 'baglanti_lokasyonu', 'vpn_istemci_versiyonu']",VPN'e hiç bağlanamıyor musunuz yoksa bağlanıp kısa süre sonra mı düşüyorsunuz? Bir hata mesajı görüyor musunuz?
T-4273,"Çok acil, Yurtdışı seyahatim için avans almam gerekiyor, ne kadar süre alır onay? Bu konuda epeydir mağdurum, lütfen hızlı dönüş yapar mısınız?",Hizmet Talebi (Service Request),Finans,Masraf & Ödeme,Avans Talebi,Orta,"{'cozum_basligi': 'Avans talebi işleme süreci', 'adimlar': ['Adım 1: Avans talebi tutarı ve gerekçesi (seyahat/proje) kaydedilir.', 'Adım 2: Yönetici ve finans onayına gönderilir.', 'Adım 3: Onay sonrası avans, belirtilen banka hesabına aktarılır.'], 'self_service_uygun_mu': False}","['ad_soyad', 'tutar', 'gerekce', 'seyahat_tarihi']",Avans hangi seyahat/proje için ve ne kadar tutar için gerekiyor?
T-4274,"Babam vefat etti, mazeret iznine ihtiyacım var acilen.",Hizmet Talebi (Service Request),İnsan Kaynakları,İzin Yönetimi,Vefat/Mazeret İzni Talebi,Orta,"{'cozum_basligi': 'Vefat/mazeret izni tanımlama süreci', 'adimlar': ['Adım 1: Yakınlık derecesi ve vefat tarihi bilgisi alınır (mümkünse belge sonradan tamamlanabilir).', 'Adım 2: Yasal mazeret izni (1. derece yakın için 3 gün) sisteme derhal tanımlanır.', 'Adım 3: Yönetici bilgilendirilir, çalışanın dönüş tarihi takip edilir.'], 'self_service_uygun_mu': False}","['ad_soyad', 'yakinlik_derecesi', 'izin_baslangic_tarihi']","Başsağlığı dileriz, yakınlık dereceniz nedir ve izninizin ne zaman başlamasını istersiniz?"
T-4275,"Çok acil, Sunucu cevap vermiyor sistem tamamen durdu acil mudahale lazim",Arıza (Incident),Bilgi Teknolojileri,Sunucu/Sistem,Sunucu/Servis Kesintisi,Yüksek,"{'cozum_basligi': 'Sunucu/servis kesintisi acil müdahale', 'adimlar': ['Adım 1: Sunucu/servis durumu izleme panelinden kontrol edilir, etkilenen servisler belirlenir.', 'Adım 2: Sunucu ekibi tarafından servis yeniden başlatılır veya yük devretme (failover) uygulanır.', 'Adım 3: Kök neden analizi için kritik öncelikli ticket açılır ve ilgili birimlere bilgi verilir.'], 'self_service_uygun_mu': False}","['sunucu_adi', 'hata_kodu', 'etki_alani']",Bu kesinti tüm şirketi mi yoksa belirli bir departmanı mı etkiliyor?
T-4276,"Yarin saat 14:0'te bir musteri ziyaretimiz var, giris izni gerekiyor.",Hizmet Talebi (Service Request),İdari İşler,Güvenlik & Ulaşım,Ziyaretçi Giriş Talebi,Orta,"{'cozum_basligi': 'Ziyaretçi giriş kaydı oluşturma', 'adimlar': ['Adım 1: Ziyaretçi bilgileri (ad soyad, TC/kimlik, ziyaret amacı) alınır.', 'Adım 2: Güvenlik birimine ziyaret tarihi ve saati bildirilir.', 'Adım 3: Ziyaretçi giriş gününde resepsiyonda kayıt yapılıp kartı teslim edilir.'], 'self_service_uygun_mu': False}","['ziyaretci_ad_soyad', 'ziyaret_tarihi_saati', 'ziyaret_edilen_kisi']","Ziyaretçinin adı, ziyaret tarihi/saati ve kimi ziyaret edeceği bilgisini alabilir miyim?"
T-4277,"Rica etsem acil Yusuf Yılmaz - geçen hafta evlendim, vergi indirimi için evlilik cüzdanımı ileteyim mi? Gerçekten çok sıkıntı oluyor, bir an önce ilgilenirseniz sevinirim.",Hizmet Talebi (Service Request),İnsan Kaynakları,Bordro & Özlük,Evlilik Bildirimi,Orta,"{'cozum_basligi': 'Evlilik durum değişikliği kayıt süreci', 'adimlar': ['Adım 1: Evlilik cüzdanı fotokopisi/belgesi çalışandan talep edilir.', 'Adım 2: Medeni hal ve varsa soyadı bilgisi İK sisteminde güncellenir.', 'Adım 3: Vergi matrahı, SGK ve varsa özel sağlık sigortası kayıtları güncellenmesi için ilgili birimlere bilgi verilir.'], 'self_service_uygun_mu': False}","['ad_soyad', 'yeni_medeni_hal', 'es_bilgisi']","Evlilik tarihinizi ve evlilik cüzdanı belgesini paylaşabilir misiniz, medeni hal güncellemesi için gerekiyor?"
T-4278,"Kadıköy ofis'daki elektrik panosundan ses geliyor, biraz endişe verici.",Arıza (Incident),İdari İşler,Bina/Tesis Bakım,Elektrik/Aydınlatma Arızası,Orta,"{'cozum_basligi': 'Elektrik/aydınlatma arıza giderme', 'adimlar': ['Adım 1: Sigorta atmış mı, ampul/armatür arızalı mı kontrol edilir.', 'Adım 2: Bina teknik ekibi lokasyona yönlendirilir.', 'Adım 3: Kalıcı çözüm için gerekiyorsa dış elektrik servisi çağrılır.'], 'self_service_uygun_mu': False}","['ofis_lokasyon', 'ariza_tanimi', 'aciliyet_durumu']",Sorun tüm katta mı yoksa belirli bir bölgede/masada mı yaşanıyor?
T-4279,Mehmet Kurt - fatura EUR olarak kesildi ama TL'ye çevrilirken güncel kur kullanılmamış sanırım.,Arıza (Incident),Finans,Masraf & Ödeme,Döviz Kuru Farkı/Uyumsuzluğu,Orta,"{'cozum_basligi': 'Döviz kuru farkı/uyumsuzluğu inceleme süreci', 'adimlar': ['Adım 1: Harcama tarihindeki resmi TCMB kuru ile sistemde kullanılan kur karşılaştırılır.', 'Adım 2: Fark tespit edilirse hangi kur kaynağının kullanıldığı muhasebe ile teyit edilir.', 'Adım 3: Hatalı hesaplama varsa düzeltme kaydı oluşturulur ve fark tazmin edilir.'], 'self_service_uygun_mu': False}","['ad_soyad', 'harcama_tarihi', 'doviz_tutar', 'kullanilan_kur']","Harcamanızın tarihini ve hangi döviz cinsinden olduğunu paylaşabilir misiniz, hangi kur baz alınmış görüyorsunuz?"
T-4280,"Dogum yaptim, sut iznimi nasil kullanabilirim calisma saatlerime nasil yansir?",Hizmet Talebi (Service Request),İnsan Kaynakları,İzin Yönetimi,Süt İzni Talebi,Orta,"{'cozum_basligi': 'Süt izni düzenleme süreci', 'adimlar': ['Adım 1: Doğum tarihi teyit edilerek yasal süt izni hakkı (ilk 6 ay günde 1,5 saat) hesaplanır.', 'Adım 2: Çalışma saatlerine nasıl entegre edileceği (sabah/akşam/tek seferde) belirlenir.', 'Adım 3: Yönetici bilgilendirilir ve süt izni takvime/çalışma planına işlenir.'], 'self_service_uygun_mu': False}","['ad_soyad', 'dogum_tarihi', 'tercih_edilen_saat']","Süt izninizi günün hangi saatinde kullanmak istersiniz, sabah mı akşam mı?"
T-4281,"Levent plaza 12. kat'daki dolap kapağı kırık, yenisi gerekiyor.",Hizmet Talebi (Service Request),İdari İşler,Satınalma/Malzeme,Ofis Mobilya Değişimi,Düşük,"{'cozum_basligi': 'Ofis mobilyası değişim süreci', 'adimlar': ['Adım 1: Mevcut mobilyanın durumu değerlendirilir ve değişim gerekçesi kaydedilir.', 'Adım 2: Bütçe/onay süreci tamamlandıktan sonra satınalma talebi açılır.', 'Adım 3: Yeni mobilya teslim alınıp kurulumu yapılır, eski mobilya değişim için alınır.'], 'self_service_uygun_mu': False}","['mobilya_turu', 'ofis_lokasyon', 'degisim_gerekcesi']",Hangi mobilyanın değişmesini istiyorsunuz ve mevcut olanın sorunu nedir?
T-4282,"SGK işe giriş evrakımı alabilir miyim, isşizlik maaşı için gerekiyor eski işimden.",Hizmet Talebi (Service Request),İnsan Kaynakları,Bordro & Özlük,SGK Giriş/Çıkış Evrakı Talebi,Düşük,"{'cozum_basligi': 'SGK giriş/çıkış evrakı düzenleme', 'adimlar': ['Adım 1: Talep edilen belgenin türü (işe giriş bildirgesi/işten ayrılış bildirgesi) teyit edilir.', 'Adım 2: SGK e-Bildirge sisteminden ilgili belge sorgulanır ve çıktısı alınır.', 'Adım 3: Belge onaylanıp çalışana e-posta veya elden iletilir.'], 'self_service_uygun_mu': False}","['ad_soyad', 'sicil_no', 'belge_turu', 'kullanim_amaci']","İşe giriş bildirgesi mi yoksa işten ayrılış bildirgesi mi gerekiyor, hangi amaçla kullanılacak?"
T-4283,"Kaan Doğan - evlilik iznim için gerekli evrak nedir, nikah tarihimiz 14 Mayıs.",Hizmet Talebi (Service Request),İnsan Kaynakları,İzin Yönetimi,Evlilik İzni Talebi,Düşük,"{'cozum_basligi': 'Evlilik izni tanımlama süreci', 'adimlar': ['Adım 1: Evlilik tarihi ve evlilik cüzdanı bilgisi talep edilir.', 'Adım 2: İş kanunu kapsamındaki 3 günlük evlilik izni sisteme tanımlanır.', 'Adım 3: Yönetici onayı sonrası izin takvime işlenir.'], 'self_service_uygun_mu': False}","['ad_soyad', 'evlilik_tarihi', 'izin_baslangic_tarihi']",Evlilik tarihiniz nedir ve izninizi ne zaman kullanmak istiyorsunuz?
T-4284,"Çok acil, Asansor cok yavas calisiyor, bazen katta duruup acilmiyor. Bu konuda epeydir mağdurum, lütfen hızlı dönüş yapar mısınız?",Hizmet Talebi (Service Request),İdari İşler,Bina/Tesis Bakım,Bina İçi Teknik Bakım Talebi,Orta,"{'cozum_basligi': 'Genel bina içi teknik bakım süreci', 'adimlar': ['Adım 1: Talep bina teknik bakım ekibine iletilir ve önceliklendirilir.', 'Adım 2: Uygun teknisyen belirlenen lokasyona yönlendirilir.', 'Adım 3: Bakım/onarım tamamlandıktan sonra talep sahibine bilgi verilir.'], 'self_service_uygun_mu': False}","['ofis_lokasyon', 'sorun_tanimi', 'uygun_zaman_araligi']","Sorun tam olarak nedir ve hangi alanda (kapı, su tesisatı, asansör vb.) yaşanıyor?"
T-4285,"Monitörüm hiç açılmıyor, Ankara ofisi masamda. Bunun yanında Bir de mouse'um da bazen donuyor",Arıza (Incident),Bilgi Teknolojileri,Donanım,Monitör/Çevre Birimi Arızası,Orta,"{'cozum_basligi': 'Monitör/çevre birimi arıza tespiti', 'adimlar': ['Adım 1: Kablo bağlantıları (HDMI/VGA/güç) ve monitör güç düğmesi kontrol edilir.', 'Adım 2: Farklı bir kablo veya port ile test yapılır.', 'Adım 3: Arıza devam ediyorsa cihaz değişimi için IT saha ekibine ticket açılır.'], 'self_service_uygun_mu': True}","['cihaz_turu', 'kullanici_adi', 'ofis_lokasyon']",Ekranda hiç görüntü mü yok yoksa titreme/renk bozukluğu mu var?
T-4286,"Otel faturamı kaybettim, otel tekrar gönderebilir mi yoksa beyan mı yapmam lazm?",Hizmet Talebi (Service Request),Finans,Masraf & Ödeme,Harcama Fişi Kayıp Beyanı,Orta,"{'cozum_basligi': 'Kayıp harcama fişi beyan ve alternatif belge süreci', 'adimlar': ['Adım 1: Kayıp fiş beyan formu doldurulur, harcama tutarı ve tarihi beyan edilir.', 'Adım 2: Mümkünse kredi kartı ekstresi/dekont gibi alternatif kanıt belgesi talep edilir.', 'Adım 3: Finans ekibi beyanı değerlendirip onaylarsa masraf formu istisnai olarak işleme alınır.'], 'self_service_uygun_mu': False}","['ad_soyad', 'harcama_tutari', 'harcama_tarihi', 'kayip_beyani_gerekcesi']",Fişi kaybettiğinize göre elinizde kredi kartı ekstresi gibi tutarı doğrulayacak başka bir belge var mı?
T-4287,Harcama formu onaya dustu ama 5 gundur kimse onaylamadi,Hizmet Talebi (Service Request),Finans,Masraf & Ödeme,Masraf/Harcama Formu Onayı,Düşük,"{'cozum_basligi': 'Masraf/harcama formu onay süreci takibi', 'adimlar': ['Adım 1: Formun onay akışındaki mevcut adımı (yönetici/finans) sistemden kontrol edilir.', 'Adım 2: Bekleyen onaycıya hatırlatma bildirimi gönderilir.', 'Adım 3: Onay gecikmesi devam ederse finans ekibi manuel müdahale için ticket açar.'], 'self_service_uygun_mu': True}","['ad_soyad', 'harcama_tarihi', 'tutar']",Formun numarasını veya harcama tutarını paylaşabilir misiniz?
T-4288,Yazici acilmiyor fisi takim yine olmadi,Arıza (Incident),İdari İşler,Ofis Ekipmanı,Yazıcı/Fotokopi Arıza Bildirimi,Orta,"{'cozum_basligi': 'Yazıcı/fotokopi arıza giderme', 'adimlar': ['Adım 1: Kağıt sıkışması, kapak açık kalması gibi görünür arızalar kontrol edilir.', 'Adım 2: Cihaz yeniden başlatılır ve sürücü/bağlantı ayarları kontrol edilir.', 'Adım 3: Sorun devam ederse teknik servis çağrısı için ticket açılır.'], 'self_service_uygun_mu': True}","['yazici_lokasyon', 'hata_kodu']",Hangi kattaki/lokasyondaki yazıcıdan bahsediyorsunuz?
T-4289,Nihan Demir - ailevi bir durum nedeniyle 2 haftalık ücretsiz izin talep ediyorum.,Hizmet Talebi (Service Request),İnsan Kaynakları,İzin Yönetimi,Ücretsiz İzin Talebi,Düşük,"{'cozum_basligi': 'Ücretsiz izin talebi değerlendirme süreci', 'adimlar': ['Adım 1: Talep gerekçesi ve süresi ile birlikte kaydedilir.', 'Adım 2: Yönetici ve İK onayına gönderilir, SGK bildirimi gerekliliği kontrol edilir.', 'Adım 3: Onaylanması halinde ücretsiz izin süresi bordro ve SGK sistemine işlenir.'], 'self_service_uygun_mu': False}","['ad_soyad', 'talep_suresi', 'gerekce']",Ne kadar süreyle ücretsiz izin kullanmak istiyorsunuz ve gerekçeniz nedir?
T-4290,"3 günlük istirahat raporum var, nasıl iletmem gerekiyor sisteme?",Hizmet Talebi (Service Request),İnsan Kaynakları,İzin Yönetimi,Sağlık Raporu/İstirahat Bildirimi,Düşük,"{'cozum_basligi': 'Sağlık raporu/istirahat bildirimi işleme süreci', 'adimlar': [""Adım 1: Rapor e-Nabız/hastane sisteminden veya elden İK'ya iletilir."", 'Adım 2: Rapor süresi SGK sistemine ve bordroya işlenir.', 'Adım 3: Yöneticiye çalışanın izinli/raporlu olduğu bilgisi iletilir.'], 'self_service_uygun_mu': True}","['ad_soyad', 'rapor_baslangic_bitis_tarihi', 'rapor_belgesi']",Raporunuz kaç gün ve e-Nabız üzerinden mi yoksa elden mi ileteceksiniz?
T-4291,"Acilen 3. kat yazıcısı çıktı almıyor, ekranda hata kodu var. Gerçekten çok sıkıntı oluyor, bir an önce ilgilenirseniz sevinirim.",Arıza (Incident),İdari İşler,Ofis Ekipmanı,Yazıcı/Fotokopi Arıza Bildirimi,Yüksek,"{'cozum_basligi': 'Yazıcı/fotokopi arıza giderme', 'adimlar': ['Adım 1: Kağıt sıkışması, kapak açık kalması gibi görünür arızalar kontrol edilir.', 'Adım 2: Cihaz yeniden başlatılır ve sürücü/bağlantı ayarları kontrol edilir.', 'Adım 3: Sorun devam ederse teknik servis çağrısı için ticket açılır.'], 'self_service_uygun_mu': True}","['yazici_lokasyon', 'yazici_marka_model', 'ariza_tanimi']","Yazıcı hiç çalışmıyor mu, kağıt mı sıkıştı yoksa çıktı kalitesi mi kötü?"
T-4292,"Çok acil, Tuvaletteki aydınlatma tamamen söndü, acil bakılması lazım. Teşekkür ederim şimdiden.",Arıza (Incident),İdari İşler,Bina/Tesis Bakım,Elektrik/Aydınlatma Arızası,Orta,"{'cozum_basligi': 'Elektrik/aydınlatma arıza giderme', 'adimlar': ['Adım 1: Sigorta atmış mı, ampul/armatür arızalı mı kontrol edilir.', 'Adım 2: Bina teknik ekibi lokasyona yönlendirilir.', 'Adım 3: Kalıcı çözüm için gerekiyorsa dış elektrik servisi çağrılır.'], 'self_service_uygun_mu': False}","['ofis_lokasyon', 'ariza_tanimi', 'aciliyet_durumu']",Sorun tüm katta mı yoksa belirli bir bölgede/masada mı yaşanıyor?
T-4293,Sifre sifirlama lazim Barış Öztürk,Arıza (Incident),Bilgi Teknolojileri,Güvenlik ve Erişim,Şifre Sıfırlama,Yüksek,"{'cozum_basligi': 'Şifre sıfırlama işlemi', 'adimlar': ['Adım 1: Kimlik doğrulama (çalışan sicil no / kayıtlı e-posta) yapılır.', 'Adım 2: Self servis şifre sıfırlama portalı üzerinden geçici şifre oluşturulur.', 'Adım 3: Portal üzerinden çözülemiyorsa IT güvenlik ekibi manuel sıfırlama için ticket açar.'], 'self_service_uygun_mu': True}","['kullanici_adi', 'sicil_no', 'sistem_adi']","Hangi sistemin şifresini sıfırlamamız gerekiyor: e-posta, bilgisayar girişi yoksa başka bir uygulama mı?"
T-4294,"Acilen Masraf formumu doldurdum ama sistemde hala taslak görünüyor, gönderemedim. İşlerim çok aksıyor, acil çözüm bekliyorum.",Hizmet Talebi (Service Request),Finans,Masraf & Ödeme,Masraf/Harcama Formu Onayı,Orta,"{'cozum_basligi': 'Masraf/harcama formu onay süreci takibi', 'adimlar': ['Adım 1: Formun onay akışındaki mevcut adımı (yönetici/finans) sistemden kontrol edilir.', 'Adım 2: Bekleyen onaycıya hatırlatma bildirimi gönderilir.', 'Adım 3: Onay gecikmesi devam ederse finans ekibi manuel müdahale için ticket açar.'], 'self_service_uygun_mu': True}","['ad_soyad', 'harcama_tarihi', 'tutar']",Formun numarasını veya harcama tutarını paylaşabilir misiniz?
T-4295,Kart limiti artirimi istiyorum proje harcamalari icin yetersiz kaliyor,Hizmet Talebi (Service Request),Finans,Masraf & Ödeme,Kurumsal Kredi Kartı Limit Artırımı,Orta,"{'cozum_basligi': 'Kurumsal kredi kartı limit artırım süreci', 'adimlar': ['Adım 1: Mevcut limit, kullanım geçmişi ve talep gerekçesi kaydedilir.', 'Adım 2: Yönetici ve finans müdürü onayına gönderilir.', 'Adım 3: Onay sonrası banka ile limit artırım talebi iletilir ve süreç takip edilir.'], 'self_service_uygun_mu': False}","['ad_soyad', 'mevcut_limit', 'talep_edilen_limit', 'gerekce']","Mevcut kart limitiniz nedir ve ne kadar artış talep ediyorsunuz, gerekçeniz nedir?"
T-4296,"Dokunmatik ekranım artık dokunuşlara tepki vermiyor, 28 Eylül'den beri böyle. Hem de Bir de mouse'um da bazen donuyor",Arıza (Incident),Bilgi Teknolojileri,Donanım,Monitör/Çevre Birimi Arızası,Orta,"{'cozum_basligi': 'Monitör/çevre birimi arıza tespiti', 'adimlar': ['Adım 1: Kablo bağlantıları (HDMI/VGA/güç) ve monitör güç düğmesi kontrol edilir.', 'Adım 2: Farklı bir kablo veya port ile test yapılır.', 'Adım 3: Arıza devam ediyorsa cihaz değişimi için IT saha ekibine ticket açılır.'], 'self_service_uygun_mu': True}","['cihaz_turu', 'ofis_lokasyon', 'seri_no']",Ekranda hiç görüntü mü yok yoksa titreme/renk bozukluğu mu var?
T-4297,Gökhan Demir - yurtdışı proje nedeniyle kart limitimin geçici olarak artırılmasını rica ederim.,Hizmet Talebi (Service Request),Finans,Masraf & Ödeme,Kurumsal Kredi Kartı Limit Artırımı,Orta,"{'cozum_basligi': 'Kurumsal kredi kartı limit artırım süreci', 'adimlar': ['Adım 1: Mevcut limit, kullanım geçmişi ve talep gerekçesi kaydedilir.', 'Adım 2: Yönetici ve finans müdürü onayına gönderilir.', 'Adım 3: Onay sonrası banka ile limit artırım talebi iletilir ve süreç takip edilir.'], 'self_service_uygun_mu': False}","['ad_soyad', 'mevcut_limit', 'talep_edilen_limit', 'gerekce']","Mevcut kart limitiniz nedir ve ne kadar artış talep ediyorsunuz, gerekçeniz nedir?"
T-4298,Resepsiyona kargo geldi mi acaba bilgi alabilir miyim Ebru Aslan adına?,Hizmet Talebi (Service Request),İdari İşler,Satınalma/Malzeme,Kargo/Kurye Teslimat Takibi,Düşük,"{'cozum_basligi': 'Kargo/kurye teslimat takibi', 'adimlar': ['Adım 1: Kargo takip numarası ve gönderici bilgisi ile kargo firması sistemi kontrol edilir.', 'Adım 2: Resepsiyon/depo teslim kaydı kontrol edilerek paketin durumu netleştirilir.', 'Adım 3: Paket bulunamıyorsa kargo firmasına resmi kayıp/gecikme bildirimi açılır.'], 'self_service_uygun_mu': True}","['gonderici_bilgisi', 'teslimat_lokasyonu']",Kargonuzun takip numarası var mı ve hangi firmadan gönderildi?
T-4299,"Ekip büyüdü, Üretim için 2 yeni ekipman seti (bilgisayar+monitör) talep ediyoruz.",Hizmet Talebi (Service Request),Bilgi Teknolojileri,Donanım,Yeni Ekipman Kurulumu,Orta,"{'cozum_basligi': 'Yeni donanım ekipmanı kurulum süreci', 'adimlar': ['Adım 1: Talep, envanter ve bütçe onayı için yöneticiye/IT sorumlusuna iletilir.', 'Adım 2: Uygun ekipman depo stoğundan veya satın alma sürecinden temin edilir.', 'Adım 3: Kurulum IT saha ekibi tarafından belirlenen tarihte yerinde gerçekleştirilir.'], 'self_service_uygun_mu': False}","['ekipman_turu', 'departman', 'teslim_tarihi']",Yeni işe başlayan biri için mi yoksa mevcut ekipmanın değişimi için mi bu talep?
T-4300,Rica etsem acil Internetim kopuyor surekli video konferans yaparken cok rahatsiz edici Teşekkür ederim şimdiden.,Arıza (Incident),Bilgi Teknolojileri,Ağ/Network,İnternet Bağlantı Sorunu,Yüksek,"{'cozum_basligi': 'İnternet bağlantı arızası ilk müdahale', 'adimlar': ['Adım 1: Modem/router yeniden başlatılır, kablo bağlantıları kontrol edilir.', 'Adım 2: Farklı bir cihaz veya prizden bağlantı test edilir.', 'Adım 3: Sorun devam ederse altyapı ekibine ticket açılır ve etkilenen kişi sayısı raporlanır.'], 'self_service_uygun_mu': True}","['ofis_lokasyon', 'internet_saglayici_bilgisi']",Kaç kişiyi etkiliyor bu sorun ve hangi lokasyondasınız?
T-4301,"Yusuf bilgisayarım açılmıyor, Çağrı merkezi katı ofisindeyim.",Arıza (Incident),Bilgi Teknolojileri,Donanım,Bilgisayar Arıza/Onarım,Yüksek,"{'cozum_basligi': 'Bilgisayar donanım arızası ilk müdahale', 'adimlar': ['Adım 1: Cihaz kapatılıp yeniden başlatılır, güç kablosu ve bağlantılar kontrol edilir.', 'Adım 2: Uzaktan tanı aracıyla donanım sağlık testi çalıştırılır.', 'Adım 3: Sorun devam ederse yerinde teknik destek için ticket açılır ve teknisyen yönlendirilir.'], 'self_service_uygun_mu': True}","['cihaz_seri_no', 'kullanici_adi', 'ofis_lokasyon', 'ariza_baslangic_zamani']","Cihazınız hiç açılmıyor mu yoksa açılıp kapanıyor mu, ayrıca cihazın seri numarasını paylaşabilir misiniz?"
T-4302,"Kartım hacrama sırasında reddedildi, limit dolmuş olabilir, kontrol eder misiniz?",Hizmet Talebi (Service Request),Finans,Masraf & Ödeme,Kurumsal Kredi Kartı Limit Artırımı,Orta,"{'cozum_basligi': 'Kurumsal kredi kartı limit artırım süreci', 'adimlar': ['Adım 1: Mevcut limit, kullanım geçmişi ve talep gerekçesi kaydedilir.', 'Adım 2: Yönetici ve finans müdürü onayına gönderilir.', 'Adım 3: Onay sonrası banka ile limit artırım talebi iletilir ve süreç takip edilir.'], 'self_service_uygun_mu': False}","['ad_soyad', 'mevcut_limit', 'talep_edilen_limit', 'gerekce']","Mevcut kart limitiniz nedir ve ne kadar artış talep ediyorsunuz, gerekçeniz nedir?"
T-4303,Ofis çok sıcak klima çalışmıyor Kayseri fabrika ofisi,Arıza (Incident),İdari İşler,Bina/Tesis Bakım,Klima/Isıtma Arızası,Yüksek,"{'cozum_basligi': 'Klima/ısıtma sistemi arıza giderme', 'adimlar': ['Adım 1: Termostat ayarları ve cihazın açık olup olmadığı kontrol edilir.', 'Adım 2: Bina teknik ekibi filtre/gaz durumunu yerinde kontrol eder.', 'Adım 3: Kalıcı arıza tespit edilirse bakım/onarım için dış servis çağrılır.'], 'self_service_uygun_mu': False}","['ofis_lokasyon', 'cihaz_konumu', 'sorun_tanimi']","Klima hiç çalışmıyor mu yoksa soğutmuyor/ısıtmıyor mu, hangi bölgedesiniz?"
T-4304,"Sibel Yıldız - giriş krtımı bulamıyorum, evi de aradım yok.",Hizmet Talebi (Service Request),İdari İşler,Güvenlik & Ulaşım,Kayıp Giriş Kartı,Yüksek,"{'cozum_basligi': 'Kayıp giriş kartı iptal ve yeniden basım süreci', 'adimlar': ['Adım 1: Kayıp kart derhal sistem üzerinden iptal edilir, güvenlik riski önlenir.', 'Adım 2: Kimlik doğrulaması sonrası yeni kart basım talebi oluşturulur.', 'Adım 3: Yeni kart resepsiyon/güvenlik biriminden teslim alınır.'], 'self_service_uygun_mu': False}","['ad_soyad', 'sicil_no', 'kayip_tarihi']","Kartınızı en son ne zaman ve nerede kullandığınızı hatırlıyor musunuz, kaybolduğunu mu düşünüyorsunuz?"
T-4305,Onay akisinda yoneticim gorunmuyor bos geliyor secim ekrani,Hizmet Talebi (Service Request),Finans,Masraf & Ödeme,Onay Akışında Yönetici Görünmüyor Sorunu,Orta,"{'cozum_basligi': 'Onay akışı yönetici ataması düzeltme süreci', 'adimlar': ['Adım 1: Organizasyon şemasında çalışanın tanımlı yöneticisi sistemden kontrol edilir.', 'Adım 2: Yönetici ayrılmış/değişmiş ise onay akışı güncel yöneticiye yeniden atanır.', 'Adım 3: Bekleyen tüm formlar yeni onay akışına manuel olarak yönlendirilir.'], 'self_service_uygun_mu': False}","['ad_soyad', 'form_no', 'eski_yonetici', 'yeni_yonetici']",Onay akışında hangi form takılı kaldı ve eski yöneticiniz mi hâlâ sistemde görünüyor?
T-4306,Lütfen acil 3.158 TL tutarındaki harcama formum 2 gündür beklemede.,Hizmet Talebi (Service Request),Finans,Masraf & Ödeme,Masraf/Harcama Formu Onayı,Orta,"{'cozum_basligi': 'Masraf/harcama formu onay süreci takibi', 'adimlar': ['Adım 1: Formun onay akışındaki mevcut adımı (yönetici/finans) sistemden kontrol edilir.', 'Adım 2: Bekleyen onaycıya hatırlatma bildirimi gönderilir.', 'Adım 3: Onay gecikmesi devam ederse finans ekibi manuel müdahale için ticket açar.'], 'self_service_uygun_mu': True}","['form_no', 'tutar', 'onay_bekleyen_kisi']",Form kaç gündür bekliyor ve onay akışında şu an kimde bekliyor biliyor musunuz?
T-4307,"Rica etsem acil Ekip büyüdü, Hukuk için 2 yeni ekipman seti (bilgisayar+monitör) talep ediyoruz. İşlerim çok aksıyor, acil çözüm bekliyorum.",Hizmet Talebi (Service Request),Bilgi Teknolojileri,Donanım,Yeni Ekipman Kurulumu,Düşük,"{'cozum_basligi': 'Yeni donanım ekipmanı kurulum süreci', 'adimlar': ['Adım 1: Talep, envanter ve bütçe onayı için yöneticiye/IT sorumlusuna iletilir.', 'Adım 2: Uygun ekipman depo stoğundan veya satın alma sürecinden temin edilir.', 'Adım 3: Kurulum IT saha ekibi tarafından belirlenen tarihte yerinde gerçekleştirilir.'], 'self_service_uygun_mu': False}","['ekipman_turu', 'kullanici_adi', 'ofis_lokasyon', 'talep_tarihi']","Hangi ekipmana ihtiyacınız var ve kimin için, hangi lokasyona kurulacak?"
T-4308,"Rica etsem acil Hesabım 3 kere yanlış deneme sonrası kilitlendi, açılması lazım acil. Teşekkür ederim şimdiden.",Hizmet Talebi (Service Request),Bilgi Teknolojileri,Güvenlik ve Erişim,Şifre Sıfırlama,Orta,"{'cozum_basligi': 'Şifre sıfırlama işlemi', 'adimlar': ['Adım 1: Kimlik doğrulama (çalışan sicil no / kayıtlı e-posta) yapılır.', 'Adım 2: Self servis şifre sıfırlama portalı üzerinden geçici şifre oluşturulur.', 'Adım 3: Portal üzerinden çözülemiyorsa IT güvenlik ekibi manuel sıfırlama için ticket açar.'], 'self_service_uygun_mu': True}","['kullanici_adi', 'sicil_no', 'sistem_adi']",Şifrenizi mi unuttunuz yoksa hesabınız mı kilitlendi?
T-4309,"Acilen SGK işe giriş evrakımı alabilir miyim, işsizlik maaşı için gerekiyor eski işimden. Teşekkür ederim şimdiden.",Hizmet Talebi (Service Request),İnsan Kaynakları,Bordro & Özlük,SGK Giriş/Çıkış Evrakı Talebi,Yüksek,"{'cozum_basligi': 'SGK giriş/çıkış evrakı düzenleme', 'adimlar': ['Adım 1: Talep edilen belgenin türü (işe giriş bildirgesi/işten ayrılış bildirgesi) teyit edilir.', 'Adım 2: SGK e-Bildirge sisteminden ilgili belge sorgulanır ve çıktısı alınır.', 'Adım 3: Belge onaylanıp çalışana e-posta veya elden iletilir.'], 'self_service_uygun_mu': False}","['ad_soyad', 'sicil_no', 'belge_turu', 'kullanim_amaci']","İşe giriş bildirgesi mi yoksa işten ayrılış bildirgesi mi gerekiyor, hangi amaçla kullanılacak?"
T-4310,"Acilen Excel'de formüller birden hatalı sonuç vermeye başladı, dosya bozuldu galiba. İşlerim çok aksıyor, acil çözüm bekliyorum.",Arıza (Incident),Bilgi Teknolojileri,Yazılım,Uygulama Hatası (Outlook/Teams/Excel vb.),Yüksek,"{'cozum_basligi': 'Uygulama hatası giderme', 'adimlar': ['Adım 1: Uygulama tamamen kapatılıp yeniden açılır, gerekirse bilgisayar yeniden başlatılır.', 'Adım 2: Uygulama güncellemesi kontrol edilir ve önbellek/geçici dosyalar temizlenir.', 'Adım 3: Hata devam ederse ekran görüntüsüyle birlikte yazılım destek ekibine ticket açılır.'], 'self_service_uygun_mu': True}","['uygulama_adi', 'isletim_sistemi', 'hata_ekran_goruntusu']","Hangi uygulamada ve tam olarak ne zaman bu hatayı alıyorsunuz, ekran görüntüsü paylaşabilir misiniz?"
T-4311,"Nihan Çetin - maaş bordrosu ve çalışma belgesi ihtiyacım var, ev kirası için isteniyor.",Hizmet Talebi (Service Request),İnsan Kaynakları,Bordro & Özlük,Özlük/Çalışma Belgesi Talebi,Yüksek,"{'cozum_basligi': 'Özlük/çalışma belgesi düzenleme', 'adimlar': ['Adım 1: Talep edilen belge türü ve kullanım amacı teyit edilir.', 'Adım 2: İK sistemi üzerinden güncel çalışan bilgileriyle belge hazırlanır.', 'Adım 3: Belge imzalandıktan sonra çalışana e-posta veya elden teslim edilir.'], 'self_service_uygun_mu': True}","['ad_soyad', 'sicil_no', 'belge_turu', 'kullanim_amaci']","Hangi belgeye ihtiyacınız var (çalışma belgesi, hizmet dökümü vb.) ve hangi amaçla kullanılacak?"
T-4312,Uğur Kurt - yöneticim departman değiştirdi ama sistemde hâlâ eski yöneticim onaycı olarak görünüyor.,Arıza (Incident),Finans,Masraf & Ödeme,Onay Akışında Yönetici Görünmüyor Sorunu,Orta,"{'cozum_basligi': 'Onay akışı yönetici ataması düzeltme süreci', 'adimlar': ['Adım 1: Organizasyon şemasında çalışanın tanımlı yöneticisi sistemden kontrol edilir.', 'Adım 2: Yönetici ayrılmış/değişmiş ise onay akışı güncel yöneticiye yeniden atanır.', 'Adım 3: Bekleyen tüm formlar yeni onay akışına manuel olarak yönlendirilir.'], 'self_service_uygun_mu': False}","['ad_soyad', 'form_no', 'eski_yonetici', 'yeni_yonetici']",Onay akışında hangi form takılı kaldı ve eski yöneticiniz mi hâlâ sistemde görünüyor?
T-4313,"Rica etsem acil Toplantı odasındaki klima hiç soğutmuyor, çok bunaltıı oluyor uzun toplantılarda.",Arıza (Incident),İdari İşler,Bina/Tesis Bakım,Klima/Isıtma Arızası,Orta,"{'cozum_basligi': 'Klima/ısıtma sistemi arıza giderme', 'adimlar': ['Adım 1: Termostat ayarları ve cihazın açık olup olmadığı kontrol edilir.', 'Adım 2: Bina teknik ekibi filtre/gaz durumunu yerinde kontrol eder.', 'Adım 3: Kalıcı arıza tespit edilirse bakım/onarım için dış servis çağrılır.'], 'self_service_uygun_mu': False}","['ofis_lokasyon', 'cihaz_konumu', 'sorun_tanimi']","Klima hiç çalışmıyor mu yoksa soğutmuyor/ısıtmıyor mu, hangi bölgedesiniz?"
T-4314,"Nihan Çetin - prim ödemem bordroya yansımamış görünüyor, bakabilir misiniz?",Arıza (Incident),İnsan Kaynakları,Bordro & Özlük,Bordro/Maaş Bilgisi Talebi,Orta,"{'cozum_basligi': 'Bordro/maaş bilgisi inceleme süreci', 'adimlar': ['Adım 1: Çalışanın ilgili ay bordrosu bordro sisteminden çekilip incelenir.', 'Adım 2: Kesinti/ek ödeme kalemleri tek tek karşılaştırılır ve hata olup olmadığı tespit edilir.', 'Adım 3: Hata tespit edilirse düzeltme için bordro/muhasebe ekibine ticket açılır.'], 'self_service_uygun_mu': False}","['ad_soyad', 'donem', 'itiraz_konusu']",Maaşınızda eksik ödeme mi var yoksa fazla kesinti mi görüyorsunuz?
T-4315,"Acilen Evlilik sonrası soyadım değişti, kayıtların güncellenmesi gerekiyor. İşlerim çok aksıyor, acil çözüm bekliyorum.",Hizmet Talebi (Service Request),İnsan Kaynakları,Bordro & Özlük,Soyadı Değişikliği,Orta,"{'cozum_basligi': 'Soyadı değişikliği kayıt güncelleme süreci', 'adimlar': ['Adım 1: Nüfus cüzdanı/kimlik belgesinin güncel hali çalışandan talep edilir.', 'Adım 2: İK sistemi, bordro sistemi ve e-posta imzası gibi tüm kayıtlarda soyadı güncellenir.', 'Adım 3: Güncelleme tamamlandığında çalışana ve ilgili birimlere (IT, muhasebe) bilgi verilir.'], 'self_service_uygun_mu': False}","['ad_soyad', 'eski_soyad', 'yeni_kimlik_belgesi']","Yeni kimlik belgenizi paylaşabilir misiniz, hangi sistemlerde güncelleme yapmamızı istersiniz?"
T-4316,"İnternet bağlantım çok yavaş, sayfalar açılmıyor neredeyse hiç.",Arıza (Incident),Bilgi Teknolojileri,Ağ/Network,İnternet Bağlantı Sorunu,Yüksek,"{'cozum_basligi': 'İnternet bağlantı arızası ilk müdahale', 'adimlar': ['Adım 1: Modem/router yeniden başlatılır, kablo bağlantıları kontrol edilir.', 'Adım 2: Farklı bir cihaz veya prizden bağlantı test edilir.', 'Adım 3: Sorun devam ederse altyapı ekibine ticket açılır ve etkilenen kişi sayısı raporlanır.'], 'self_service_uygun_mu': True}","['ofis_lokasyon', 'internet_saglayici_bilgisi']",Kaç kişiyi etkiliyor bu sorun ve hangi lokasyondasınız?
T-4317,"Acilen Nihan Özdemir - servis durağımın değiştirilmesini talep ediyorum, ev taşındı.",Hizmet Talebi (Service Request),İdari İşler,Güvenlik & Ulaşım,Servis Güzergah Talebi,Orta,"{'cozum_basligi': 'Personel servis güzergahı düzenleme', 'adimlar': ['Adım 1: Talep edilen adres mevcut güzergahlara uygunluk açısından incelenir.', 'Adım 2: Ulaşım/idari işler ekibi güzergah planlamasını günceller.', 'Adım 3: Yeni güzergah bilgisi çalışana ve servis şoförüne iletilir.'], 'self_service_uygun_mu': False}","['ev_adresi', 'mevcut_hat_no', 'talep_turu']",Mevcut servis güzergahınızda mı değişiklik istiyorsunuz yoksa yeni bir durak mı ekleniyor?
T-4318,"Rica etsem acil Masam çok eski ve çizik, değişmesini istiyorum.",Hizmet Talebi (Service Request),İdari İşler,Satınalma/Malzeme,Ofis Mobilya Değişimi,Orta,"{'cozum_basligi': 'Ofis mobilyası değişim süreci', 'adimlar': ['Adım 1: Mevcut mobilyanın durumu değerlendirilir ve değişim gerekçesi kaydedilir.', 'Adım 2: Bütçe/onay süreci tamamlandıktan sonra satınalma talebi açılır.', 'Adım 3: Yeni mobilya teslim alınıp kurulumu yapılır, eski mobilya değişim için alınır.'], 'self_service_uygun_mu': False}","['mobilya_turu', 'ofis_lokasyon', 'degisim_gerekcesi']",Hangi mobilyanın değişmesini istiyorsunuz ve mevcut olanın sorunu nedir?
T-4319,Outlook mialleri gelmiyor son 2 saattir hicbir mail almadim,Hizmet Talebi (Service Request),Bilgi Teknolojileri,Yazılım,Uygulama Hatası (Outlook/Teams/Excel vb.),Orta,"{'cozum_basligi': 'Uygulama hatası giderme', 'adimlar': ['Adım 1: Uygulama tamamen kapatılıp yeniden açılır, gerekirse bilgisayar yeniden başlatılır.', 'Adım 2: Uygulama güncellemesi kontrol edilir ve önbellek/geçici dosyalar temizlenir.', 'Adım 3: Hata devam ederse ekran görüntüsüyle birlikte yazılım destek ekibine ticket açılır.'], 'self_service_uygun_mu': True}","['uygulama_adi', 'hata_mesaji', 'kullanici_adi']","Hangi uygulamada ve tam olarak ne zaman bu hatayı alıyorsunuz, ekran görüntüsü paylaşabilir misiniz?"
T-4320,"Lütfen acil Kaç gün izin hakkım kaldı acaba, bakabilir misiniz?",Hizmet Talebi (Service Request),İnsan Kaynakları,İzin Yönetimi,Yıllık İzin Talebi/Bakiye Sorgulama,Düşük,"{'cozum_basligi': 'Yıllık izin talebi/bakiye sorgulama süreci', 'adimlar': ['Adım 1: İK portalından güncel izin bakiyesi kontrol edilir.', 'Adım 2: Talep edilen tarih aralığı yöneticinin onayına gönderilir.', 'Adım 3: Onay sonrası izin sistemde işlenir ve bordroya yansıtılır.'], 'self_service_uygun_mu': True}","['ad_soyad', 'kalan_izin_sorgusu']","Hangi tarihler arasında izin kullanmak istiyorsunuz, yoksa sadece bakiye mi öğrenmek istiyorsunuz?"
T-4321,"Kurumsal kredi karti limitim yetmiyor, seyahatlerde surekli asim yapiyorum.",Hizmet Talebi (Service Request),Finans,Masraf & Ödeme,Kurumsal Kredi Kartı Limit Artırımı,Yüksek,"{'cozum_basligi': 'Kurumsal kredi kartı limit artırım süreci', 'adimlar': ['Adım 1: Mevcut limit, kullanım geçmişi ve talep gerekçesi kaydedilir.', 'Adım 2: Yönetici ve finans müdürü onayına gönderilir.', 'Adım 3: Onay sonrası banka ile limit artırım talebi iletilir ve süreç takip edilir.'], 'self_service_uygun_mu': False}","['ad_soyad', 'mevcut_limit', 'talep_edilen_limit', 'gerekce']","Mevcut kart limitiniz nedir ve ne kadar artış talep ediyorsunuz, gerekçeniz nedir?"
T-4322,"Çok acil, Masam çok eski ve çizik, değişmesini istiyorum.",Hizmet Talebi (Service Request),İdari İşler,Satınalma/Malzeme,Ofis Mobilya Değişimi,Orta,"{'cozum_basligi': 'Ofis mobilyası değişim süreci', 'adimlar': ['Adım 1: Mevcut mobilyanın durumu değerlendirilir ve değişim gerekçesi kaydedilir.', 'Adım 2: Bütçe/onay süreci tamamlandıktan sonra satınalma talebi açılır.', 'Adım 3: Yeni mobilya teslim alınıp kurulumu yapılır, eski mobilya değişim için alınır.'], 'self_service_uygun_mu': False}","['mobilya_turu', 'ofis_lokasyon', 'degisim_gerekcesi']",Hangi mobilyanın değişmesini istiyorsunuz ve mevcut olanın sorunu nedir?
T-4323,Yillik izin talebimi onaylatmam lazim aciliyeti var seyahat planim var,Hizmet Talebi (Service Request),İnsan Kaynakları,İzin Yönetimi,Yıllık İzin Talebi/Bakiye Sorgulama,Orta,"{'cozum_basligi': 'Yıllık izin talebi/bakiye sorgulama süreci', 'adimlar': ['Adım 1: İK portalından güncel izin bakiyesi kontrol edilir.', 'Adım 2: Talep edilen tarih aralığı yöneticinin onayına gönderilir.', 'Adım 3: Onay sonrası izin sistemde işlenir ve bordroya yansıtılır.'], 'self_service_uygun_mu': True}","['ad_soyad', 'kalan_izin_sorgusu']","Hangi tarihler arasında izin kullanmak istiyorsunuz, yoksa sadece bakiye mi öğrenmek istiyorsunuz?"
T-4324,"Rica etsem acil İnternet bağlantım çok yavaş, sayfalar açılmıyor neredeyse hiç.",Arıza (Incident),Bilgi Teknolojileri,Ağ/Network,İnternet Bağlantı Sorunu,Düşük,"{'cozum_basligi': 'İnternet bağlantı arızası ilk müdahale', 'adimlar': ['Adım 1: Modem/router yeniden başlatılır, kablo bağlantıları kontrol edilir.', 'Adım 2: Farklı bir cihaz veya prizden bağlantı test edilir.', 'Adım 3: Sorun devam ederse altyapı ekibine ticket açılır ve etkilenen kişi sayısı raporlanır.'], 'self_service_uygun_mu': True}","['ofis_lokasyon', 'internet_saglayici_bilgisi']","İnternet hiç mi yok yoksa çok mu yavaş, ayrıca sadece siz mi etkileniyorsunuz yoksa tüm kat mı?"
T-4325,"Acilen Ayşe Yıldız - Kartal Matbaacılık ile yıl sonu mutabakatı yapmamız gerekiyor, bakiyeler tutmuyor. İşlerim çok aksıyor, acil çözüm bekliyorum.",Hizmet Talebi (Service Request),Finans,Masraf & Ödeme,Tedarikçi IBAN/Vade Mutabakatı,Düşük,"{'cozum_basligi': 'Tedarikçi IBAN/vade mutabakat süreci', 'adimlar': ['Adım 1: Tedarikçinin sistemde kayıtlı IBAN ve vade koşulları kontrol edilir.', 'Adım 2: Tedarikçiden güncel IBAN/vade bilgisini teyit eden resmi yazı istenir.', 'Adım 3: Bilgiler güncellendikten sonra mutabakat formu karşılıklı imzalanarak kapatılır.'], 'self_service_uygun_mu': False}","['tedarikci_adi', 'mevcut_iban', 'yeni_iban_bilgisi']",Tedarikçinin IBAN bilgisi mi değişti yoksa vade koşullarında bir anlaşmazlık mı var?
T-4326,"Rica etsem acil SAP şifremi unuttum, sıfırlama linki de gelmiyor mailime. Teşekkür ederim şimdiden.",Hizmet Talebi (Service Request),Bilgi Teknolojileri,Güvenlik ve Erişim,Şifre Sıfırlama,Orta,"{'cozum_basligi': 'Şifre sıfırlama işlemi', 'adimlar': ['Adım 1: Kimlik doğrulama (çalışan sicil no / kayıtlı e-posta) yapılır.', 'Adım 2: Self servis şifre sıfırlama portalı üzerinden geçici şifre oluşturulur.', 'Adım 3: Portal üzerinden çözülemiyorsa IT güvenlik ekibi manuel sıfırlama için ticket açar.'], 'self_service_uygun_mu': True}","['kullanici_adi', 'kayitli_email']","Hangi sistemin şifresini sıfırlamamız gerekiyor: e-posta, bilgisayar girişi yoksa başka bir uygulama mı?"
T-4327,"Ahmet Demir - maaş bordrosu ve çalışma belgesi ihtiyacım var, ev kirası için isteniyor.",Hizmet Talebi (Service Request),İnsan Kaynakları,Bordro & Özlük,Özlük/Çalışma Belgesi Talebi,Orta,"{'cozum_basligi': 'Özlük/çalışma belgesi düzenleme', 'adimlar': ['Adım 1: Talep edilen belge türü ve kullanım amacı teyit edilir.', 'Adım 2: İK sistemi üzerinden güncel çalışan bilgileriyle belge hazırlanır.', 'Adım 3: Belge imzalandıktan sonra çalışana e-posta veya elden teslim edilir.'], 'self_service_uygun_mu': True}","['ad_soyad', 'sicil_no', 'belge_turu', 'kullanim_amaci']","Hangi belgeye ihtiyacınız var (çalışma belgesi, hizmet dökümü vb.) ve hangi amaçla kullanılacak?"
T-4328,"Lütfen acil Cihazimdan garip bir ses geliyor ve bazen aniden yeniden basliyo,r cok can sikici bir durum.",Arıza (Incident),Bilgi Teknolojileri,Donanım,Bilgisayar Arıza/Onarım,Yüksek,"{'cozum_basligi': 'Bilgisayar donanım arızası ilk müdahale', 'adimlar': ['Adım 1: Cihaz kapatılıp yeniden başlatılır, güç kablosu ve bağlantılar kontrol edilir.', 'Adım 2: Uzaktan tanı aracıyla donanım sağlık testi çalıştırılır.', 'Adım 3: Sorun devam ederse yerinde teknik destek için ticket açılır ve teknisyen yönlendirilir.'], 'self_service_uygun_mu': True}","['cihaz_seri_no', 'ofis_lokasyon', 'ariza_tanimi']",Sorun ne zaman başladı ve hangi lokasyondaki cihazdan bahsediyoruz?
T-4329,Acilen Yeni stajyerimiz için email ve sistem hesabı oluşturulmasını rica ederim.,Hizmet Talebi (Service Request),Bilgi Teknolojileri,Güvenlik ve Erişim,Yeni Kullanıcı Hesabı,Orta,"{'cozum_basligi': 'Yeni kullanıcı hesabı açma süreci', 'adimlar': [""Adım 1: İK'dan işe giriş onayı ve pozisyon bilgisi teyit edilir."", 'Adım 2: Aktif Dizin üzerinde hesap oluşturulur ve gerekli grup üyelikleri tanımlanır.', 'Adım 3: E-posta ve sistem erişim bilgileri ilk giriş kılavuzuyla birlikte iletilir.'], 'self_service_uygun_mu': False}","['ad_soyad', 'departman', 'ise_baslama_tarihi', 'pozisyon']",Bu hesap hangi pozisyon için açılacak ve yöneticisi kim olacak?
T-4330,Toner bitti acil Ana bina lobi,Hizmet Talebi (Service Request),İdari İşler,Ofis Ekipmanı,Toner/Kartuş Talebi,Yüksek,"{'cozum_basligi': 'Toner/kartuş temin süreci', 'adimlar': ['Adım 1: Depo stok durumu kontrol edilir.', 'Adım 2: Uygun toner/kartuş belirtilen yazıcı lokasyonuna teslim edilir.', 'Adım 3: Stokta bulunmuyorsa satınalma süreci tetiklenir ve tahmini teslim süresi bildirilir.'], 'self_service_uygun_mu': False}","['yazici_lokasyon', 'yazici_marka_model', 'toner_kartus_kodu']","Yazıcının marka ve modeli nedir, doğru toner kodunu belirleyebilmemiz için gerekli?"
T-4331,"Gökhan Çetin - kümülatif vergi matrahımla ilgili itirazım var, geçen yılki hesaplamayla tutarsız görünüyor.",Bilgi Talebi (Information),İnsan Kaynakları,Bordro & Özlük,Bordro Vergi Matrahı İtirazı,Orta,"{'cozum_basligi': 'Bordro vergi matrahı itiraz inceleme süreci', 'adimlar': ['Adım 1: İtiraz edilen dönemin vergi matrahı ve dilim hesaplaması bordro ekibi tarafından yeniden kontrol edilir.', 'Adım 2: Kümülatif matrah hesaplamasında hata olup olmadığı muhasebe ile teyit edilir.', 'Adım 3: Hata tespit edilirse düzeltme bir sonraki bordro döneminde uygulanır ve çalışana açıklama yapılır.'], 'self_service_uygun_mu': False}","['ad_soyad', 'donem', 'itiraz_detayi']","Vergi diliminin değiştiğini mi düşünüyorsunuz, yoksa kümülatif matrah hesaplamasında bir hata mı görüyorsunuz?"
T-4332,SGK için hizmet dökümü belgesi rica ederim.,Hizmet Talebi (Service Request),İnsan Kaynakları,Bordro & Özlük,Özlük/Çalışma Belgesi Talebi,Orta,"{'cozum_basligi': 'Özlük/çalışma belgesi düzenleme', 'adimlar': ['Adım 1: Talep edilen belge türü ve kullanım amacı teyit edilir.', 'Adım 2: İK sistemi üzerinden güncel çalışan bilgileriyle belge hazırlanır.', 'Adım 3: Belge imzalandıktan sonra çalışana e-posta veya elden teslim edilir.'], 'self_service_uygun_mu': True}","['ad_soyad', 'sicil_no', 'belge_turu', 'kullanim_amaci']","Hangi belgeye ihtiyacınız var (çalışma belgesi, hizmet dökümü vb.) ve hangi amaçla kullanılacak?"
T-4333,"Muhasebe programı lisansım bitmiş, yenilenmesi gerekiyor.",Hizmet Talebi (Service Request),Bilgi Teknolojileri,Yazılım,Yazılım Lisans/Kurulum Talebi,Düşük,"{'cozum_basligi': 'Yazılım lisans/kurulum süreci', 'adimlar': ['Adım 1: Talep, lisans uygunluğu ve yönetici onayı için değerlendirilir.', 'Adım 2: Lisans anahtarı temin edilir veya mevcut lisans havuzundan atama yapılır.', 'Adım 3: Kurulum IT ekibi tarafından uzaktan veya yerinde gerçekleştirilir.'], 'self_service_uygun_mu': False}","['yazilim_adi', 'kullanici_adi', 'onay_bilgisi']",Yeni bir kurulum mu yoksa mevcut lisansın yenilenmesi mi gerekiyor?
T-4334,"Laptobum şarj olmuyor gibi görünüyor, pil ikonu çıkmıyor ekranda. Hem de Masaüstümdeki dosyalara da erişemiyorum galiba",Arıza (Incident),Bilgi Teknolojileri,Donanım,Bilgisayar Arıza/Onarım,Orta,"{'cozum_basligi': 'Bilgisayar donanım arızası ilk müdahale', 'adimlar': ['Adım 1: Cihaz kapatılıp yeniden başlatılır, güç kablosu ve bağlantılar kontrol edilir.', 'Adım 2: Uzaktan tanı aracıyla donanım sağlık testi çalıştırılır.', 'Adım 3: Sorun devam ederse yerinde teknik destek için ticket açılır ve teknisyen yönlendirilir.'], 'self_service_uygun_mu': True}","['cihaz_seri_no', 'kullanici_adi', 'ofis_lokasyon', 'ariza_baslangic_zamani']",Sorun ne zaman başladı ve hangi lokasyondaki cihazdan bahsediyoruz?
T-4335,"Onur Şimşek - geçen hafta evlendim, vergi indirimi için evlilik cüzdanımı ileteyim mi?",Hizmet Talebi (Service Request),İnsan Kaynakları,Bordro & Özlük,Evlilik Bildirimi,Orta,"{'cozum_basligi': 'Evlilik durum değişikliği kayıt süreci', 'adimlar': ['Adım 1: Evlilik cüzdanı fotokopisi/belgesi çalışandan talep edilir.', 'Adım 2: Medeni hal ve varsa soyadı bilgisi İK sisteminde güncellenir.', 'Adım 3: Vergi matrahı, SGK ve varsa özel sağlık sigortası kayıtları güncellenmesi için ilgili birimlere bilgi verilir.'], 'self_service_uygun_mu': False}","['ad_soyad', 'evlilik_tarihi', 'evlilik_cuzdani_belgesi']","Evlilik tarihinizi ve evlilik cüzdanı belgesini paylaşabilir misiniz, medeni hal güncellemesi için gerekiyor?"
T-4336,"Çok acil, Teams toplantısına girerken kameram ve mikrofonum algılanmıyor, çok acil bir sunumum var. Teşekkür ederim şimdiden.",Hizmet Talebi (Service Request),Bilgi Teknolojileri,Yazılım,Uygulama Hatası (Outlook/Teams/Excel vb.),Yüksek,"{'cozum_basligi': 'Uygulama hatası giderme', 'adimlar': ['Adım 1: Uygulama tamamen kapatılıp yeniden açılır, gerekirse bilgisayar yeniden başlatılır.', 'Adım 2: Uygulama güncellemesi kontrol edilir ve önbellek/geçici dosyalar temizlenir.', 'Adım 3: Hata devam ederse ekran görüntüsüyle birlikte yazılım destek ekibine ticket açılır.'], 'self_service_uygun_mu': True}","['uygulama_adi', 'hata_mesaji', 'kullanici_adi']","Hangi uygulamada ve tam olarak ne zaman bu hatayı alıyorsunuz, ekran görüntüsü paylaşabilir misiniz?"
T-4337,Kerem Yildiz - yurtdisi proje nedeniyle kart limitimin gecici olarak artirilmasini rica ederim.,Hizmet Talebi (Service Request),Finans,Masraf & Ödeme,Kurumsal Kredi Kartı Limit Artırımı,Orta,"{'cozum_basligi': 'Kurumsal kredi kartı limit artırım süreci', 'adimlar': ['Adım 1: Mevcut limit, kullanım geçmişi ve talep gerekçesi kaydedilir.', 'Adım 2: Yönetici ve finans müdürü onayına gönderilir.', 'Adım 3: Onay sonrası banka ile limit artırım talebi iletilir ve süreç takip edilir.'], 'self_service_uygun_mu': False}","['ad_soyad', 'mevcut_limit', 'talep_edilen_limit', 'gerekce']","Mevcut kart limitiniz nedir ve ne kadar artış talep ediyorsunuz, gerekçeniz nedir?"
T-4338,7.081 TL tutarındaki harcama formum 2 gündür beklemede.,Hizmet Talebi (Service Request),Finans,Masraf & Ödeme,Masraf/Harcama Formu Onayı,Düşük,"{'cozum_basligi': 'Masraf/harcama formu onay süreci takibi', 'adimlar': ['Adım 1: Formun onay akışındaki mevcut adımı (yönetici/finans) sistemden kontrol edilir.', 'Adım 2: Bekleyen onaycıya hatırlatma bildirimi gönderilir.', 'Adım 3: Onay gecikmesi devam ederse finans ekibi manuel müdahale için ticket açar.'], 'self_service_uygun_mu': True}","['ad_soyad', 'harcama_tarihi', 'tutar']",Formun numarasını veya harcama tutarını paylaşabilir misiniz?
T-4339,Yazıcı kağıt sıkıştırıyor sürekli Ana bina lobi,Arıza (Incident),İdari İşler,Ofis Ekipmanı,Yazıcı/Fotokopi Arıza Bildirimi,Yüksek,"{'cozum_basligi': 'Yazıcı/fotokopi arıza giderme', 'adimlar': ['Adım 1: Kağıt sıkışması, kapak açık kalması gibi görünür arızalar kontrol edilir.', 'Adım 2: Cihaz yeniden başlatılır ve sürücü/bağlantı ayarları kontrol edilir.', 'Adım 3: Sorun devam ederse teknik servis çağrısı için ticket açılır.'], 'self_service_uygun_mu': True}","['yazici_lokasyon', 'yazici_marka_model', 'ariza_tanimi']","Yazıcı hiç çalışmıyor mu, kağıt mı sıkıştı yoksa çıktı kalitesi mi kötü?"
T-4340,Masaustu bilgisayarim 7 Kasim tarihinden beri surkli kendi kendine kapaniyor.,Arıza (Incident),Bilgi Teknolojileri,Donanım,Bilgisayar Arıza/Onarım,Yüksek,"{'cozum_basligi': 'Bilgisayar donanım arızası ilk müdahale', 'adimlar': ['Adım 1: Cihaz kapatılıp yeniden başlatılır, güç kablosu ve bağlantılar kontrol edilir.', 'Adım 2: Uzaktan tanı aracıyla donanım sağlık testi çalıştırılır.', 'Adım 3: Sorun devam ederse yerinde teknik destek için ticket açılır ve teknisyen yönlendirilir.'], 'self_service_uygun_mu': True}","['cihaz_seri_no', 'ofis_lokasyon', 'ariza_tanimi']",Sorun ne zaman başladı ve hangi lokasyondaki cihazdan bahsediyoruz?
T-4341,"Onur Arslan - dogum iznim bitiyor yakinda, yari zamannli calisma hakkimi ogrenebilir miyim?",Hizmet Talebi (Service Request),İnsan Kaynakları,İzin Yönetimi,Doğum/Analık İzni Talebi,Orta,"{'cozum_basligi': 'Doğum/analık izni tanımlama süreci', 'adimlar': ['Adım 1: Doktor raporu ve tahmini/gerçek doğum tarihi talep edilir.', 'Adım 2: Yasal doğum öncesi 8 hafta - doğum sonrası 8 hafta izin süresi hesaplanır.', ""Adım 3: İzin süresi SGK'ya bildirilir ve bordro/İK sisteminde işlenir.""], 'self_service_uygun_mu': False}","['ad_soyad', 'tahmini_dogum_tarihi', 'doktor_raporu']","Tahmini doğum tarihiniz nedir, doktor raporunuzu paylaşabilir misiniz?"
T-4342,"Buse Doğan - seyahat masraf formum reddedildi ama sebep yazmıyor, öğrenebilir miyim?",Hizmet Talebi (Service Request),Finans,Masraf & Ödeme,Masraf/Harcama Formu Onayı,Düşük,"{'cozum_basligi': 'Masraf/harcama formu onay süreci takibi', 'adimlar': ['Adım 1: Formun onay akışındaki mevcut adımı (yönetici/finans) sistemden kontrol edilir.', 'Adım 2: Bekleyen onaycıya hatırlatma bildirimi gönderilir.', 'Adım 3: Onay gecikmesi devam ederse finans ekibi manuel müdahale için ticket açar.'], 'self_service_uygun_mu': True}","['ad_soyad', 'harcama_tarihi', 'tutar']",Form kaç gündür bekliyor ve onay akışında şu an kimde bekliyor biliyor musunuz?
T-4343,"Rica etsem acil Vize için yazı lazım, çalışma belgesi çıkartabilir misiniz? Gerçekten çok sıkıntı oluyor, bir an önce ilgilenirseniz sevinirim.",Hizmet Talebi (Service Request),İnsan Kaynakları,Bordro & Özlük,Özlük/Çalışma Belgesi Talebi,Orta,"{'cozum_basligi': 'Özlük/çalışma belgesi düzenleme', 'adimlar': ['Adım 1: Talep edilen belge türü ve kullanım amacı teyit edilir.', 'Adım 2: İK sistemi üzerinden güncel çalışan bilgileriyle belge hazırlanır.', 'Adım 3: Belge imzalandıktan sonra çalışana e-posta veya elden teslim edilir.'], 'self_service_uygun_mu': True}","['ad_soyad', 'sicil_no', 'belge_turu', 'kullanim_amaci']","Hangi belgeye ihtiyacınız var (çalışma belgesi, hizmet dökümü vb.) ve hangi amaçla kullanılacak?"
T-4344,"Lütfen acil Yurtdisi harcamamda kur farki var odenen tutar dusuk geldi Gerçekten çok sıkıntı oluyor, bir an önce ilgilenirseniz sevinirim.",Bilgi Talebi (Information),Finans,Masraf & Ödeme,Döviz Kuru Farkı/Uyumsuzluğu,Orta,"{'cozum_basligi': 'Döviz kuru farkı/uyumsuzluğu inceleme süreci', 'adimlar': ['Adım 1: Harcama tarihindeki resmi TCMB kuru ile sistemde kullanılan kur karşılaştırılır.', 'Adım 2: Fark tespit edilirse hangi kur kaynağının kullanıldığı muhasebe ile teyit edilir.', 'Adım 3: Hatalı hesaplama varsa düzeltme kaydı oluşturulur ve fark tazmin edilir.'], 'self_service_uygun_mu': False}","['ad_soyad', 'harcama_tarihi', 'doviz_tutar', 'kullanilan_kur']","Harcamanızın tarihini ve hangi döviz cinsinden olduğunu paylaşabilir misiniz, hangi kur baz alınmış görüyorsunuz?"
T-4345,Banka kredisi icin calisma belgesi lazim acil olabilir mi,Hizmet Talebi (Service Request),İnsan Kaynakları,Bordro & Özlük,Özlük/Çalışma Belgesi Talebi,Düşük,"{'cozum_basligi': 'Özlük/çalışma belgesi düzenleme', 'adimlar': ['Adım 1: Talep edilen belge türü ve kullanım amacı teyit edilir.', 'Adım 2: İK sistemi üzerinden güncel çalışan bilgileriyle belge hazırlanır.', 'Adım 3: Belge imzalandıktan sonra çalışana e-posta veya elden teslim edilir.'], 'self_service_uygun_mu': True}","['ad_soyad', 'sicil_no', 'belge_turu', 'kullanim_amaci']","Hangi belgeye ihtiyacınız var (çalışma belgesi, hizmet dökümü vb.) ve hangi amaçla kullanılacak?"
T-4346,"Rica etsem acil Taşındım, servis güzergahımın güncellenmesi gerekiyor. Gerçekten çok sıkıntı oluyor, bir an önce ilgilenirseniz sevinirim.",Hizmet Talebi (Service Request),İdari İşler,Güvenlik & Ulaşım,Servis Güzergah Talebi,Orta,"{'cozum_basligi': 'Personel servis güzergahı düzenleme', 'adimlar': ['Adım 1: Talep edilen adres mevcut güzergahlara uygunluk açısından incelenir.', 'Adım 2: Ulaşım/idari işler ekibi güzergah planlamasını günceller.', 'Adım 3: Yeni güzergah bilgisi çalışana ve servis şoförüne iletilir.'], 'self_service_uygun_mu': False}","['ev_adresi', 'mevcut_hat_no', 'talep_turu']",Mevcut servis güzergahınızda mı değişiklik istiyorsunuz yoksa yeni bir durak mı ekleniyor?
T-4347,"Elif Aydın - SGK giriş belgemi mail atabilir misiniz, kredi başvurusu için lazım.",Hizmet Talebi (Service Request),İnsan Kaynakları,Bordro & Özlük,SGK Giriş/Çıkış Evrakı Talebi,Yüksek,"{'cozum_basligi': 'SGK giriş/çıkış evrakı düzenleme', 'adimlar': ['Adım 1: Talep edilen belgenin türü (işe giriş bildirgesi/işten ayrılış bildirgesi) teyit edilir.', 'Adım 2: SGK e-Bildirge sisteminden ilgili belge sorgulanır ve çıktısı alınır.', 'Adım 3: Belge onaylanıp çalışana e-posta veya elden iletilir.'], 'self_service_uygun_mu': False}","['ad_soyad', 'sicil_no', 'belge_turu', 'kullanim_amaci']","İşe giriş bildirgesi mi yoksa işten ayrılış bildirgesi mi gerekiyor, hangi amaçla kullanılacak?"
T-4348,"Acilen Doğum yaptım, süt iznimi nasıl kullanabilirim çalışma saatlerime nasıl yansır? Gerçekten çok sıkıntı oluyor, bir an önce ilgilenirseniz sevinirim.",Hizmet Talebi (Service Request),İnsan Kaynakları,İzin Yönetimi,Süt İzni Talebi,Orta,"{'cozum_basligi': 'Süt izni düzenleme süreci', 'adimlar': ['Adım 1: Doğum tarihi teyit edilerek yasal süt izni hakkı (ilk 6 ay günde 1,5 saat) hesaplanır.', 'Adım 2: Çalışma saatlerine nasıl entegre edileceği (sabah/akşam/tek seferde) belirlenir.', 'Adım 3: Yönetici bilgilendirilir ve süt izni takvime/çalışma planına işlenir.'], 'self_service_uygun_mu': False}","['ad_soyad', 'dogum_tarihi', 'tercih_edilen_saat']","Süt izninizi günün hangi saatinde kullanmak istersiniz, sabah mı akşam mı?"
T-4349,"Otel fatuurami kaybettim, otel tekrar gonderebilir mi yoksa beyan mi yapmam lazim?",Hizmet Talebi (Service Request),Finans,Masraf & Ödeme,Harcama Fişi Kayıp Beyanı,Yüksek,"{'cozum_basligi': 'Kayıp harcama fişi beyan ve alternatif belge süreci', 'adimlar': ['Adım 1: Kayıp fiş beyan formu doldurulur, harcama tutarı ve tarihi beyan edilir.', 'Adım 2: Mümkünse kredi kartı ekstresi/dekont gibi alternatif kanıt belgesi talep edilir.', 'Adım 3: Finans ekibi beyanı değerlendirip onaylarsa masraf formu istisnai olarak işleme alınır.'], 'self_service_uygun_mu': False}","['ad_soyad', 'harcama_tutari', 'harcama_tarihi', 'kayip_beyani_gerekcesi']",Fişi kaybettiğinize göre elinizde kredi kartı ekstresi gibi tutarı doğrulayacak başka bir belge var mı?
T-4350,CRM uzerinden musteri kaydi cekerken sistem timeout hatasi veriyor.,Arıza (Incident),Bilgi Teknolojileri,Sunucu/Sistem,Veritabanı Erişim Hatası,Orta,"{'cozum_basligi': 'Veritabanı erişim hatası çözümü', 'adimlar': ['Adım 1: Kullanıcının veritabanı bağlantı ayarları ve yetkileri kontrol edilir.', 'Adım 2: Veritabanı servisinin çalışır durumda olup olmadığı sistem ekibince doğrulanır.', 'Adım 3: Yetki/bağlantı sorunu devam ediyorsa veritabanı yöneticisine (DBA) ticket yönlendirilir.'], 'self_service_uygun_mu': False}","['uygulama_adi', 'hata_kodu', 'erisim_zamani']",Hangi uygulama/veritabanına erişmeye çalışıyorsunuz ve tam hata mesajı nedir?
T-4351,"Çatıdan su sızıntısı var Bodrum kat arşiv tavanında, leke büyüyor giderek.",Hizmet Talebi (Service Request),İdari İşler,Bina/Tesis Bakım,Bina İçi Teknik Bakım Talebi,Düşük,"{'cozum_basligi': 'Genel bina içi teknik bakım süreci', 'adimlar': ['Adım 1: Talep bina teknik bakım ekibine iletilir ve önceliklendirilir.', 'Adım 2: Uygun teknisyen belirlenen lokasyona yönlendirilir.', 'Adım 3: Bakım/onarım tamamlandıktan sonra talep sahibine bilgi verilir.'], 'self_service_uygun_mu': False}","['ofis_lokasyon', 'sorun_tanimi', 'uygun_zaman_araligi']","Sorun tam olarak nedir ve hangi alanda (kapı, su tesisatı, asansör vb.) yaşanıyor?"
T-4352,"7.674 TL tutarındaki fatura hâlâ ödenmemiş görünüyor, Peregl Ofis Malzemeleri.",Hizmet Talebi (Service Request),Finans,Masraf & Ödeme,Fatura Ödeme Takibi,Yüksek,"{'cozum_basligi': 'Fatura ödeme durumu takibi', 'adimlar': ['Adım 1: Fatura numarası ile muhasebe/ERP sisteminde ödeme kaydı sorgulanır.', 'Adım 2: Ödeme planlanan tarih ve onay durumu kontrol edilir.', 'Adım 3: Gecikme varsa ödeme sorumlusuna hatırlatma yapılır ve tedarikçiye bilgi verilir.'], 'self_service_uygun_mu': True}","['fatura_no', 'vade_tarihi']","Faturanın vade tarihi geçti mi, ne kadar süredir bekliyor?"
T-4353,Ofis çok sıcak klima çalışmıyor Bodrum kat arşiv,Arıza (Incident),İdari İşler,Bina/Tesis Bakım,Klima/Isıtma Arızası,Orta,"{'cozum_basligi': 'Klima/ısıtma sistemi arıza giderme', 'adimlar': ['Adım 1: Termostat ayarları ve cihazın açık olup olmadığı kontrol edilir.', 'Adım 2: Bina teknik ekibi filtre/gaz durumunu yerinde kontrol eder.', 'Adım 3: Kalıcı arıza tespit edilirse bakım/onarım için dış servis çağrılır.'], 'self_service_uygun_mu': False}","['ofis_lokasyon', 'cihaz_konumu', 'sorun_tanimi']","Klima hiç çalışmıyor mu yoksa soğutmuyor/ısıtmıyor mu, hangi bölgedesiniz?"
T-4354,Tedarikci vade suresi konusunda itiraz ediyor 30 gun degil 60 gun diyor,Hizmet Talebi (Service Request),Finans,Masraf & Ödeme,Tedarikçi IBAN/Vade Mutabakatı,Orta,"{'cozum_basligi': 'Tedarikçi IBAN/vade mutabakat süreci', 'adimlar': ['Adım 1: Tedarikçinin sistemde kayıtlı IBAN ve vade koşulları kontrol edilir.', 'Adım 2: Tedarikçiden güncel IBAN/vade bilgisini teyit eden resmi yazı istenir.', 'Adım 3: Bilgiler güncellendikten sonra mutabakat formu karşılıklı imzalanarak kapatılır.'], 'self_service_uygun_mu': False}","['tedarikci_adi', 'vade_gun_sayisi']",Tedarikçinin IBAN bilgisi mi değişti yoksa vade koşullarında bir anlaşmazlık mı var?
T-4355,"Çok acil, Excel dosyam kaydedilirken donuyor, dakiikalarca bekliyorum. Gerçekten çok sıkıntı oluyor, bir an önce ilgilenirseniz sevinirim.",Arıza (Incident),Bilgi Teknolojileri,Yazılım,Uygulama Hatası (Outlook/Teams/Excel vb.),Yüksek,"{'cozum_basligi': 'Uygulama hatası giderme', 'adimlar': ['Adım 1: Uygulama tamamen kapatılıp yeniden açılır, gerekirse bilgisayar yeniden başlatılır.', 'Adım 2: Uygulama güncellemesi kontrol edilir ve önbellek/geçici dosyalar temizlenir.', 'Adım 3: Hata devam ederse ekran görüntüsüyle birlikte yazılım destek ekibine ticket açılır.'], 'self_service_uygun_mu': True}","['uygulama_adi', 'hata_mesaji', 'kullanici_adi']","Hangi uygulamada ve tam olarak ne zaman bu hatayı alıyorsunuz, ekran görüntüsü paylaşabilir misiniz?"
T-4356,Evlendim belgemi ekliyorum bilgilerimin güncellenmesini rica ederim,Hizmet Talebi (Service Request),İnsan Kaynakları,Bordro & Özlük,Evlilik Bildirimi,Orta,"{'cozum_basligi': 'Evlilik durum değişikliği kayıt süreci', 'adimlar': ['Adım 1: Evlilik cüzdanı fotokopisi/belgesi çalışandan talep edilir.', 'Adım 2: Medeni hal ve varsa soyadı bilgisi İK sisteminde güncellenir.', 'Adım 3: Vergi matrahı, SGK ve varsa özel sağlık sigortası kayıtları güncellenmesi için ilgili birimlere bilgi verilir.'], 'self_service_uygun_mu': False}","['ad_soyad', 'evlilik_tarihi', 'evlilik_cuzdani_belgesi']","Evlilik tarihinizi ve evlilik cüzdanı belgesini paylaşabilir misiniz, medeni hal güncellemesi için gerekiyor?"
T-4357,"3. kat'da klima asiri ses yapiyor, caliismayi zorlastiriyor.",Arıza (Incident),İdari İşler,Bina/Tesis Bakım,Klima/Isıtma Arızası,Orta,"{'cozum_basligi': 'Klima/ısıtma sistemi arıza giderme', 'adimlar': ['Adım 1: Termostat ayarları ve cihazın açık olup olmadığı kontrol edilir.', 'Adım 2: Bina teknik ekibi filtre/gaz durumunu yerinde kontrol eder.', 'Adım 3: Kalıcı arıza tespit edilirse bakım/onarım için dış servis çağrılır.'], 'self_service_uygun_mu': False}","['ofis_lokasyon', 'cihaz_konumu', 'sorun_tanimi']","Klima hiç çalışmıyor mu yoksa soğutmuyor/ısıtmıyor mu, hangi bölgedesiniz?"
T-4358,"Hukuk icin dosya, zimba teli ve post-it talep ediyoruz.",Hizmet Talebi (Service Request),İdari İşler,Satınalma/Malzeme,Kırtasiye Malzeme Talebi,Düşük,"{'cozum_basligi': 'Kırtasiye malzeme temini', 'adimlar': ['Adım 1: Talep departman yöneticisi onayına iletilir.', 'Adım 2: Depo stoğundan malzemeler hazırlanır.', 'Adım 3: Malzemeler belirtilen teslimat lokasyonuna gönderilir.'], 'self_service_uygun_mu': False}","['malzeme_listesi_miktar', 'departman', 'teslimat_lokasyonu']","Hangi malzemelerden ne miktarda ihtiyacınız var, liste hâlinde belirtebilir misiniz?"
T-4359,"Lütfen acil Fis fotograflarini yukledim ama form bir turlu finansa dusmuyor sistemde. İşlerim çok aksıyor, acil çözüm bekliyorum.",Hizmet Talebi (Service Request),Finans,Masraf & Ödeme,Masraf/Harcama Formu Onayı,Orta,"{'cozum_basligi': 'Masraf/harcama formu onay süreci takibi', 'adimlar': ['Adım 1: Formun onay akışındaki mevcut adımı (yönetici/finans) sistemden kontrol edilir.', 'Adım 2: Bekleyen onaycıya hatırlatma bildirimi gönderilir.', 'Adım 3: Onay gecikmesi devam ederse finans ekibi manuel müdahale için ticket açar.'], 'self_service_uygun_mu': True}","['form_no', 'tutar', 'onay_bekleyen_kisi']",Form kaç gündür bekliyor ve onay akışında şu an kimde bekliyor biliyor musunuz?
T-4360,20 Eylül tarihinde işe başlayacak Cem Aslan için yeni hesap açılması gerekiyor.,Hizmet Talebi (Service Request),Bilgi Teknolojileri,Güvenlik ve Erişim,Yeni Kullanıcı Hesabı,Orta,"{'cozum_basligi': 'Yeni kullanıcı hesabı açma süreci', 'adimlar': [""Adım 1: İK'dan işe giriş onayı ve pozisyon bilgisi teyit edilir."", 'Adım 2: Aktif Dizin üzerinde hesap oluşturulur ve gerekli grup üyelikleri tanımlanır.', 'Adım 3: E-posta ve sistem erişim bilgileri ilk giriş kılavuzuyla birlikte iletilir.'], 'self_service_uygun_mu': False}","['ad_soyad', 'departman', 'ise_baslama_tarihi', 'pozisyon']",Bu hesap hangi pozisyon için açılacak ve yöneticisi kim olacak?
T-4361,"Seyahat masrafım 4,375.83 EUR olarak girildi ama kur yanlış hesaplanmış görünüyor.",Bilgi Talebi (Information),Finans,Masraf & Ödeme,Döviz Kuru Farkı/Uyumsuzluğu,Orta,"{'cozum_basligi': 'Döviz kuru farkı/uyumsuzluğu inceleme süreci', 'adimlar': ['Adım 1: Harcama tarihindeki resmi TCMB kuru ile sistemde kullanılan kur karşılaştırılır.', 'Adım 2: Fark tespit edilirse hangi kur kaynağının kullanıldığı muhasebe ile teyit edilir.', 'Adım 3: Hatalı hesaplama varsa düzeltme kaydı oluşturulur ve fark tazmin edilir.'], 'self_service_uygun_mu': False}","['ad_soyad', 'harcama_tarihi', 'doviz_tutar', 'kullanilan_kur']","Harcamanızın tarihini ve hangi döviz cinsinden olduğunu paylaşabilir misiniz, hangi kur baz alınmış görüyorsunuz?"
T-4362,"Rica etsem acil Işten cikis bildirgesi lazim yeni ise baslarken istediler İşlerim çok aksıyor, acil çözüm bekliyorum.",Hizmet Talebi (Service Request),İnsan Kaynakları,Bordro & Özlük,SGK Giriş/Çıkış Evrakı Talebi,Düşük,"{'cozum_basligi': 'SGK giriş/çıkış evrakı düzenleme', 'adimlar': ['Adım 1: Talep edilen belgenin türü (işe giriş bildirgesi/işten ayrılış bildirgesi) teyit edilir.', 'Adım 2: SGK e-Bildirge sisteminden ilgili belge sorgulanır ve çıktısı alınır.', 'Adım 3: Belge onaylanıp çalışana e-posta veya elden iletilir.'], 'self_service_uygun_mu': False}","['ad_soyad', 'sicil_no', 'belge_turu', 'kullanim_amaci']","İşe giriş bildirgesi mi yoksa işten ayrılış bildirgesi mi gerekiyor, hangi amaçla kullanılacak?"
T-4363,"Çok acil, Tedarikçimiz ödeme yapılmadığını söylüyor ama sistemde 'ödendi' görünüyor, tutarsızlık var. Bu konuda epeydir mağdurum, lütfen hızlı dönüş yapar mısınız?",Bilgi Talebi (Information),Finans,Masraf & Ödeme,Fatura Ödeme Takibi,Orta,"{'cozum_basligi': 'Fatura ödeme durumu takibi', 'adimlar': ['Adım 1: Fatura numarası ile muhasebe/ERP sisteminde ödeme kaydı sorgulanır.', 'Adım 2: Ödeme planlanan tarih ve onay durumu kontrol edilir.', 'Adım 3: Gecikme varsa ödeme sorumlusuna hatırlatma yapılır ve tedarikçiye bilgi verilir.'], 'self_service_uygun_mu': True}","['fatura_no', 'vade_tarihi']","Faturanın vade tarihi geçti mi, ne kadar süredir bekliyor?"
T-4364,"14 Haziran sabahından beri internet kesik kesik çalışıyor, toplantılara giremiyorum.",Arıza (Incident),Bilgi Teknolojileri,Ağ/Network,İnternet Bağlantı Sorunu,Orta,"{'cozum_basligi': 'İnternet bağlantı arızası ilk müdahale', 'adimlar': ['Adım 1: Modem/router yeniden başlatılır, kablo bağlantıları kontrol edilir.', 'Adım 2: Farklı bir cihaz veya prizden bağlantı test edilir.', 'Adım 3: Sorun devam ederse altyapı ekibine ticket açılır ve etkilenen kişi sayısı raporlanır.'], 'self_service_uygun_mu': True}","['ofis_lokasyon', 'etkilenen_kisi_sayisi', 'baslangic_zamani']","İnternet hiç mi yok yoksa çok mu yavaş, ayrıca sadece siz mi etkileniyorsunuz yoksa tüm kat mı?"
T-4365,"Çok acil, Şifremi unuttum bilgisayara giremiyorum Teşekkür ederim şimdiden.",Hizmet Talebi (Service Request),Bilgi Teknolojileri,Güvenlik ve Erişim,Şifre Sıfırlama,Düşük,"{'cozum_basligi': 'Şifre sıfırlama işlemi', 'adimlar': ['Adım 1: Kimlik doğrulama (çalışan sicil no / kayıtlı e-posta) yapılır.', 'Adım 2: Self servis şifre sıfırlama portalı üzerinden geçici şifre oluşturulur.', 'Adım 3: Portal üzerinden çözülemiyorsa IT güvenlik ekibi manuel sıfırlama için ticket açar.'], 'self_service_uygun_mu': True}","['kullanici_adi', 'sicil_no', 'sistem_adi']",Şifrenizi mi unuttunuz yoksa hesabınız mı kilitlendi?
T-4366,"Cihazımdan garip bir ses geliyor ve bazen aniden yeniden başlıyor, çok can sıkıcı bir durum.",Arıza (Incident),Bilgi Teknolojileri,Donanım,Bilgisayar Arıza/Onarım,Orta,"{'cozum_basligi': 'Bilgisayar donanım arızası ilk müdahale', 'adimlar': ['Adım 1: Cihaz kapatılıp yeniden başlatılır, güç kablosu ve bağlantılar kontrol edilir.', 'Adım 2: Uzaktan tanı aracıyla donanım sağlık testi çalıştırılır.', 'Adım 3: Sorun devam ederse yerinde teknik destek için ticket açılır ve teknisyen yönlendirilir.'], 'self_service_uygun_mu': True}","['cihaz_seri_no', 'kullanici_adi', 'ofis_lokasyon', 'ariza_baslangic_zamani']",Sorun ne zaman başladı ve hangi lokasyondaki cihazdan bahsediyoruz?
T-4367,"Yöneticim onaylaı, PowerPoint lisansımın aktifleştirilmesini rica ederim.",Hizmet Talebi (Service Request),Bilgi Teknolojileri,Yazılım,Yazılım Lisans/Kurulum Talebi,Orta,"{'cozum_basligi': 'Yazılım lisans/kurulum süreci', 'adimlar': ['Adım 1: Talep, lisans uygunluğu ve yönetici onayı için değerlendirilir.', 'Adım 2: Lisans anahtarı temin edilir veya mevcut lisans havuzundan atama yapılır.', 'Adım 3: Kurulum IT ekibi tarafından uzaktan veya yerinde gerçekleştirilir.'], 'self_service_uygun_mu': False}","['yazilim_adi', 'departman', 'lisans_suresi']",Hangi yazılımın lisansına/kurulumuna ihtiyacınız var ve bu talep yöneticiniz tarafından onaylandı mı?
T-4368,"Rica etsem acil Dün akşam kapattığımda sorun yoktu ama bu sabah 2. kat toplantı koridoru'da bilgisayarım hiç tepki vermiyor, ekran simsiyah kalıyor. İşlerim çok aksıyor, acil çözüm bekliyorum.",Arıza (Incident),Bilgi Teknolojileri,Donanım,Bilgisayar Arıza/Onarım,Yüksek,"{'cozum_basligi': 'Bilgisayar donanım arızası ilk müdahale', 'adimlar': ['Adım 1: Cihaz kapatılıp yeniden başlatılır, güç kablosu ve bağlantılar kontrol edilir.', 'Adım 2: Uzaktan tanı aracıyla donanım sağlık testi çalıştırılır.', 'Adım 3: Sorun devam ederse yerinde teknik destek için ticket açılır ve teknisyen yönlendirilir.'], 'self_service_uygun_mu': True}","['cihaz_seri_no', 'kullanici_adi', 'ofis_lokasyon', 'ariza_baslangic_zamani']","Cihazınız hiç açılmıyor mu yoksa açılıp kapanıyor mu, ayrıca cihazın seri numarasını paylaşabilir misiniz?"
T-4369,"İnternet bağlantım çok yavaş, sayfalar açılmıyor neredeyse hiç. Ayrıca Wifi de aynı şekilde çok zayıf çekiyor bu arada",Arıza (Incident),Bilgi Teknolojileri,Ağ/Network,İnternet Bağlantı Sorunu,Orta,"{'cozum_basligi': 'İnternet bağlantı arızası ilk müdahale', 'adimlar': ['Adım 1: Modem/router yeniden başlatılır, kablo bağlantıları kontrol edilir.', 'Adım 2: Farklı bir cihaz veya prizden bağlantı test edilir.', 'Adım 3: Sorun devam ederse altyapı ekibine ticket açılır ve etkilenen kişi sayısı raporlanır.'], 'self_service_uygun_mu': True}","['ofis_lokasyon', 'etkilenen_kisi_sayisi', 'baslangic_zamani']",Kaç kişiyi etkiliyor bu sorun ve hangi lokasyondasınız?
T-4370,"İzmir şube yazıcısının toneri neredeyse bitti, yedek talep ediyorum.",Hizmet Talebi (Service Request),İdari İşler,Ofis Ekipmanı,Toner/Kartuş Talebi,Orta,"{'cozum_basligi': 'Toner/kartuş temin süreci', 'adimlar': ['Adım 1: Depo stok durumu kontrol edilir.', 'Adım 2: Uygun toner/kartuş belirtilen yazıcı lokasyonuna teslim edilir.', 'Adım 3: Stokta bulunmuyorsa satınalma süreci tetiklenir ve tahmini teslim süresi bildirilir.'], 'self_service_uygun_mu': False}","['yazici_lokasyon', 'yazici_marka_model', 'toner_kartus_kodu']","Yazıcının marka ve modeli nedir, doğru toner kodunu belirleyebilmemiz için gerekli?"
T-4371,"Seyahat masrafım 4,216.79 USD olarak girildi ama kur yanlış hesaplanmış görünüyor.",Arıza (Incident),Finans,Masraf & Ödeme,Döviz Kuru Farkı/Uyumsuzluğu,Düşük,"{'cozum_basligi': 'Döviz kuru farkı/uyumsuzluğu inceleme süreci', 'adimlar': ['Adım 1: Harcama tarihindeki resmi TCMB kuru ile sistemde kullanılan kur karşılaştırılır.', 'Adım 2: Fark tespit edilirse hangi kur kaynağının kullanıldığı muhasebe ile teyit edilir.', 'Adım 3: Hatalı hesaplama varsa düzeltme kaydı oluşturulur ve fark tazmin edilir.'], 'self_service_uygun_mu': False}","['ad_soyad', 'harcama_tarihi', 'doviz_tutar', 'kullanilan_kur']","Harcamanızın tarihini ve hangi döviz cinsinden olduğunu paylaşabilir misiniz, hangi kur baz alınmış görüyorsunuz?"
T-4372,"Çok acil, Cansu Yilmaz - taksi fism ruzgarla uctu, kayip beyan formunu doldurmam yeterli mi?",Hizmet Talebi (Service Request),Finans,Masraf & Ödeme,Harcama Fişi Kayıp Beyanı,Orta,"{'cozum_basligi': 'Kayıp harcama fişi beyan ve alternatif belge süreci', 'adimlar': ['Adım 1: Kayıp fiş beyan formu doldurulur, harcama tutarı ve tarihi beyan edilir.', 'Adım 2: Mümkünse kredi kartı ekstresi/dekont gibi alternatif kanıt belgesi talep edilir.', 'Adım 3: Finans ekibi beyanı değerlendirip onaylarsa masraf formu istisnai olarak işleme alınır.'], 'self_service_uygun_mu': False}","['ad_soyad', 'harcama_tutari', 'harcama_tarihi', 'kayip_beyani_gerekcesi']",Fişi kaybettiğinize göre elinizde kredi kartı ekstresi gibi tutarı doğrulayacak başka bir belge var mı?
T-4373,Satış departmanına 3 adet yeni bilgisayar kurulumu yapılması gerekiyor 7 Mart itibariyle.,Hizmet Talebi (Service Request),Bilgi Teknolojileri,Donanım,Yeni Ekipman Kurulumu,Orta,"{'cozum_basligi': 'Yeni donanım ekipmanı kurulum süreci', 'adimlar': ['Adım 1: Talep, envanter ve bütçe onayı için yöneticiye/IT sorumlusuna iletilir.', 'Adım 2: Uygun ekipman depo stoğundan veya satın alma sürecinden temin edilir.', 'Adım 3: Kurulum IT saha ekibi tarafından belirlenen tarihte yerinde gerçekleştirilir.'], 'self_service_uygun_mu': False}","['ekipman_turu', 'kullanici_adi', 'ofis_lokasyon', 'talep_tarihi']",Yeni işe başlayan biri için mi yoksa mevcut ekipmanın değişimi için mi bu talep?
T-4374,Resepsiyona kargo geldi mi acaba bilgi alabilir miyim Serkan Çelik adina?,Bilgi Talebi (Information),İdari İşler,Satınalma/Malzeme,Kargo/Kurye Teslimat Takibi,Orta,"{'cozum_basligi': 'Kargo/kurye teslimat takibi', 'adimlar': ['Adım 1: Kargo takip numarası ve gönderici bilgisi ile kargo firması sistemi kontrol edilir.', 'Adım 2: Resepsiyon/depo teslim kaydı kontrol edilerek paketin durumu netleştirilir.', 'Adım 3: Paket bulunamıyorsa kargo firmasına resmi kayıp/gecikme bildirimi açılır.'], 'self_service_uygun_mu': True}","['takip_no', 'kargo_firmasi', 'gonderi_tarihi']","Kargo ne zaman gönderildi, teslimat için beklediğiniz lokasyon neresi?"
T-4375,"Bordromda fazla mesai ucreti gorunmuyor, 25 Nisan ayina ait.",Bilgi Talebi (Information),İnsan Kaynakları,Bordro & Özlük,Bordro/Maaş Bilgisi Talebi,Orta,"{'cozum_basligi': 'Bordro/maaş bilgisi inceleme süreci', 'adimlar': ['Adım 1: Çalışanın ilgili ay bordrosu bordro sisteminden çekilip incelenir.', 'Adım 2: Kesinti/ek ödeme kalemleri tek tek karşılaştırılır ve hata olup olmadığı tespit edilir.', 'Adım 3: Hata tespit edilirse düzeltme için bordro/muhasebe ekibine ticket açılır.'], 'self_service_uygun_mu': False}","['ad_soyad', 'sicil_no', 'ilgili_ay']",Hangi ayın bordrosuyla ilgili ve tam olarak hangi kalemde hata olduğunu düşünüyorsunuz?
T-4376,"Lütfen acil Yurtdisi seyahatim icin avans almam gerekiyor, ne kadar sure alir onay? Ne zaman çözülür acaba?",Hizmet Talebi (Service Request),Finans,Masraf & Ödeme,Avans Talebi,Orta,"{'cozum_basligi': 'Avans talebi işleme süreci', 'adimlar': ['Adım 1: Avans talebi tutarı ve gerekçesi (seyahat/proje) kaydedilir.', 'Adım 2: Yönetici ve finans onayına gönderilir.', 'Adım 3: Onay sonrası avans, belirtilen banka hesabına aktarılır.'], 'self_service_uygun_mu': False}","['ad_soyad', 'tutar', 'gerekce', 'seyahat_tarihi']",Avans hangi seyahat/proje için ve ne kadar tutar için gerekiyor?
T-4377,Ofis çok sıcak klima çalışmıyor İzmir şube,Arıza (Incident),İdari İşler,Bina/Tesis Bakım,Klima/Isıtma Arızası,Orta,"{'cozum_basligi': 'Klima/ısıtma sistemi arıza giderme', 'adimlar': ['Adım 1: Termostat ayarları ve cihazın açık olup olmadığı kontrol edilir.', 'Adım 2: Bina teknik ekibi filtre/gaz durumunu yerinde kontrol eder.', 'Adım 3: Kalıcı arıza tespit edilirse bakım/onarım için dış servis çağrılır.'], 'self_service_uygun_mu': False}","['ofis_lokasyon', 'cihaz_konumu', 'sorun_tanimi']","Klima hiç çalışmıyor mu yoksa soğutmuyor/ısıtmıyor mu, hangi bölgedesiniz?"
T-4378,Rica etsem acil Isitma sistemi calismiyor ofis buz gibi bu sabahtan beri Teşekkür ederim şimdiden.,Arıza (Incident),İdari İşler,Bina/Tesis Bakım,Klima/Isıtma Arızası,Orta,"{'cozum_basligi': 'Klima/ısıtma sistemi arıza giderme', 'adimlar': ['Adım 1: Termostat ayarları ve cihazın açık olup olmadığı kontrol edilir.', 'Adım 2: Bina teknik ekibi filtre/gaz durumunu yerinde kontrol eder.', 'Adım 3: Kalıcı arıza tespit edilirse bakım/onarım için dış servis çağrılır.'], 'self_service_uygun_mu': False}","['ofis_lokasyon', 'cihaz_konumu', 'sorun_tanimi']","Klima hiç çalışmıyor mu yoksa soğutmuyor/ısıtmıyor mu, hangi bölgedesiniz?"
T-4379,Sifre sifirlama lazim Nihan Doğan,Arıza (Incident),Bilgi Teknolojileri,Güvenlik ve Erişim,Şifre Sıfırlama,Düşük,"{'cozum_basligi': 'Şifre sıfırlama işlemi', 'adimlar': ['Adım 1: Kimlik doğrulama (çalışan sicil no / kayıtlı e-posta) yapılır.', 'Adım 2: Self servis şifre sıfırlama portalı üzerinden geçici şifre oluşturulur.', 'Adım 3: Portal üzerinden çözülemiyorsa IT güvenlik ekibi manuel sıfırlama için ticket açar.'], 'self_service_uygun_mu': True}","['kullanici_adi', 'kayitli_email']",Şifrenizi mi unuttunuz yoksa hesabınız mı kilitlendi?
T-4380,"Emre Yildiz - masaustu bilgisayarimin fani cok ses yapiyor ve isiniyor, dikkatimi dagitiyor. Bir de Klavyem de arada tus basmiyor, onu da kotnrol ettirmek isterim",Arıza (Incident),Bilgi Teknolojileri,Donanım,Bilgisayar Arıza/Onarım,Yüksek,"{'cozum_basligi': 'Bilgisayar donanım arızası ilk müdahale', 'adimlar': ['Adım 1: Cihaz kapatılıp yeniden başlatılır, güç kablosu ve bağlantılar kontrol edilir.', 'Adım 2: Uzaktan tanı aracıyla donanım sağlık testi çalıştırılır.', 'Adım 3: Sorun devam ederse yerinde teknik destek için ticket açılır ve teknisyen yönlendirilir.'], 'self_service_uygun_mu': True}","['cihaz_seri_no', 'kullanici_adi', 'ofis_lokasyon', 'ariza_baslangic_zamani']",Sorun ne zaman başladı ve hangi lokasyondaki cihazdan bahsediyoruz?
T-4381,SGK içiin hizmet dökümü belgesi rica ederim.,Hizmet Talebi (Service Request),İnsan Kaynakları,Bordro & Özlük,Özlük/Çalışma Belgesi Talebi,Orta,"{'cozum_basligi': 'Özlük/çalışma belgesi düzenleme', 'adimlar': ['Adım 1: Talep edilen belge türü ve kullanım amacı teyit edilir.', 'Adım 2: İK sistemi üzerinden güncel çalışan bilgileriyle belge hazırlanır.', 'Adım 3: Belge imzalandıktan sonra çalışana e-posta veya elden teslim edilir.'], 'self_service_uygun_mu': True}","['ad_soyad', 'sicil_no', 'belge_turu', 'kullanim_amaci']","Hangi belgeye ihtiyacınız var (çalışma belgesi, hizmet dökümü vb.) ve hangi amaçla kullanılacak?"
T-4382,"Mehmet Kılıç - taksi fişim rüzgarla uçtu, kayıp beyan formunu doldurmam yeterli mi?",Hizmet Talebi (Service Request),Finans,Masraf & Ödeme,Harcama Fişi Kayıp Beyanı,Orta,"{'cozum_basligi': 'Kayıp harcama fişi beyan ve alternatif belge süreci', 'adimlar': ['Adım 1: Kayıp fiş beyan formu doldurulur, harcama tutarı ve tarihi beyan edilir.', 'Adım 2: Mümkünse kredi kartı ekstresi/dekont gibi alternatif kanıt belgesi talep edilir.', 'Adım 3: Finans ekibi beyanı değerlendirip onaylarsa masraf formu istisnai olarak işleme alınır.'], 'self_service_uygun_mu': False}","['ad_soyad', 'harcama_tutari', 'harcama_tarihi', 'kayip_beyani_gerekcesi']",Fişi kaybettiğinize göre elinizde kredi kartı ekstresi gibi tutarı doğrulayacak başka bir belge var mı?
T-4383,"Bu ay gelir vergim aniden cok artti, matrah hesaplamasinda hata var mi acaba?",Bilgi Talebi (Information),İnsan Kaynakları,Bordro & Özlük,Bordro Vergi Matrahı İtirazı,Düşük,"{'cozum_basligi': 'Bordro vergi matrahı itiraz inceleme süreci', 'adimlar': ['Adım 1: İtiraz edilen dönemin vergi matrahı ve dilim hesaplaması bordro ekibi tarafından yeniden kontrol edilir.', 'Adım 2: Kümülatif matrah hesaplamasında hata olup olmadığı muhasebe ile teyit edilir.', 'Adım 3: Hata tespit edilirse düzeltme bir sonraki bordro döneminde uygulanır ve çalışana açıklama yapılır.'], 'self_service_uygun_mu': False}","['ad_soyad', 'donem', 'itiraz_detayi']","Vergi diliminin değiştiğini mi düşünüyorsunuz, yoksa kümülatif matrah hesaplamasında bir hata mı görüyorsunuz?"
T-4384,"Lütfen acil Kac gun izin hakkim kladi acaba, bakabilir misiniz? İşlerim çok aksıyor, acil çözüm bekliyorum.",Bilgi Talebi (Information),İnsan Kaynakları,İzin Yönetimi,Yıllık İzin Talebi/Bakiye Sorgulama,Orta,"{'cozum_basligi': 'Yıllık izin talebi/bakiye sorgulama süreci', 'adimlar': ['Adım 1: İK portalından güncel izin bakiyesi kontrol edilir.', 'Adım 2: Talep edilen tarih aralığı yöneticinin onayına gönderilir.', 'Adım 3: Onay sonrası izin sistemde işlenir ve bordroya yansıtılır.'], 'self_service_uygun_mu': True}","['ad_soyad', 'izin_baslangic_bitis_tarihi']","Hangi tarihler arasında izin kullanmak istiyorsunuz, yoksa sadece bakiye mi öğrenmek istiyorsunuz?"
T-4385,"Uğur Şimşek - masaüstü bilgisayarımın fanı çok ses yapıyor ve ısınıyor, dikkatimi dağıtıyor.",Arıza (Incident),Bilgi Teknolojileri,Donanım,Bilgisayar Arıza/Onarım,Yüksek,"{'cozum_basligi': 'Bilgisayar donanım arızası ilk müdahale', 'adimlar': ['Adım 1: Cihaz kapatılıp yeniden başlatılır, güç kablosu ve bağlantılar kontrol edilir.', 'Adım 2: Uzaktan tanı aracıyla donanım sağlık testi çalıştırılır.', 'Adım 3: Sorun devam ederse yerinde teknik destek için ticket açılır ve teknisyen yönlendirilir.'], 'self_service_uygun_mu': True}","['cihaz_seri_no', 'kullanici_adi', 'ofis_lokasyon', 'ariza_baslangic_zamani']","Cihazınız hiç açılmıyor mu yoksa açılıp kapanıyor mu, ayrıca cihazın seri numarasını paylaşabilir misiniz?"
T-4386,"Muhasebe programı programı çok yavaş açılıyor, bazen hiç yanıt vermiyor. Bir de Bir de mail eklerini indiremiyorum aynı anda",Arıza (Incident),Bilgi Teknolojileri,Yazılım,Uygulama Hatası (Outlook/Teams/Excel vb.),Orta,"{'cozum_basligi': 'Uygulama hatası giderme', 'adimlar': ['Adım 1: Uygulama tamamen kapatılıp yeniden açılır, gerekirse bilgisayar yeniden başlatılır.', 'Adım 2: Uygulama güncellemesi kontrol edilir ve önbellek/geçici dosyalar temizlenir.', 'Adım 3: Hata devam ederse ekran görüntüsüyle birlikte yazılım destek ekibine ticket açılır.'], 'self_service_uygun_mu': True}","['uygulama_adi', 'isletim_sistemi', 'hata_ekran_goruntusu']",Uygulama hiç açılmıyor mu yoksa belirli bir işlem sırasında mı hata veriyor?
T-4387,"Çok acil, Müşteri Hizmetleri için yeni bir proje yönetim yazılımı kurulumu talep ediyoruz. Bu konuda epeydir mağdurum, lütfen hızlı dönüş yapar mısınız?",Hizmet Talebi (Service Request),Bilgi Teknolojileri,Yazılım,Yazılım Lisans/Kurulum Talebi,Orta,"{'cozum_basligi': 'Yazılım lisans/kurulum süreci', 'adimlar': ['Adım 1: Talep, lisans uygunluğu ve yönetici onayı için değerlendirilir.', 'Adım 2: Lisans anahtarı temin edilir veya mevcut lisans havuzundan atama yapılır.', 'Adım 3: Kurulum IT ekibi tarafından uzaktan veya yerinde gerçekleştirilir.'], 'self_service_uygun_mu': False}","['yazilim_adi', 'departman', 'lisans_suresi']",Hangi yazılımın lisansına/kurulumuna ihtiyacınız var ve bu talep yöneticiniz tarafından onaylandı mı?
T-4388,Acilen Tolga Aslan - 5 günlük babalık iznim için doğum raporunu ekliyorum.,Hizmet Talebi (Service Request),İnsan Kaynakları,İzin Yönetimi,Babalık İzni Talebi,Orta,"{'cozum_basligi': 'Babalık izni tanımlama süreci', 'adimlar': ['Adım 1: Doğum tarihi ve doğum belgesi/raporu talep edilir.', 'Adım 2: Yasal 5 günlük babalık izni sisteme tanımlanır.', 'Adım 3: İzin yöneticiye bilgi amaçlı bildirilir ve takvime işlenir.'], 'self_service_uygun_mu': False}","['ad_soyad', 'dogum_tarihi', 'izin_baslangic_tarihi']","Bebeğinizin doğum tarihi nedir, izninizi doğumdan itibaren mi başlatmak istersiniz?"
T-4389,"Çok acil, Yakinimi kaybettim izin kullanmam lazim bugunden itibaren Teşekkür ederim şimdiden.",Hizmet Talebi (Service Request),İnsan Kaynakları,İzin Yönetimi,Vefat/Mazeret İzni Talebi,Yüksek,"{'cozum_basligi': 'Vefat/mazeret izni tanımlama süreci', 'adimlar': ['Adım 1: Yakınlık derecesi ve vefat tarihi bilgisi alınır (mümkünse belge sonradan tamamlanabilir).', 'Adım 2: Yasal mazeret izni (1. derece yakın için 3 gün) sisteme derhal tanımlanır.', 'Adım 3: Yönetici bilgilendirilir, çalışanın dönüş tarihi takip edilir.'], 'self_service_uygun_mu': False}","['ad_soyad', 'yakinlik_derecesi', 'izin_baslangic_tarihi']","Başsağlığı dileriz, yakınlık dereceniz nedir ve izninizin ne zaman başlamasını istersiniz?"
T-4390,"Masraf formumu doludrdum ama sistemde hala taslak gorunuyor, gonderemedim.",Hizmet Talebi (Service Request),Finans,Masraf & Ödeme,Masraf/Harcama Formu Onayı,Orta,"{'cozum_basligi': 'Masraf/harcama formu onay süreci takibi', 'adimlar': ['Adım 1: Formun onay akışındaki mevcut adımı (yönetici/finans) sistemden kontrol edilir.', 'Adım 2: Bekleyen onaycıya hatırlatma bildirimi gönderilir.', 'Adım 3: Onay gecikmesi devam ederse finans ekibi manuel müdahale için ticket açar.'], 'self_service_uygun_mu': True}","['ad_soyad', 'harcama_tarihi', 'tutar']",Form kaç gündür bekliyor ve onay akışında şu an kimde bekliyor biliyor musunuz?
T-4391,"18 Şubat'de gönderilen kargom hala gelmedi, takip numarasını paylaşabilirim.",Hizmet Talebi (Service Request),İdari İşler,Satınalma/Malzeme,Kargo/Kurye Teslimat Takibi,Düşük,"{'cozum_basligi': 'Kargo/kurye teslimat takibi', 'adimlar': ['Adım 1: Kargo takip numarası ve gönderici bilgisi ile kargo firması sistemi kontrol edilir.', 'Adım 2: Resepsiyon/depo teslim kaydı kontrol edilerek paketin durumu netleştirilir.', 'Adım 3: Paket bulunamıyorsa kargo firmasına resmi kayıp/gecikme bildirimi açılır.'], 'self_service_uygun_mu': True}","['gonderici_bilgisi', 'teslimat_lokasyonu']","Kargo ne zaman gönderildi, teslimat için beklediğiniz lokasyon neresi?"
T-4392,"Rica etsem acil Yıldız Kurt - doğum iznim bitiyor yakında, yarı zamanlı çalışma hakkımı öğrenebilir miyim?",Hizmet Talebi (Service Request),İnsan Kaynakları,İzin Yönetimi,Doğum/Analık İzni Talebi,Yüksek,"{'cozum_basligi': 'Doğum/analık izni tanımlama süreci', 'adimlar': ['Adım 1: Doktor raporu ve tahmini/gerçek doğum tarihi talep edilir.', 'Adım 2: Yasal doğum öncesi 8 hafta - doğum sonrası 8 hafta izin süresi hesaplanır.', ""Adım 3: İzin süresi SGK'ya bildirilir ve bordro/İK sisteminde işlenir.""], 'self_service_uygun_mu': False}","['ad_soyad', 'tahmini_dogum_tarihi', 'doktor_raporu']","Tahmini doğum tarihiniz nedir, doktor raporunuzu paylaşabilir misiniz?"
T-4393,Rica etsem acil Genel Müdürlük binası yazıcısı 'kağıt sıkıştı' uyarısı veriyor ama içeride kağıt görünmüyor. Teşekkür ederim şimdiden.,Arıza (Incident),İdari İşler,Ofis Ekipmanı,Yazıcı/Fotokopi Arıza Bildirimi,Düşük,"{'cozum_basligi': 'Yazıcı/fotokopi arıza giderme', 'adimlar': ['Adım 1: Kağıt sıkışması, kapak açık kalması gibi görünür arızalar kontrol edilir.', 'Adım 2: Cihaz yeniden başlatılır ve sürücü/bağlantı ayarları kontrol edilir.', 'Adım 3: Sorun devam ederse teknik servis çağrısı için ticket açılır.'], 'self_service_uygun_mu': True}","['yazici_lokasyon', 'yazici_marka_model', 'ariza_tanimi']","Yazıcı hiç çalışmıyor mu, kağıt mı sıkıştı yoksa çıktı kalitesi mi kötü?"
T-4394,Volkan Demir - yöneticim departman değiştirdi ama sistemde hâlâ eski yöneticim onaycı olarak görünüyor.,Arıza (Incident),Finans,Masraf & Ödeme,Onay Akışında Yönetici Görünmüyor Sorunu,Yüksek,"{'cozum_basligi': 'Onay akışı yönetici ataması düzeltme süreci', 'adimlar': ['Adım 1: Organizasyon şemasında çalışanın tanımlı yöneticisi sistemden kontrol edilir.', 'Adım 2: Yönetici ayrılmış/değişmiş ise onay akışı güncel yöneticiye yeniden atanır.', 'Adım 3: Bekleyen tüm formlar yeni onay akışına manuel olarak yönlendirilir.'], 'self_service_uygun_mu': False}","['ad_soyad', 'form_no', 'eski_yonetici', 'yeni_yonetici']",Onay akışında hangi form takılı kaldı ve eski yöneticiniz mi hâlâ sistemde görünüyor?
T-4395,Burak Aydın - fatura EUR olarak kesildi ama TL'ye çevrilirken güncel kur kullanılmamış sanırım.,Bilgi Talebi (Information),Finans,Masraf & Ödeme,Döviz Kuru Farkı/Uyumsuzluğu,Orta,"{'cozum_basligi': 'Döviz kuru farkı/uyumsuzluğu inceleme süreci', 'adimlar': ['Adım 1: Harcama tarihindeki resmi TCMB kuru ile sistemde kullanılan kur karşılaştırılır.', 'Adım 2: Fark tespit edilirse hangi kur kaynağının kullanıldığı muhasebe ile teyit edilir.', 'Adım 3: Hatalı hesaplama varsa düzeltme kaydı oluşturulur ve fark tazmin edilir.'], 'self_service_uygun_mu': False}","['ad_soyad', 'harcama_tarihi', 'doviz_tutar', 'kullanilan_kur']","Harcamanızın tarihini ve hangi döviz cinsinden olduğunu paylaşabilir misiniz, hangi kur baz alınmış görüyorsunuz?"
T-4396,"Acilen Kart limiti artirimi istiyorum proje harcamalari icin yetersiz kaliyor Gerçekten çok sıkıntı oluyor, bir an önce ilgilenirseniz sevinirim.",Hizmet Talebi (Service Request),Finans,Masraf & Ödeme,Kurumsal Kredi Kartı Limit Artırımı,Düşük,"{'cozum_basligi': 'Kurumsal kredi kartı limit artırım süreci', 'adimlar': ['Adım 1: Mevcut limit, kullanım geçmişi ve talep gerekçesi kaydedilir.', 'Adım 2: Yönetici ve finans müdürü onayına gönderilir.', 'Adım 3: Onay sonrası banka ile limit artırım talebi iletilir ve süreç takip edilir.'], 'self_service_uygun_mu': False}","['ad_soyad', 'mevcut_limit', 'talep_edilen_limit', 'gerekce']","Mevcut kart limitiniz nedir ve ne kadar artış talep ediyorsunuz, gerekçeniz nedir?"
T-4397,"Toros Nakliyat IBAN'ını değiştirmiş, mutabakat yapmadan ödeme geçmeyelim.",Hizmet Talebi (Service Request),Finans,Masraf & Ödeme,Tedarikçi IBAN/Vade Mutabakatı,Düşük,"{'cozum_basligi': 'Tedarikçi IBAN/vade mutabakat süreci', 'adimlar': ['Adım 1: Tedarikçinin sistemde kayıtlı IBAN ve vade koşulları kontrol edilir.', 'Adım 2: Tedarikçiden güncel IBAN/vade bilgisini teyit eden resmi yazı istenir.', 'Adım 3: Bilgiler güncellendikten sonra mutabakat formu karşılıklı imzalanarak kapatılır.'], 'self_service_uygun_mu': False}","['tedarikci_adi', 'mevcut_iban', 'yeni_iban_bilgisi']",Tedarikçinin IBAN bilgisi mi değişti yoksa vade koşullarında bir anlaşmazlık mı var?
T-4398,"Mavi Lojistik Ltd. firmasından gelen USD faturayı sisteme giremiyorum, para birimi seçeneği çıkmıyor.",Hizmet Talebi (Service Request),Finans,Masraf & Ödeme,Çoklu Para Birimli Fatura Girişi,Yüksek,"{'cozum_basligi': 'Çoklu para birimli fatura giriş desteği', 'adimlar': ['Adım 1: Faturanın orijinal para birimi ve tutarı doğrulanır.', 'Adım 2: ERP sisteminde ilgili para birimi tanımlı değilse muhasebe sistem ekibi tanımlama yapar.', 'Adım 3: Fatura, güncel kur ile TL karşılığı hesaplanarak sisteme işlenir.'], 'self_service_uygun_mu': False}","['fatura_no', 'tedarikci_adi', 'para_birimi', 'tutar']",Faturanın para birimi nedir (USD/EUR/GBP) ve sistemde bu para birimiyle giriş yapabiliyor musunuz?
T-4399,"Kişisel sebeplerden 1 ay ücretsiz izin kullanmak istiyorum, mümkün mü?",Hizmet Talebi (Service Request),İnsan Kaynakları,İzin Yönetimi,Ücretsiz İzin Talebi,Düşük,"{'cozum_basligi': 'Ücretsiz izin talebi değerlendirme süreci', 'adimlar': ['Adım 1: Talep gerekçesi ve süresi ile birlikte kaydedilir.', 'Adım 2: Yönetici ve İK onayına gönderilir, SGK bildirimi gerekliliği kontrol edilir.', 'Adım 3: Onaylanması halinde ücretsiz izin süresi bordro ve SGK sistemine işlenir.'], 'self_service_uygun_mu': False}","['ad_soyad', 'talep_suresi', 'gerekce']",Ne kadar süreyle ücretsiz izin kullanmak istiyorsunuz ve gerekçeniz nedir?
T-4400,"Lütfen acil Ahmet Aydın - soyadım resmi olarak değişti, bordro ve mail imzamda da güncellenmesi lazım. Gerçekten çok sıkıntı oluyor, bir an önce ilgilenirseniz sevinirim.",Hizmet Talebi (Service Request),İnsan Kaynakları,Bordro & Özlük,Soyadı Değişikliği,Orta,"{'cozum_basligi': 'Soyadı değişikliği kayıt güncelleme süreci', 'adimlar': ['Adım 1: Nüfus cüzdanı/kimlik belgesinin güncel hali çalışandan talep edilir.', 'Adım 2: İK sistemi, bordro sistemi ve e-posta imzası gibi tüm kayıtlarda soyadı güncellenir.', 'Adım 3: Güncelleme tamamlandığında çalışana ve ilgili birimlere (IT, muhasebe) bilgi verilir.'], 'self_service_uygun_mu': False}","['ad_soyad', 'eski_soyad', 'yeni_kimlik_belgesi']","Yeni kimlik belgenizi paylaşabilir misiniz, hangi sistemlerde güncelleme yapmamızı istersiniz?"
T-4401,Internetim kopuyor surekli video konferans yaparken cok rahatsiz edici,Arıza (Incident),Bilgi Teknolojileri,Ağ/Network,İnternet Bağlantı Sorunu,Yüksek,"{'cozum_basligi': 'İnternet bağlantı arızası ilk müdahale', 'adimlar': ['Adım 1: Modem/router yeniden başlatılır, kablo bağlantıları kontrol edilir.', 'Adım 2: Farklı bir cihaz veya prizden bağlantı test edilir.', 'Adım 3: Sorun devam ederse altyapı ekibine ticket açılır ve etkilenen kişi sayısı raporlanır.'], 'self_service_uygun_mu': True}","['ofis_lokasyon', 'etkilenen_kisi_sayisi', 'baslangic_zamani']",Kaç kişiyi etkiliyor bu sorun ve hangi lokasyondasınız?
T-4402,"Barış Öztürk - bireysel emeklilik katkı payımı değiştirmek istiyorum, formu nereden alabilirim?",Hizmet Talebi (Service Request),İnsan Kaynakları,Bordro & Özlük,BES (Bireysel Emeklilik) Kesintisi Talebi,Orta,"{'cozum_basligi': 'BES kesinti oranı/katılım işlemi düzenleme', 'adimlar': ['Adım 1: Çalışanın mevcut BES katılım durumu ve kesinti oranı sistemden kontrol edilir.', 'Adım 2: Talep edilen değişiklik (katılım, çıkış, oran güncelleme) BES şirketine iletilir.', 'Adım 3: Onay sonrası bordro kesinti kalemi güncellenir ve çalışana bilgi verilir.'], 'self_service_uygun_mu': False}","['ad_soyad', 'talep_turu', 'yeni_kesinti_orani']",BES'ten çıkmak mı istiyorsunuz yoksa kesinti oranınızı mı değiştirmek istiyorsunuz?
T-4403,"Muhasebe klasörüne erişim yetkim yok, projemde ihtiyacım var.",Hizmet Talebi (Service Request),Bilgi Teknolojileri,Güvenlik ve Erişim,Sistem/Klasör Yetki Talebi,Yüksek,"{'cozum_basligi': 'Sistem/klasör yetki tanımlama süreci', 'adimlar': ['Adım 1: Talep, ilgili departman yöneticisinin onayına gönderilir.', 'Adım 2: Onay sonrası erişim, en az yetki prensibiyle tanımlanır.', 'Adım 3: Yetki tanımlandıktan sonra kullanıcıya bilgilendirme yapılır ve ticket kapatılır.'], 'self_service_uygun_mu': False}","['kullanici_adi', 'klasor_sistem_adi', 'yonetici_onayi']",Hangi klasöre veya sisteme erişim yetkisi talep ediyorsunuz ve yöneticinizin onayı var mı?
T-4404,"Çok acil, Sandalyemin tekerleklerinden biri kırıldı, oturması sallanıyor.",Arıza (Incident),İdari İşler,Bina/Tesis Bakım,Ofis Mobilya Arızası (Ergonomik Masa/Koltuk),Düşük,"{'cozum_basligi': 'Ergonomik mobilya arıza/bakım süreci', 'adimlar': ['Adım 1: Arızanın türü (mekanizma, yükseklik ayarı, tekerlek vb.) tespit edilir.', 'Adım 2: Bina bakım ekibi basit onarımı yerinde dener.', 'Adım 3: Onarılamıyorsa parça değişimi veya mobilya değişimi için satınalma sürecine yönlendirilir.'], 'self_service_uygun_mu': False}","['mobilya_turu', 'ofis_lokasyon', 'ariza_tanimi']","Koltuğunuzda mı yoksa masanızda mı sorun var, tam olarak ne arızalandı?"
T-4405,Murat Arslan - ailevi bir durum nedeniyle 2 haftalık ücretsiz izin talep ediyorum.,Hizmet Talebi (Service Request),İnsan Kaynakları,İzin Yönetimi,Ücretsiz İzin Talebi,Orta,"{'cozum_basligi': 'Ücretsiz izin talebi değerlendirme süreci', 'adimlar': ['Adım 1: Talep gerekçesi ve süresi ile birlikte kaydedilir.', 'Adım 2: Yönetici ve İK onayına gönderilir, SGK bildirimi gerekliliği kontrol edilir.', 'Adım 3: Onaylanması halinde ücretsiz izin süresi bordro ve SGK sistemine işlenir.'], 'self_service_uygun_mu': False}","['ad_soyad', 'talep_suresi', 'gerekce']",Ne kadar süreyle ücretsiz izin kullanmak istiyorsunuz ve gerekçeniz nedir?
T-4406,"Ar-Ge ortak paylaşım alanına erişim talep ediyorum, yöneticim onaylayacak.",Hizmet Talebi (Service Request),Bilgi Teknolojileri,Güvenlik ve Erişim,Sistem/Klasör Yetki Talebi,Orta,"{'cozum_basligi': 'Sistem/klasör yetki tanımlama süreci', 'adimlar': ['Adım 1: Talep, ilgili departman yöneticisinin onayına gönderilir.', 'Adım 2: Onay sonrası erişim, en az yetki prensibiyle tanımlanır.', 'Adım 3: Yetki tanımlandıktan sonra kullanıcıya bilgilendirme yapılır ve ticket kapatılır.'], 'self_service_uygun_mu': False}","['kullanici_adi', 'klasor_sistem_adi', 'yonetici_onayi']",Hangi klasöre veya sisteme erişim yetkisi talep ediyorsunuz ve yöneticinizin onayı var mı?
T-4407,Acilen Ucretsiz izin almak istiyorum yurtdisi cikisim var 15 gunluk,Hizmet Talebi (Service Request),İnsan Kaynakları,İzin Yönetimi,Ücretsiz İzin Talebi,Düşük,"{'cozum_basligi': 'Ücretsiz izin talebi değerlendirme süreci', 'adimlar': ['Adım 1: Talep gerekçesi ve süresi ile birlikte kaydedilir.', 'Adım 2: Yönetici ve İK onayına gönderilir, SGK bildirimi gerekliliği kontrol edilir.', 'Adım 3: Onaylanması halinde ücretsiz izin süresi bordro ve SGK sistemine işlenir.'], 'self_service_uygun_mu': False}","['ad_soyad', 'talep_suresi', 'gerekce']",Ne kadar süreyle ücretsiz izin kullanmak istiyorsunuz ve gerekçeniz nedir?
T-4408,15 Kasim tarihleri arasi 5 gun yillik izzin kullanmak istiyorum.,Hizmet Talebi (Service Request),İnsan Kaynakları,İzin Yönetimi,Yıllık İzin Talebi/Bakiye Sorgulama,Düşük,"{'cozum_basligi': 'Yıllık izin talebi/bakiye sorgulama süreci', 'adimlar': ['Adım 1: İK portalından güncel izin bakiyesi kontrol edilir.', 'Adım 2: Talep edilen tarih aralığı yöneticinin onayına gönderilir.', 'Adım 3: Onay sonrası izin sistemde işlenir ve bordroya yansıtılır.'], 'self_service_uygun_mu': True}","['ad_soyad', 'izin_baslangic_bitis_tarihi']","Hangi tarihler arasında izin kullanmak istiyorsunuz, yoksa sadece bakiye mi öğrenmek istiyorsunuz?"
T-4409,"Rica etsem acil Toplantı odasındaki klima hiç soğutmuyor, çok bunaltıcı oluyor uzun toplantılarda. Bu konuda epeydir mağdurum, lütfen hızlı dönüş yapar mısınız?",Arıza (Incident),İdari İşler,Bina/Tesis Bakım,Klima/Isıtma Arızası,Düşük,"{'cozum_basligi': 'Klima/ısıtma sistemi arıza giderme', 'adimlar': ['Adım 1: Termostat ayarları ve cihazın açık olup olmadığı kontrol edilir.', 'Adım 2: Bina teknik ekibi filtre/gaz durumunu yerinde kontrol eder.', 'Adım 3: Kalıcı arıza tespit edilirse bakım/onarım için dış servis çağrılır.'], 'self_service_uygun_mu': False}","['ofis_lokasyon', 'cihaz_konumu', 'sorun_tanimi']","Klima hiç çalışmıyor mu yoksa soğutmuyor/ısıtmıyor mu, hangi bölgedesiniz?"
T-4410,"Muhasebe sunucusuna erişim yok, tüm ekip etkilendi 9 Mayıs sabahından beri. Ne zaman çözülür acaba?",Arıza (Incident),Bilgi Teknolojileri,Sunucu/Sistem,Sunucu/Servis Kesintisi,Kritik,"{'cozum_basligi': 'Sunucu/servis kesintisi acil müdahale', 'adimlar': ['Adım 1: Sunucu/servis durumu izleme panelinden kontrol edilir, etkilenen servisler belirlenir.', 'Adım 2: Sunucu ekibi tarafından servis yeniden başlatılır veya yük devretme (failover) uygulanır.', 'Adım 3: Kök neden analizi için kritik öncelikli ticket açılır ve ilgili birimlere bilgi verilir.'], 'self_service_uygun_mu': False}","['etkilenen_sistem_adi', 'baslangic_zamani', 'etkilenen_kullanici_sayisi']",Bu kesinti tüm şirketi mi yoksa belirli bir departmanı mı etkiliyor?
T-4411,"14 Haziran tarihinde evleniyorum, 3 günlük evlilik iznimi kullanmak istiyorum.",Hizmet Talebi (Service Request),İnsan Kaynakları,İzin Yönetimi,Evlilik İzni Talebi,Orta,"{'cozum_basligi': 'Evlilik izni tanımlama süreci', 'adimlar': ['Adım 1: Evlilik tarihi ve evlilik cüzdanı bilgisi talep edilir.', 'Adım 2: İş kanunu kapsamındaki 3 günlük evlilik izni sisteme tanımlanır.', 'Adım 3: Yönetici onayı sonrası izin takvime işlenir.'], 'self_service_uygun_mu': False}","['ad_soyad', 'evlilik_tarihi', 'izin_baslangic_tarihi']",Evlilik tarihiniz nedir ve izninizi ne zaman kullanmak istiyorsunuz?
T-4412,"Rica etsem acil Bilgisayar açılırken mavi ekran hatası veriyor, tekrar tekrar deniyorum olmuyor. İşlerim çok aksıyor, acil çözüm bekliyorum.",Arıza (Incident),Bilgi Teknolojileri,Donanım,Bilgisayar Arıza/Onarım,Orta,"{'cozum_basligi': 'Bilgisayar donanım arızası ilk müdahale', 'adimlar': ['Adım 1: Cihaz kapatılıp yeniden başlatılır, güç kablosu ve bağlantılar kontrol edilir.', 'Adım 2: Uzaktan tanı aracıyla donanım sağlık testi çalıştırılır.', 'Adım 3: Sorun devam ederse yerinde teknik destek için ticket açılır ve teknisyen yönlendirilir.'], 'self_service_uygun_mu': True}","['cihaz_seri_no', 'kullanici_adi', 'ofis_lokasyon', 'ariza_baslangic_zamani']",Sorun ne zaman başladı ve hangi lokasyondaki cihazdan bahsediyoruz?
T-4413,"Yeni işe başlayan arkadaşımız için bir laptop ve monitör kurulumu gerekiyor, 5. kat açık ofis.",Hizmet Talebi (Service Request),Bilgi Teknolojileri,Donanım,Yeni Ekipman Kurulumu,Orta,"{'cozum_basligi': 'Yeni donanım ekipmanı kurulum süreci', 'adimlar': ['Adım 1: Talep, envanter ve bütçe onayı için yöneticiye/IT sorumlusuna iletilir.', 'Adım 2: Uygun ekipman depo stoğundan veya satın alma sürecinden temin edilir.', 'Adım 3: Kurulum IT saha ekibi tarafından belirlenen tarihte yerinde gerçekleştirilir.'], 'self_service_uygun_mu': False}","['ekipman_turu', 'kullanici_adi', 'ofis_lokasyon', 'talep_tarihi']","Hangi ekipmana ihtiyacınız var ve kimin için, hangi lokasyona kurulacak?"
T-4414,"Ana bina lobi'daki koltuğum çok yıpranmış, sırt desteği tamamen çökmüş, bel ağrım oluyor artık.",Hizmet Talebi (Service Request),İdari İşler,Bina/Tesis Bakım,Ofis Mobilya Arızası (Ergonomik Masa/Koltuk),Orta,"{'cozum_basligi': 'Ergonomik mobilya arıza/bakım süreci', 'adimlar': ['Adım 1: Arızanın türü (mekanizma, yükseklik ayarı, tekerlek vb.) tespit edilir.', 'Adım 2: Bina bakım ekibi basit onarımı yerinde dener.', 'Adım 3: Onarılamıyorsa parça değişimi veya mobilya değişimi için satınalma sürecine yönlendirilir.'], 'self_service_uygun_mu': False}","['mobilya_turu', 'ofis_lokasyon', 'ariza_tanimi']","Koltuğunuzda mı yoksa masanızda mı sorun var, tam olarak ne arızalandı?"
T-4415,"Çok acil, Raporlama ekranı 'veritabanına bağlanılamıyor' hatası veriyor. Gerçekten çok sıkıntı oluyor, bir an önce ilgilenirseniz sevinirim.",Arıza (Incident),Bilgi Teknolojileri,Sunucu/Sistem,Veritabanı Erişim Hatası,Yüksek,"{'cozum_basligi': 'Veritabanı erişim hatası çözümü', 'adimlar': ['Adım 1: Kullanıcının veritabanı bağlantı ayarları ve yetkileri kontrol edilir.', 'Adım 2: Veritabanı servisinin çalışır durumda olup olmadığı sistem ekibince doğrulanır.', 'Adım 3: Yetki/bağlantı sorunu devam ediyorsa veritabanı yöneticisine (DBA) ticket yönlendirilir.'], 'self_service_uygun_mu': False}","['veritabani_adi', 'hata_mesaji', 'kullanici_adi']",Hangi uygulama/veritabanına erişmeye çalışıyorsunuz ve tam hata mesajı nedir?
T-4416,VPN şifremi doğru giriyorum ama 'yetkisiz erişim' hatası aıyorum.,Arıza (Incident),Bilgi Teknolojileri,Ağ/Network,VPN Erişim Sorunu,Orta,"{'cozum_basligi': 'VPN bağlantı sorunu çözümü', 'adimlar': ['Adım 1: VPN istemcisi güncel mi kontrol edilir, kullanıcı adı/şifre doğrulanır.', 'Adım 2: İnternet bağlantısı ve güvenlik duvarı ayarları kontrol edilir, istemci yeniden başlatılır.', 'Adım 3: Erişim devam etmiyorsa VPN sertifikası/erişim yetkisi için ticket açılır.'], 'self_service_uygun_mu': True}","['kullanici_adi', 'cihaz_turu', 'hata_mesaji']",VPN'e hiç bağlanamıyor musunuz yoksa bağlanıp kısa süre sonra mı düşüyorsunuz? Bir hata mesajı görüyor musunuz?
T-4417,"Muhasebe sunucusuna erişim yok, tüm ekip etkilendi 14 Şubat sabahından beri.",Arıza (Incident),Bilgi Teknolojileri,Sunucu/Sistem,Sunucu/Servis Kesintisi,Kritik,"{'cozum_basligi': 'Sunucu/servis kesintisi acil müdahale', 'adimlar': ['Adım 1: Sunucu/servis durumu izleme panelinden kontrol edilir, etkilenen servisler belirlenir.', 'Adım 2: Sunucu ekibi tarafından servis yeniden başlatılır veya yük devretme (failover) uygulanır.', 'Adım 3: Kök neden analizi için kritik öncelikli ticket açılır ve ilgili birimlere bilgi verilir.'], 'self_service_uygun_mu': False}","['sunucu_adi', 'hata_kodu', 'etki_alani']","Hangi sistem/servis erişilemiyor ve kaç kullanıcıyı etkiliyor, sorun ne zaman başladı?"
T-4418,"Masam çok eski ve çizik, değişmesini istiyorum.",Hizmet Talebi (Service Request),İdari İşler,Satınalma/Malzeme,Ofis Mobilya Değişimi,Düşük,"{'cozum_basligi': 'Ofis mobilyası değişim süreci', 'adimlar': ['Adım 1: Mevcut mobilyanın durumu değerlendirilir ve değişim gerekçesi kaydedilir.', 'Adım 2: Bütçe/onay süreci tamamlandıktan sonra satınalma talebi açılır.', 'Adım 3: Yeni mobilya teslim alınıp kurulumu yapılır, eski mobilya değişim için alınır.'], 'self_service_uygun_mu': False}","['mobilya_turu', 'ofis_lokasyon', 'degisim_gerekcesi']",Hangi mobilyanın değişmesini istiyorsunuz ve mevcut olanın sorunu nedir?
T-4419,"Yazici kagidi bitti, birkac paket A4 kagit rica ederim Ankara ofisii.",Hizmet Talebi (Service Request),İdari İşler,Satınalma/Malzeme,Kırtasiye Malzeme Talebi,Düşük,"{'cozum_basligi': 'Kırtasiye malzeme temini', 'adimlar': ['Adım 1: Talep departman yöneticisi onayına iletilir.', 'Adım 2: Depo stoğundan malzemeler hazırlanır.', 'Adım 3: Malzemeler belirtilen teslimat lokasyonuna gönderilir.'], 'self_service_uygun_mu': False}","['malzeme_listesi_miktar', 'departman', 'teslimat_lokasyonu']","Hangi malzemelerden ne miktarda ihtiyacınız var, liste hâlinde belirtebilir misiniz?"
T-4420,Sifre sifirlama lazim Mehmet Koç,Hizmet Talebi (Service Request),Bilgi Teknolojileri,Güvenlik ve Erişim,Şifre Sıfırlama,Yüksek,"{'cozum_basligi': 'Şifre sıfırlama işlemi', 'adimlar': ['Adım 1: Kimlik doğrulama (çalışan sicil no / kayıtlı e-posta) yapılır.', 'Adım 2: Self servis şifre sıfırlama portalı üzerinden geçici şifre oluşturulur.', 'Adım 3: Portal üzerinden çözülemiyorsa IT güvenlik ekibi manuel sıfırlama için ticket açar.'], 'self_service_uygun_mu': True}","['kullanici_adi', 'sicil_no', 'sistem_adi']",Şifrenizi mi unuttunuz yoksa hesabınız mı kilitlendi?
T-4421,"Onur Koç - bu yıl kaç gün izin kullandım, kalan hakkımı öğrenebilir miyim?",Bilgi Talebi (Information),İnsan Kaynakları,İzin Yönetimi,Yıllık İzin Talebi/Bakiye Sorgulama,Düşük,"{'cozum_basligi': 'Yıllık izin talebi/bakiye sorgulama süreci', 'adimlar': ['Adım 1: İK portalından güncel izin bakiyesi kontrol edilir.', 'Adım 2: Talep edilen tarih aralığı yöneticinin onayına gönderilir.', 'Adım 3: Onay sonrası izin sistemde işlenir ve bordroya yansıtılır.'], 'self_service_uygun_mu': True}","['ad_soyad', 'izin_baslangic_bitis_tarihi']","Hangi tarihler arasında izin kullanmak istiyorsunuz, yoksa sadece bakiye mi öğrenmek istiyorsunuz?"
T-4422,"Mavi Lojistik Ltd. bizi aradı fatura ödemesi gecikmiş, kontrol eder misiniz?",Hizmet Talebi (Service Request),Finans,Masraf & Ödeme,Fatura Ödeme Takibi,Orta,"{'cozum_basligi': 'Fatura ödeme durumu takibi', 'adimlar': ['Adım 1: Fatura numarası ile muhasebe/ERP sisteminde ödeme kaydı sorgulanır.', 'Adım 2: Ödeme planlanan tarih ve onay durumu kontrol edilir.', 'Adım 3: Gecikme varsa ödeme sorumlusuna hatırlatma yapılır ve tedarikçiye bilgi verilir.'], 'self_service_uygun_mu': True}","['fatura_no', 'vade_tarihi']",Fatura numarasını ve tedarikçi firma adını paylaşabilir misiniz?
T-4423,"Röportaj için basın mensubu geliyor 3 Temmuz, güvenlik onayı gerekyior.",Hizmet Talebi (Service Request),İdari İşler,Güvenlik & Ulaşım,Ziyaretçi Giriş Talebi,Orta,"{'cozum_basligi': 'Ziyaretçi giriş kaydı oluşturma', 'adimlar': ['Adım 1: Ziyaretçi bilgileri (ad soyad, TC/kimlik, ziyaret amacı) alınır.', 'Adım 2: Güvenlik birimine ziyaret tarihi ve saati bildirilir.', 'Adım 3: Ziyaretçi giriş gününde resepsiyonda kayıt yapılıp kartı teslim edilir.'], 'self_service_uygun_mu': False}","['ziyaretci_ad_soyad', 'ziyaret_tarihi_saati', 'ziyaret_edilen_kisi']","Ziyaretçinin adı, ziyaret tarihi/saati ve kimi ziyaret edeceği bilgisini alabilir miyim?"
T-4424,Kartim calismiyor turnikeden gecemiyorum belki bozulmustur,Hizmet Talebi (Service Request),İdari İşler,Güvenlik & Ulaşım,Kayıp Giriş Kartı,Yüksek,"{'cozum_basligi': 'Kayıp giriş kartı iptal ve yeniden basım süreci', 'adimlar': ['Adım 1: Kayıp kart derhal sistem üzerinden iptal edilir, güvenlik riski önlenir.', 'Adım 2: Kimlik doğrulaması sonrası yeni kart basım talebi oluşturulur.', 'Adım 3: Yeni kart resepsiyon/güvenlik biriminden teslim alınır.'], 'self_service_uygun_mu': False}","['ad_soyad', 'sicil_no', 'kayip_tarihi']","Kartınızı en son ne zaman ve nerede kullandığınızı hatırlıyor musunuz, kaybolduğunu mu düşünüyorsunuz?"
T-4425,"Damga vergisi kesintim geçen aya göre çok farklı çıktı, sebebini öğrenebilir miyim?",Bilgi Talebi (Information),İnsan Kaynakları,Bordro & Özlük,Bordro Vergi Matrahı İtirazı,Yüksek,"{'cozum_basligi': 'Bordro vergi matrahı itiraz inceleme süreci', 'adimlar': ['Adım 1: İtiraz edilen dönemin vergi matrahı ve dilim hesaplaması bordro ekibi tarafından yeniden kontrol edilir.', 'Adım 2: Kümülatif matrah hesaplamasında hata olup olmadığı muhasebe ile teyit edilir.', 'Adım 3: Hata tespit edilirse düzeltme bir sonraki bordro döneminde uygulanır ve çalışana açıklama yapılır.'], 'self_service_uygun_mu': False}","['ad_soyad', 'donem', 'itiraz_detayi']","Vergi diliminin değiştiğini mi düşünüyorsunuz, yoksa kümülatif matrah hesaplamasında bir hata mı görüyorsunuz?"
T-4426,"VPN sürekli düşüyor, çalışırken bağlantı kopuyor, çok sinir bozucu.",Hizmet Talebi (Service Request),Bilgi Teknolojileri,Ağ/Network,VPN Erişim Sorunu,Düşük,"{'cozum_basligi': 'VPN bağlantı sorunu çözümü', 'adimlar': ['Adım 1: VPN istemcisi güncel mi kontrol edilir, kullanıcı adı/şifre doğrulanır.', 'Adım 2: İnternet bağlantısı ve güvenlik duvarı ayarları kontrol edilir, istemci yeniden başlatılır.', 'Adım 3: Erişim devam etmiyorsa VPN sertifikası/erişim yetkisi için ticket açılır.'], 'self_service_uygun_mu': True}","['kullanici_adi', 'cihaz_turu', 'hata_mesaji']",Evden mi yoksa başka bir lokasyondan mı bağlanmaya çalışıyorsunuz?
T-4427,"Fotokopi makinesi calismiyor, tulara basinca tepki vermiyor.",Arıza (Incident),İdari İşler,Ofis Ekipmanı,Yazıcı/Fotokopi Arıza Bildirimi,Orta,"{'cozum_basligi': 'Yazıcı/fotokopi arıza giderme', 'adimlar': ['Adım 1: Kağıt sıkışması, kapak açık kalması gibi görünür arızalar kontrol edilir.', 'Adım 2: Cihaz yeniden başlatılır ve sürücü/bağlantı ayarları kontrol edilir.', 'Adım 3: Sorun devam ederse teknik servis çağrısı için ticket açılır.'], 'self_service_uygun_mu': True}","['yazici_lokasyon', 'yazici_marka_model', 'ariza_tanimi']","Yazıcı hiç çalışmıyor mu, kağıt mı sıkıştı yoksa çıktı kalitesi mi kötü?"
T-4428,"8 Kasım tarihinde evlendim, medeni halimin güncellenmesi gerekiyor sistemde.",Hizmet Talebi (Service Request),İnsan Kaynakları,Bordro & Özlük,Evlilik Bildirimi,Düşük,"{'cozum_basligi': 'Evlilik durum değişikliği kayıt süreci', 'adimlar': ['Adım 1: Evlilik cüzdanı fotokopisi/belgesi çalışandan talep edilir.', 'Adım 2: Medeni hal ve varsa soyadı bilgisi İK sisteminde güncellenir.', 'Adım 3: Vergi matrahı, SGK ve varsa özel sağlık sigortası kayıtları güncellenmesi için ilgili birimlere bilgi verilir.'], 'self_service_uygun_mu': False}","['ad_soyad', 'evlilik_tarihi', 'evlilik_cuzdani_belgesi']","Evlilik tarihinizi ve evlilik cüzdanı belgesini paylaşabilir misiniz, medeni hal güncellemesi için gerekiyor?"
T-4429,"Fatma Öztürk - masaüstü bilgisayarımın fanı çok ses yapıyor ve ısınıyor, dikkatimi dağıtıyor. Bir de Masaüstümdeki dosyalara da erişemiyorum galiba",Arıza (Incident),Bilgi Teknolojileri,Donanım,Bilgisayar Arıza/Onarım,Orta,"{'cozum_basligi': 'Bilgisayar donanım arızası ilk müdahale', 'adimlar': ['Adım 1: Cihaz kapatılıp yeniden başlatılır, güç kablosu ve bağlantılar kontrol edilir.', 'Adım 2: Uzaktan tanı aracıyla donanım sağlık testi çalıştırılır.', 'Adım 3: Sorun devam ederse yerinde teknik destek için ticket açılır ve teknisyen yönlendirilir.'], 'self_service_uygun_mu': True}","['cihaz_seri_no', 'ofis_lokasyon', 'ariza_tanimi']","Cihazınız hiç açılmıyor mu yoksa açılıp kapanıyor mu, ayrıca cihazın seri numarasını paylaşabilir misiniz?"
T-4430,"Acilen Banka kredisi icin calisma belgesi lazim acil olabilir mi Gerçekten çok sıkıntı oluyor, bir an önce ilgilenirseniz sevinirim.",Hizmet Talebi (Service Request),İnsan Kaynakları,Bordro & Özlük,Özlük/Çalışma Belgesi Talebi,Düşük,"{'cozum_basligi': 'Özlük/çalışma belgesi düzenleme', 'adimlar': ['Adım 1: Talep edilen belge türü ve kullanım amacı teyit edilir.', 'Adım 2: İK sistemi üzerinden güncel çalışan bilgileriyle belge hazırlanır.', 'Adım 3: Belge imzalandıktan sonra çalışana e-posta veya elden teslim edilir.'], 'self_service_uygun_mu': True}","['ad_soyad', 'sicil_no', 'belge_turu', 'kullanim_amaci']","Hangi belgeye ihtiyacınız var (çalışma belgesi, hizmet dökümü vb.) ve hangi amaçla kullanılacak?"
T-4431,"Lütfen acil Yazıcı kağıdı bitti, birkaç paket A4 kağıt rica ederim Üretim tesisi idari bina. Ne zaman çözülür acaba?",Hizmet Talebi (Service Request),İdari İşler,Satınalma/Malzeme,Kırtasiye Malzeme Talebi,Orta,"{'cozum_basligi': 'Kırtasiye malzeme temini', 'adimlar': ['Adım 1: Talep departman yöneticisi onayına iletilir.', 'Adım 2: Depo stoğundan malzemeler hazırlanır.', 'Adım 3: Malzemeler belirtilen teslimat lokasyonuna gönderilir.'], 'self_service_uygun_mu': False}","['malzeme_listesi_miktar', 'departman', 'teslimat_lokasyonu']","Hangi malzemelerden ne miktarda ihtiyacınız var, liste hâlinde belirtebilir misiniz?"
T-4432,"Üretim tesisi idari bina kapısının kilidi bozuk, tam kapanmıyor.",Hizmet Talebi (Service Request),İdari İşler,Bina/Tesis Bakım,Bina İçi Teknik Bakım Talebi,Düşük,"{'cozum_basligi': 'Genel bina içi teknik bakım süreci', 'adimlar': ['Adım 1: Talep bina teknik bakım ekibine iletilir ve önceliklendirilir.', 'Adım 2: Uygun teknisyen belirlenen lokasyona yönlendirilir.', 'Adım 3: Bakım/onarım tamamlandıktan sonra talep sahibine bilgi verilir.'], 'self_service_uygun_mu': False}","['ofis_lokasyon', 'sorun_tanimi', 'uygun_zaman_araligi']","Sorun tam olarak nedir ve hangi alanda (kapı, su tesisatı, asansör vb.) yaşanıyor?"
T-4433,"Kartım çalındı sanırım, 26 Aralık akşamı otobüse kaybettim.",Hizmet Talebi (Service Request),İdari İşler,Güvenlik & Ulaşım,Kayıp Giriş Kartı,Yüksek,"{'cozum_basligi': 'Kayıp giriş kartı iptal ve yeniden basım süreci', 'adimlar': ['Adım 1: Kayıp kart derhal sistem üzerinden iptal edilir, güvenlik riski önlenir.', 'Adım 2: Kimlik doğrulaması sonrası yeni kart basım talebi oluşturulur.', 'Adım 3: Yeni kart resepsiyon/güvenlik biriminden teslim alınır.'], 'self_service_uygun_mu': False}","['ad_soyad', 'sicil_no', 'kayip_tarihi']","Kartınızı en son ne zaman ve nerede kullandığınızı hatırlıyor musunuz, kaybolduğunu mu düşünüyorsunuz?"
T-4434,"Lütfen acil Bilgisayarım açilmiyor acil yardım lazim 5. kat açık ofis. Bunun yanında Klavyem de arada tuş basmıyor, onu da kontrol ettirmek isterim",Arıza (Incident),Bilgi Teknolojileri,Donanım,Bilgisayar Arıza/Onarım,Yüksek,"{'cozum_basligi': 'Bilgisayar donanım arızası ilk müdahale', 'adimlar': ['Adım 1: Cihaz kapatılıp yeniden başlatılır, güç kablosu ve bağlantılar kontrol edilir.', 'Adım 2: Uzaktan tanı aracıyla donanım sağlık testi çalıştırılır.', 'Adım 3: Sorun devam ederse yerinde teknik destek için ticket açılır ve teknisyen yönlendirilir.'], 'self_service_uygun_mu': True}","['cihaz_seri_no', 'ofis_lokasyon', 'ariza_tanimi']","Cihazınız hiç açılmıyor mu yoksa açılıp kapanıyor mu, ayrıca cihazın seri numarasını paylaşabilir misiniz?"
T-4435,"Cansu Şimşek - maaş bordrosu ve çalışma belgesi ihtiyacım var, ev kirası için isteniyor.",Hizmet Talebi (Service Request),İnsan Kaynakları,Bordro & Özlük,Özlük/Çalışma Belgesi Talebi,Düşük,"{'cozum_basligi': 'Özlük/çalışma belgesi düzenleme', 'adimlar': ['Adım 1: Talep edilen belge türü ve kullanım amacı teyit edilir.', 'Adım 2: İK sistemi üzerinden güncel çalışan bilgileriyle belge hazırlanır.', 'Adım 3: Belge imzalandıktan sonra çalışana e-posta veya elden teslim edilir.'], 'self_service_uygun_mu': True}","['ad_soyad', 'sicil_no', 'belge_turu', 'kullanim_amaci']","Hangi belgeye ihtiyacınız var (çalışma belgesi, hizmet dökümü vb.) ve hangi amaçla kullanılacak?"
T-4436,"Tolga Kaya - seyahat masraf formum reddedildi ama sebep yazmıyor, öğrenebilir miyim?",Arıza (Incident),Finans,Masraf & Ödeme,Masraf/Harcama Formu Onayı,Düşük,"{'cozum_basligi': 'Masraf/harcama formu onay süreci takibi', 'adimlar': ['Adım 1: Formun onay akışındaki mevcut adımı (yönetici/finans) sistemden kontrol edilir.', 'Adım 2: Bekleyen onaycıya hatırlatma bildirimi gönderilir.', 'Adım 3: Onay gecikmesi devam ederse finans ekibi manuel müdahale için ticket açar.'], 'self_service_uygun_mu': True}","['ad_soyad', 'harcama_tarihi', 'tutar']",Formun numarasını veya harcama tutarını paylaşabilir misiniz?
T-4437,Sifre sifirlama lazim Gizem Koç,Hizmet Talebi (Service Request),Bilgi Teknolojileri,Güvenlik ve Erişim,Şifre Sıfırlama,Orta,"{'cozum_basligi': 'Şifre sıfırlama işlemi', 'adimlar': ['Adım 1: Kimlik doğrulama (çalışan sicil no / kayıtlı e-posta) yapılır.', 'Adım 2: Self servis şifre sıfırlama portalı üzerinden geçici şifre oluşturulur.', 'Adım 3: Portal üzerinden çözülemiyorsa IT güvenlik ekibi manuel sıfırlama için ticket açar.'], 'self_service_uygun_mu': True}","['kullanici_adi', 'sicil_no', 'sistem_adi']","Hangi sistemin şifresini sıfırlamamız gerekiyor: e-posta, bilgisayar girişi yoksa başka bir uygulama mı?"
T-4438,3.458 TL tutarındaki harcama formum 2 gündür beklemede.,Hizmet Talebi (Service Request),Finans,Masraf & Ödeme,Masraf/Harcama Formu Onayı,Yüksek,"{'cozum_basligi': 'Masraf/harcama formu onay süreci takibi', 'adimlar': ['Adım 1: Formun onay akışındaki mevcut adımı (yönetici/finans) sistemden kontrol edilir.', 'Adım 2: Bekleyen onaycıya hatırlatma bildirimi gönderilir.', 'Adım 3: Onay gecikmesi devam ederse finans ekibi manuel müdahale için ticket açar.'], 'self_service_uygun_mu': True}","['ad_soyad', 'harcama_tarihi', 'tutar']",Formun numarasını veya harcama tutarını paylaşabilir misiniz?
T-4439,"Gizem bilgisayarım açılmıyor, Kadıköy ofis ofisindeyim.",Arıza (Incident),Bilgi Teknolojileri,Donanım,Bilgisayar Arıza/Onarım,Yüksek,"{'cozum_basligi': 'Bilgisayar donanım arızası ilk müdahale', 'adimlar': ['Adım 1: Cihaz kapatılıp yeniden başlatılır, güç kablosu ve bağlantılar kontrol edilir.', 'Adım 2: Uzaktan tanı aracıyla donanım sağlık testi çalıştırılır.', 'Adım 3: Sorun devam ederse yerinde teknik destek için ticket açılır ve teknisyen yönlendirilir.'], 'self_service_uygun_mu': True}","['cihaz_seri_no', 'kullanici_adi', 'ofis_lokasyon', 'ariza_baslangic_zamani']",Sorun ne zaman başladı ve hangi lokasyondaki cihazdan bahsediyoruz?
T-4440,"Yöneticim onayladı, Netsis lisansımın aktifleştirilmesini rica ederim.",Hizmet Talebi (Service Request),Bilgi Teknolojileri,Yazılım,Yazılım Lisans/Kurulum Talebi,Orta,"{'cozum_basligi': 'Yazılım lisans/kurulum süreci', 'adimlar': ['Adım 1: Talep, lisans uygunluğu ve yönetici onayı için değerlendirilir.', 'Adım 2: Lisans anahtarı temin edilir veya mevcut lisans havuzundan atama yapılır.', 'Adım 3: Kurulum IT ekibi tarafından uzaktan veya yerinde gerçekleştirilir.'], 'self_service_uygun_mu': False}","['yazilim_adi', 'kullanici_adi', 'onay_bilgisi']",Yeni bir kurulum mu yoksa mevcut lisansın yenilenmesi mi gerekiyor?
T-4441,"Çok acil, Projeksiyon cihazı görüntü vermiyor, Toplantı Odası A'dayız şu an. İşlerim çok aksıyor, acil çözüm bekliyorum.",Arıza (Incident),İdari İşler,Ofis Ekipmanı,Toplantı Odası Ekipman Arızası (ClickShare/Projeksiyon),Düşük,"{'cozum_basligi': 'Toplantı odası ekran/görüntü aktarım arızası giderme', 'adimlar': ['Adım 1: ClickShare/HDMI kablosu ve cihazın güç bağlantısı kontrol edilir.', 'Adım 2: Ekran/projeksiyon cihazı yeniden başlatılır, giriş kaynağı kontrol edilir.', 'Adım 3: Sorun devam ederse toplantı öncesi acil teknik destek için ticket açılır.'], 'self_service_uygun_mu': True}","['oda_adi', 'hata_tanimi']",ClickShare mi yoksa HDMI/projeksiyon bağlantısında mı sorun yaşıyorsunuz?
T-4442,"Yöneticim onayladı, Logo Tiger lisansımın aktifleştirilmesini rica ederim.",Hizmet Talebi (Service Request),Bilgi Teknolojileri,Yazılım,Yazılım Lisans/Kurulum Talebi,Orta,"{'cozum_basligi': 'Yazılım lisans/kurulum süreci', 'adimlar': ['Adım 1: Talep, lisans uygunluğu ve yönetici onayı için değerlendirilir.', 'Adım 2: Lisans anahtarı temin edilir veya mevcut lisans havuzundan atama yapılır.', 'Adım 3: Kurulum IT ekibi tarafından uzaktan veya yerinde gerçekleştirilir.'], 'self_service_uygun_mu': False}","['yazilim_adi', 'kullanici_adi', 'onay_bilgisi']",Yeni bir kurulum mu yoksa mevcut lisansın yenilenmesi mi gerekiyor?
T-4443,"Çok acil, Kadıköy ofis'da klima aşırı ses yapıyor, çalışmayı zorlaştırıyor.",Arıza (Incident),İdari İşler,Bina/Tesis Bakım,Klima/Isıtma Arızası,Yüksek,"{'cozum_basligi': 'Klima/ısıtma sistemi arıza giderme', 'adimlar': ['Adım 1: Termostat ayarları ve cihazın açık olup olmadığı kontrol edilir.', 'Adım 2: Bina teknik ekibi filtre/gaz durumunu yerinde kontrol eder.', 'Adım 3: Kalıcı arıza tespit edilirse bakım/onarım için dış servis çağrılır.'], 'self_service_uygun_mu': False}","['ofis_lokasyon', 'cihaz_konumu', 'sorun_tanimi']","Klima hiç çalışmıyor mu yoksa soğutmuyor/ısıtmıyor mu, hangi bölgedesiniz?"
T-4444,"Nazlı Şimşek - planlarım değişti, 1 Mayıs tarihindeki iznimi bir hafta sonraya alabilir miyiz?",Hizmet Talebi (Service Request),İnsan Kaynakları,İzin Yönetimi,İzin İptal/Değişiklik,Orta,"{'cozum_basligi': 'İzin iptal/değişiklik işlemi', 'adimlar': ['Adım 1: Mevcut izin kaydı sistemde bulunur ve doğrulanır.', 'Adım 2: İptal/değişiklik talebi yöneticinin onayına yeniden gönderilir.', 'Adım 3: Onay sonrası izin bakiyesi ve takvim güncellenir.'], 'self_service_uygun_mu': True}","['ad_soyad', 'mevcut_izin_tarihi', 'yeni_talep']",İzninizi tamamen iptal mi etmek istiyorsunuz yoksa tarihini mi değiştirmek istiyorsunuz?
T-4445,"Çok acil, Maaşım bu ay eksik yattı sanırım, kontrol edebilir misiniz? Ne zaman çözülür acaba?",Arıza (Incident),İnsan Kaynakları,Bordro & Özlük,Bordro/Maaş Bilgisi Talebi,Düşük,"{'cozum_basligi': 'Bordro/maaş bilgisi inceleme süreci', 'adimlar': ['Adım 1: Çalışanın ilgili ay bordrosu bordro sisteminden çekilip incelenir.', 'Adım 2: Kesinti/ek ödeme kalemleri tek tek karşılaştırılır ve hata olup olmadığı tespit edilir.', 'Adım 3: Hata tespit edilirse düzeltme için bordro/muhasebe ekibine ticket açılır.'], 'self_service_uygun_mu': False}","['ad_soyad', 'donem', 'itiraz_konusu']",Maaşınızda eksik ödeme mi var yoksa fazla kesinti mi görüyorsunuz?
T-4446,"Çağrı merkezi katı'da klima aşırı ses yapıyor, çalışmayı zorlaştırıyor.",Arıza (Incident),İdari İşler,Bina/Tesis Bakım,Klima/Isıtma Arızası,Düşük,"{'cozum_basligi': 'Klima/ısıtma sistemi arıza giderme', 'adimlar': ['Adım 1: Termostat ayarları ve cihazın açık olup olmadığı kontrol edilir.', 'Adım 2: Bina teknik ekibi filtre/gaz durumunu yerinde kontrol eder.', 'Adım 3: Kalıcı arıza tespit edilirse bakım/onarım için dış servis çağrılır.'], 'self_service_uygun_mu': False}","['ofis_lokasyon', 'cihaz_konumu', 'sorun_tanimi']","Klima hiç çalışmıyor mu yoksa soğutmuyor/ısıtmıyor mu, hangi bölgedesiniz?"
T-4447,"Çok acil, Berk Yazilim Ltd. firmasindan gelen USD faturayi sisteme giremiyorum, pra birimi secenegi cikmiyor. Teşekkür ederim şimdiden.",Hizmet Talebi (Service Request),Finans,Masraf & Ödeme,Çoklu Para Birimli Fatura Girişi,Orta,"{'cozum_basligi': 'Çoklu para birimli fatura giriş desteği', 'adimlar': ['Adım 1: Faturanın orijinal para birimi ve tutarı doğrulanır.', 'Adım 2: ERP sisteminde ilgili para birimi tanımlı değilse muhasebe sistem ekibi tanımlama yapar.', 'Adım 3: Fatura, güncel kur ile TL karşılığı hesaplanarak sisteme işlenir.'], 'self_service_uygun_mu': False}","['fatura_no', 'tedarikci_adi', 'para_birimi', 'tutar']",Faturanın para birimi nedir (USD/EUR/GBP) ve sistemde bu para birimiyle giriş yapabiliyor musunuz?
T-4448,"Merve Kara - Berk Yazılım Ltd. ile yıl sonu mutabakatı yapmamız gerekiyor, bakiyeler tutmuyor.",Hizmet Talebi (Service Request),Finans,Masraf & Ödeme,Tedarikçi IBAN/Vade Mutabakatı,Yüksek,"{'cozum_basligi': 'Tedarikçi IBAN/vade mutabakat süreci', 'adimlar': ['Adım 1: Tedarikçinin sistemde kayıtlı IBAN ve vade koşulları kontrol edilir.', 'Adım 2: Tedarikçiden güncel IBAN/vade bilgisini teyit eden resmi yazı istenir.', 'Adım 3: Bilgiler güncellendikten sonra mutabakat formu karşılıklı imzalanarak kapatılır.'], 'self_service_uygun_mu': False}","['tedarikci_adi', 'mevcut_iban', 'yeni_iban_bilgisi']",Tedarikçinin IBAN bilgisi mi değişti yoksa vade koşullarında bir anlaşmazlık mı var?
T-4449,"Acilen Tedarikci vade suresi konusunda itiraz ediyor 30 gun degil 60 gun diyor Bu konuda epeydir mağdurum, lütfen hızlı dönüş yapar mısınız?",Bilgi Talebi (Information),Finans,Masraf & Ödeme,Tedarikçi IBAN/Vade Mutabakatı,Düşük,"{'cozum_basligi': 'Tedarikçi IBAN/vade mutabakat süreci', 'adimlar': ['Adım 1: Tedarikçinin sistemde kayıtlı IBAN ve vade koşulları kontrol edilir.', 'Adım 2: Tedarikçiden güncel IBAN/vade bilgisini teyit eden resmi yazı istenir.', 'Adım 3: Bilgiler güncellendikten sonra mutabakat formu karşılıklı imzalanarak kapatılır.'], 'self_service_uygun_mu': False}","['tedarikci_adi', 'mevcut_iban', 'yeni_iban_bilgisi']",Tedarikçinin IBAN bilgisi mi değişti yoksa vade koşullarında bir anlaşmazlık mı var?
T-4450,"Yonetim toplannti salonu icindeki hoparlor ses vermiyor, katilimcilar bizi duyamiyor.",Arıza (Incident),İdari İşler,Ofis Ekipmanı,Toplantı Odası Ekipman Arızası (ClickShare/Projeksiyon),Yüksek,"{'cozum_basligi': 'Toplantı odası ekran/görüntü aktarım arızası giderme', 'adimlar': ['Adım 1: ClickShare/HDMI kablosu ve cihazın güç bağlantısı kontrol edilir.', 'Adım 2: Ekran/projeksiyon cihazı yeniden başlatılır, giriş kaynağı kontrol edilir.', 'Adım 3: Sorun devam ederse toplantı öncesi acil teknik destek için ticket açılır.'], 'self_service_uygun_mu': True}","['oda_adi', 'ekipman_turu', 'toplanti_saati']",Hangi toplantı odasından bahsediyorsunuz ve toplantınız ne zaman başlıyor?
T-4451,"Esra Demir - bu yıl kaç gün izin kullandım, kalan hakkımı öğrenebilir miyim?",Bilgi Talebi (Information),İnsan Kaynakları,İzin Yönetimi,Yıllık İzin Talebi/Bakiye Sorgulama,Düşük,"{'cozum_basligi': 'Yıllık izin talebi/bakiye sorgulama süreci', 'adimlar': ['Adım 1: İK portalından güncel izin bakiyesi kontrol edilir.', 'Adım 2: Talep edilen tarih aralığı yöneticinin onayına gönderilir.', 'Adım 3: Onay sonrası izin sistemde işlenir ve bordroya yansıtılır.'], 'self_service_uygun_mu': True}","['ad_soyad', 'kalan_izin_sorgusu']","Hangi tarihler arasında izin kullanmak istiyorsunuz, yoksa sadece bakiye mi öğrenmek istiyorsunuz?"
T-4452,"Rica etsem acil Seda Çetin - taksi fişim rüzgarla uçtu, kayıp beyan formunu doldurmam yeterli mi?",Hizmet Talebi (Service Request),Finans,Masraf & Ödeme,Harcama Fişi Kayıp Beyanı,Orta,"{'cozum_basligi': 'Kayıp harcama fişi beyan ve alternatif belge süreci', 'adimlar': ['Adım 1: Kayıp fiş beyan formu doldurulur, harcama tutarı ve tarihi beyan edilir.', 'Adım 2: Mümkünse kredi kartı ekstresi/dekont gibi alternatif kanıt belgesi talep edilir.', 'Adım 3: Finans ekibi beyanı değerlendirip onaylarsa masraf formu istisnai olarak işleme alınır.'], 'self_service_uygun_mu': False}","['ad_soyad', 'harcama_tutari', 'harcama_tarihi', 'kayip_beyani_gerekcesi']",Fişi kaybettiğinize göre elinizde kredi kartı ekstresi gibi tutarı doğrulayacak başka bir belge var mı?
T-4453,"Çağrı merkezi katı'daki koltuğum çok yıpranmış, sırt desteği tamamen çökmüş, bel ağrım oluyor artık.",Hizmet Talebi (Service Request),İdari İşler,Bina/Tesis Bakım,Ofis Mobilya Arızası (Ergonomik Masa/Koltuk),Düşük,"{'cozum_basligi': 'Ergonomik mobilya arıza/bakım süreci', 'adimlar': ['Adım 1: Arızanın türü (mekanizma, yükseklik ayarı, tekerlek vb.) tespit edilir.', 'Adım 2: Bina bakım ekibi basit onarımı yerinde dener.', 'Adım 3: Onarılamıyorsa parça değişimi veya mobilya değişimi için satınalma sürecine yönlendirilir.'], 'self_service_uygun_mu': False}","['mobilya_turu', 'ofis_lokasyon', 'ariza_tanimi']","Koltuğunuzda mı yoksa masanızda mı sorun var, tam olarak ne arızalandı?"
T-4454,Yazıcı kağıt sıkıştırıyor sürekli Çağrı merkzi katı,Arıza (Incident),İdari İşler,Ofis Ekipmanı,Yazıcı/Fotokopi Arıza Bildirimi,Düşük,"{'cozum_basligi': 'Yazıcı/fotokopi arıza giderme', 'adimlar': ['Adım 1: Kağıt sıkışması, kapak açık kalması gibi görünür arızalar kontrol edilir.', 'Adım 2: Cihaz yeniden başlatılır ve sürücü/bağlantı ayarları kontrol edilir.', 'Adım 3: Sorun devam ederse teknik servis çağrısı için ticket açılır.'], 'self_service_uygun_mu': True}","['yazici_lokasyon', 'hata_kodu']","Yazıcı hiç çalışmıyor mu, kağıt mı sıkıştı yoksa çıktı kalitesi mi kötü?"
T-4455,"Zeynep bilgisayarım açılmıyor, Çağrı merkezi katı ofisindeyim.",Arıza (Incident),Bilgi Teknolojileri,Donanım,Bilgisayar Arıza/Onarım,Yüksek,"{'cozum_basligi': 'Bilgisayar donanım arızası ilk müdahale', 'adimlar': ['Adım 1: Cihaz kapatılıp yeniden başlatılır, güç kablosu ve bağlantılar kontrol edilir.', 'Adım 2: Uzaktan tanı aracıyla donanım sağlık testi çalıştırılır.', 'Adım 3: Sorun devam ederse yerinde teknik destek için ticket açılır ve teknisyen yönlendirilir.'], 'self_service_uygun_mu': True}","['cihaz_seri_no', 'kullanici_adi', 'ofis_lokasyon', 'ariza_baslangic_zamani']",Sorun ne zaman başladı ve hangi lokasyondaki cihazdan bahsediyoruz?
T-4456,"Lütfen acil Yusuf Erdogan - planlarim degisti, 16 Temmuz tarihindeki iznimi bir haffta sonraya alabilir miyiz? Gerçekten çok sıkıntı oluyor, bir an önce ilgilenirseniz sevinirim.",Hizmet Talebi (Service Request),İnsan Kaynakları,İzin Yönetimi,İzin İptal/Değişiklik,Düşük,"{'cozum_basligi': 'İzin iptal/değişiklik işlemi', 'adimlar': ['Adım 1: Mevcut izin kaydı sistemde bulunur ve doğrulanır.', 'Adım 2: İptal/değişiklik talebi yöneticinin onayına yeniden gönderilir.', 'Adım 3: Onay sonrası izin bakiyesi ve takvim güncellenir.'], 'self_service_uygun_mu': True}","['ad_soyad', 'mevcut_izin_tarihi', 'yeni_talep']",İzninizi tamamen iptal mi etmek istiyorsunuz yoksa tarihini mi değiştirmek istiyorsunuz?
T-4457,"Kurumsal krdei karti limitim yetmiyor, seyahatlerde surekli asim yapiyorum. İşlerim çok aksıyor, acil çözüm bekliyorum.",Hizmet Talebi (Service Request),Finans,Masraf & Ödeme,Kurumsal Kredi Kartı Limit Artırımı,Düşük,"{'cozum_basligi': 'Kurumsal kredi kartı limit artırım süreci', 'adimlar': ['Adım 1: Mevcut limit, kullanım geçmişi ve talep gerekçesi kaydedilir.', 'Adım 2: Yönetici ve finans müdürü onayına gönderilir.', 'Adım 3: Onay sonrası banka ile limit artırım talebi iletilir ve süreç takip edilir.'], 'self_service_uygun_mu': False}","['ad_soyad', 'mevcut_limit', 'talep_edilen_limit', 'gerekce']","Mevcut kart limitiniz nedir ve ne kadar artış talep ediyorsunuz, gerekçeniz nedir?"
T-4458,"Izin bakiyemi sistemde göremiyorum, sıfır gösteriyor ama kullanmadım hiç.",Bilgi Talebi (Information),İnsan Kaynakları,İzin Yönetimi,Yıllık İzin Talebi/Bakiye Sorgulama,Düşük,"{'cozum_basligi': 'Yıllık izin talebi/bakiye sorgulama süreci', 'adimlar': ['Adım 1: İK portalından güncel izin bakiyesi kontrol edilir.', 'Adım 2: Talep edilen tarih aralığı yöneticinin onayına gönderilir.', 'Adım 3: Onay sonrası izin sistemde işlenir ve bordroya yansıtılır.'], 'self_service_uygun_mu': True}","['ad_soyad', 'izin_baslangic_bitis_tarihi']","Hangi tarihler arasında izin kullanmak istiyorsunuz, yoksa sadece bakiye mi öğrenmek istiyorsunuz?"
T-4459,28 Aralık tarihinde işe başlayacak Esra Aslan için yeni hesap açılması gerekiyor.,Hizmet Talebi (Service Request),Bilgi Teknolojileri,Güvenlik ve Erişim,Yeni Kullanıcı Hesabı,Düşük,"{'cozum_basligi': 'Yeni kullanıcı hesabı açma süreci', 'adimlar': [""Adım 1: İK'dan işe giriş onayı ve pozisyon bilgisi teyit edilir."", 'Adım 2: Aktif Dizin üzerinde hesap oluşturulur ve gerekli grup üyelikleri tanımlanır.', 'Adım 3: E-posta ve sistem erişim bilgileri ilk giriş kılavuzuyla birlikte iletilir.'], 'self_service_uygun_mu': False}","['ad_soyad', 'yonetici_adi', 'gerekli_sistemler']","Yeni çalışanın işe başlama tarihi ve departmanı nedir, hangi sistemlere erişimi olması gerekiyor?"
T-4460,"Iizn talebimi yanlış girmişim, düzeltilmesi gerekiyor.",Hizmet Talebi (Service Request),İnsan Kaynakları,İzin Yönetimi,İzin İptal/Değişiklik,Orta,"{'cozum_basligi': 'İzin iptal/değişiklik işlemi', 'adimlar': ['Adım 1: Mevcut izin kaydı sistemde bulunur ve doğrulanır.', 'Adım 2: İptal/değişiklik talebi yöneticinin onayına yeniden gönderilir.', 'Adım 3: Onay sonrası izin bakiyesi ve takvim güncellenir.'], 'self_service_uygun_mu': True}","['ad_soyad', 'mevcut_izin_tarihi', 'yeni_talep']",İzninizi tamamen iptal mi etmek istiyorsunuz yoksa tarihini mi değiştirmek istiyorsunuz?
T-4461,Harcama fomu onaya dustu ama 5 gundur kimse onaylamadi,Hizmet Talebi (Service Request),Finans,Masraf & Ödeme,Masraf/Harcama Formu Onayı,Düşük,"{'cozum_basligi': 'Masraf/harcama formu onay süreci takibi', 'adimlar': ['Adım 1: Formun onay akışındaki mevcut adımı (yönetici/finans) sistemden kontrol edilir.', 'Adım 2: Bekleyen onaycıya hatırlatma bildirimi gönderilir.', 'Adım 3: Onay gecikmesi devam ederse finans ekibi manuel müdahale için ticket açar.'], 'self_service_uygun_mu': True}","['ad_soyad', 'harcama_tarihi', 'tutar']",Formun numarasını veya harcama tutarını paylaşabilir misiniz?
T-4462,"Teams'e giriş yapamıyorum, 'bir sorun oluştu' hatası çıkıyor sürekli. Bir de Bir de mail eklerini indiremiyorum aynı anda",Arıza (Incident),Bilgi Teknolojileri,Yazılım,Uygulama Hatası (Outlook/Teams/Excel vb.),Orta,"{'cozum_basligi': 'Uygulama hatası giderme', 'adimlar': ['Adım 1: Uygulama tamamen kapatılıp yeniden açılır, gerekirse bilgisayar yeniden başlatılır.', 'Adım 2: Uygulama güncellemesi kontrol edilir ve önbellek/geçici dosyalar temizlenir.', 'Adım 3: Hata devam ederse ekran görüntüsüyle birlikte yazılım destek ekibine ticket açılır.'], 'self_service_uygun_mu': True}","['uygulama_adi', 'hata_mesaji', 'kullanici_adi']","Hangi uygulamada ve tam olarak ne zaman bu hatayı alıyorsunuz, ekran görüntüsü paylaşabilir misiniz?"
T-4463,"Rica etsem acil Kalem defter A4 kağit lazım departmanımıza Bu konuda epeydir mağdurum, lütfen hızlı dönüş yapar mısınız?",Hizmet Talebi (Service Request),İdari İşler,Satınalma/Malzeme,Kırtasiye Malzeme Talebi,Düşük,"{'cozum_basligi': 'Kırtasiye malzeme temini', 'adimlar': ['Adım 1: Talep departman yöneticisi onayına iletilir.', 'Adım 2: Depo stoğundan malzemeler hazırlanır.', 'Adım 3: Malzemeler belirtilen teslimat lokasyonuna gönderilir.'], 'self_service_uygun_mu': False}","['malzeme_listesi_miktar', 'departman', 'teslimat_lokasyonu']","Hangi malzemelerden ne miktarda ihtiyacınız var, liste hâlinde belirtebilir misiniz?"
T-4464,"Acilen Bodrum kat arsiv yazicisinin toneri neredeyse bitti, yedek talep ediyoru.m",Hizmet Talebi (Service Request),İdari İşler,Ofis Ekipmanı,Toner/Kartuş Talebi,Düşük,"{'cozum_basligi': 'Toner/kartuş temin süreci', 'adimlar': ['Adım 1: Depo stok durumu kontrol edilir.', 'Adım 2: Uygun toner/kartuş belirtilen yazıcı lokasyonuna teslim edilir.', 'Adım 3: Stokta bulunmuyorsa satınalma süreci tetiklenir ve tahmini teslim süresi bildirilir.'], 'self_service_uygun_mu': False}","['yazici_lokasyon', 'yazici_marka_model', 'toner_kartus_kodu']","Yazıcının marka ve modeli nedir, doğru toner kodunu belirleyebilmemiz için gerekli?"
T-4465,"Rica etsem acil Fiş fotoğraflarını yükledim ama form bir türlü finansa düşmüyor sistemde. Gerçekten çok sıkıntı oluyor, bir an önce ilgilenirseniz sevinirim.",Arıza (Incident),Finans,Masraf & Ödeme,Masraf/Harcama Formu Onayı,Yüksek,"{'cozum_basligi': 'Masraf/harcama formu onay süreci takibi', 'adimlar': ['Adım 1: Formun onay akışındaki mevcut adımı (yönetici/finans) sistemden kontrol edilir.', 'Adım 2: Bekleyen onaycıya hatırlatma bildirimi gönderilir.', 'Adım 3: Onay gecikmesi devam ederse finans ekibi manuel müdahale için ticket açar.'], 'self_service_uygun_mu': True}","['form_no', 'tutar', 'onay_bekleyen_kisi']",Formun numarasını veya harcama tutarını paylaşabilir misiniz?
T-4466,"Muhasebe programı programı çok yavaş açılıyor, bazen hiç yanıt vermiyor.",Arıza (Incident),Bilgi Teknolojileri,Yazılım,Uygulama Hatası (Outlook/Teams/Excel vb.),Orta,"{'cozum_basligi': 'Uygulama hatası giderme', 'adimlar': ['Adım 1: Uygulama tamamen kapatılıp yeniden açılır, gerekirse bilgisayar yeniden başlatılır.', 'Adım 2: Uygulama güncellemesi kontrol edilir ve önbellek/geçici dosyalar temizlenir.', 'Adım 3: Hata devam ederse ekran görüntüsüyle birlikte yazılım destek ekibine ticket açılır.'], 'self_service_uygun_mu': True}","['uygulama_adi', 'isletim_sistemi', 'hata_ekran_goruntusu']",Uygulama hiç açılmıyor mu yoksa belirli bir işlem sırasında mı hata veriyor?
T-4467,"Muhasebe ortak paylaşım alanına erişim talep ediyorum, yöneticim onaylayacak.",Hizmet Talebi (Service Request),Bilgi Teknolojileri,Güvenlik ve Erişim,Sistem/Klasör Yetki Talebi,Düşük,"{'cozum_basligi': 'Sistem/klasör yetki tanımlama süreci', 'adimlar': ['Adım 1: Talep, ilgili departman yöneticisinin onayına gönderilir.', 'Adım 2: Onay sonrası erişim, en az yetki prensibiyle tanımlanır.', 'Adım 3: Yetki tanımlandıktan sonra kullanıcıya bilgilendirme yapılır ve ticket kapatılır.'], 'self_service_uygun_mu': False}","['kullanici_adi', 'erisim_seviyesi', 'departman']",Hangi klasöre veya sisteme erişim yetkisi talep ediyorsunuz ve yöneticinizin onayı var mı?
T-4468,"Ekip büyüdü, Ar-Ge için 2 yeni ekipman seti (bilgisayar+monitör) talep ediyoruz.",Hizmet Talebi (Service Request),Bilgi Teknolojileri,Donanım,Yeni Ekipman Kurulumu,Orta,"{'cozum_basligi': 'Yeni donanım ekipmanı kurulum süreci', 'adimlar': ['Adım 1: Talep, envanter ve bütçe onayı için yöneticiye/IT sorumlusuna iletilir.', 'Adım 2: Uygun ekipman depo stoğundan veya satın alma sürecinden temin edilir.', 'Adım 3: Kurulum IT saha ekibi tarafından belirlenen tarihte yerinde gerçekleştirilir.'], 'self_service_uygun_mu': False}","['ekipman_turu', 'kullanici_adi', 'ofis_lokasyon', 'talep_tarihi']","Hangi ekipmana ihtiyacınız var ve kimin için, hangi lokasyona kurulacak?"
T-4469,Kadıköy ofis yazıcısı 'kağıt sıkıştı' uyarısı veriyor ama iççeride kağıt görünmüyor.,Arıza (Incident),İdari İşler,Ofis Ekipmanı,Yazıcı/Fotokopi Arıza Bildirimi,Orta,"{'cozum_basligi': 'Yazıcı/fotokopi arıza giderme', 'adimlar': ['Adım 1: Kağıt sıkışması, kapak açık kalması gibi görünür arızalar kontrol edilir.', 'Adım 2: Cihaz yeniden başlatılır ve sürücü/bağlantı ayarları kontrol edilir.', 'Adım 3: Sorun devam ederse teknik servis çağrısı için ticket açılır.'], 'self_service_uygun_mu': True}","['yazici_lokasyon', 'yazici_marka_model', 'ariza_tanimi']",Hangi kattaki/lokasyondaki yazıcıdan bahsediyorsunuz?
T-4470,"Lütfen acil Işten cikis bildirgesi lazim yeni ise baslarken istediler Gerçekten çok sıkıntı oluyor, bir an önce ilgilenirseniz sevinirim.",Hizmet Talebi (Service Request),İnsan Kaynakları,Bordro & Özlük,SGK Giriş/Çıkış Evrakı Talebi,Orta,"{'cozum_basligi': 'SGK giriş/çıkış evrakı düzenleme', 'adimlar': ['Adım 1: Talep edilen belgenin türü (işe giriş bildirgesi/işten ayrılış bildirgesi) teyit edilir.', 'Adım 2: SGK e-Bildirge sisteminden ilgili belge sorgulanır ve çıktısı alınır.', 'Adım 3: Belge onaylanıp çalışana e-posta veya elden iletilir.'], 'self_service_uygun_mu': False}","['ad_soyad', 'sicil_no', 'belge_turu', 'kullanim_amaci']","İşe giriş bildirgesi mi yoksa işten ayrılış bildirgesi mi gerekiyor, hangi amaçla kullanılacak?"
T-4471,"Hakan Şahin - seyahat masraf formum reddedildi ama sebep yzamıyor, öğrenebilir miyim?",Arıza (Incident),Finans,Masraf & Ödeme,Masraf/Harcama Formu Onayı,Orta,"{'cozum_basligi': 'Masraf/harcama formu onay süreci takibi', 'adimlar': ['Adım 1: Formun onay akışındaki mevcut adımı (yönetici/finans) sistemden kontrol edilir.', 'Adım 2: Bekleyen onaycıya hatırlatma bildirimi gönderilir.', 'Adım 3: Onay gecikmesi devam ederse finans ekibi manuel müdahale için ticket açar.'], 'self_service_uygun_mu': True}","['form_no', 'tutar', 'onay_bekleyen_kisi']",Formun numarasını veya harcama tutarını paylaşabilir misiniz?
T-4472,"Mavi Lojistik Ltd. IBAN'ını değiştirmiş, mutabakat yapmadan ödeme geçmeyelim. Bu konuda epeydir mağdurum, lütfen hızlı dönüş yapar mısınız?",Bilgi Talebi (Information),Finans,Masraf & Ödeme,Tedarikçi IBAN/Vade Mutabakatı,Yüksek,"{'cozum_basligi': 'Tedarikçi IBAN/vade mutabakat süreci', 'adimlar': ['Adım 1: Tedarikçinin sistemde kayıtlı IBAN ve vade koşulları kontrol edilir.', 'Adım 2: Tedarikçiden güncel IBAN/vade bilgisini teyit eden resmi yazı istenir.', 'Adım 3: Bilgiler güncellendikten sonra mutabakat formu karşılıklı imzalanarak kapatılır.'], 'self_service_uygun_mu': False}","['tedarikci_adi', 'mevcut_iban', 'yeni_iban_bilgisi']",Tedarikçinin IBAN bilgisi mi değişti yoksa vade koşullarında bir anlaşmazlık mı var?
T-4473,"Yöneticim onayladı, SAP lisansımın aktifleştirilmesini rica ederim.",Hizmet Talebi (Service Request),Bilgi Teknolojileri,Yazılım,Yazılım Lisans/Kurulum Talebi,Düşük,"{'cozum_basligi': 'Yazılım lisans/kurulum süreci', 'adimlar': ['Adım 1: Talep, lisans uygunluğu ve yönetici onayı için değerlendirilir.', 'Adım 2: Lisans anahtarı temin edilir veya mevcut lisans havuzundan atama yapılır.', 'Adım 3: Kurulum IT ekibi tarafından uzaktan veya yerinde gerçekleştirilir.'], 'self_service_uygun_mu': False}","['yazilim_adi', 'kullanici_adi', 'onay_bilgisi']",Hangi yazılımın lisansına/kurulumuna ihtiyacınız var ve bu talep yöneticiniz tarafından onaylandı mı?
T-4474,"Lütfen acil Lojistik için dosya, zımba teli ve post-it talep ediyoruz.",Hizmet Talebi (Service Request),İdari İşler,Satınalma/Malzeme,Kırtasiye Malzeme Talebi,Orta,"{'cozum_basligi': 'Kırtasiye malzeme temini', 'adimlar': ['Adım 1: Talep departman yöneticisi onayına iletilir.', 'Adım 2: Depo stoğundan malzemeler hazırlanır.', 'Adım 3: Malzemeler belirtilen teslimat lokasyonuna gönderilir.'], 'self_service_uygun_mu': False}","['malzeme_listesi_miktar', 'departman', 'teslimat_lokasyonu']","Hangi malzemelerden ne miktarda ihtiyacınız var, liste hâlinde belirtebilir misiniz?"
T-4475,"Acilen Nazlı Kurt - süt iznim için işe geç başlamak istiyorum, uygun mudur?",Hizmet Talebi (Service Request),İnsan Kaynakları,İzin Yönetimi,Süt İzni Talebi,Yüksek,"{'cozum_basligi': 'Süt izni düzenleme süreci', 'adimlar': ['Adım 1: Doğum tarihi teyit edilerek yasal süt izni hakkı (ilk 6 ay günde 1,5 saat) hesaplanır.', 'Adım 2: Çalışma saatlerine nasıl entegre edileceği (sabah/akşam/tek seferde) belirlenir.', 'Adım 3: Yönetici bilgilendirilir ve süt izni takvime/çalışma planına işlenir.'], 'self_service_uygun_mu': False}","['ad_soyad', 'dogum_tarihi', 'tercih_edilen_saat']","Süt izninizi günün hangi saatinde kullanmak istersiniz, sabah mı akşam mı?"
T-4476,Lütfen acil ERP modülünde stok sorgusu yaparken 'erişim reddedildi' hatası çıkıyor. Teşekkür ederim şimdiden.,Arıza (Incident),Bilgi Teknolojileri,Sunucu/Sistem,Veritabanı Erişim Hatası,Orta,"{'cozum_basligi': 'Veritabanı erişim hatası çözümü', 'adimlar': ['Adım 1: Kullanıcının veritabanı bağlantı ayarları ve yetkileri kontrol edilir.', 'Adım 2: Veritabanı servisinin çalışır durumda olup olmadığı sistem ekibince doğrulanır.', 'Adım 3: Yetki/bağlantı sorunu devam ediyorsa veritabanı yöneticisine (DBA) ticket yönlendirilir.'], 'self_service_uygun_mu': False}","['uygulama_adi', 'hata_kodu', 'erisim_zamani']",Hangi uygulama/veritabanına erişmeye çalışıyorsunuz ve tam hata mesajı nedir?
T-4477,"Rica etsem acil Kart limiti artirimi istiyorum proje harcamalari icin yetersiz kaliyor İşlerim çok aksıyor, acil çözüm bekliyorum.",Hizmet Talebi (Service Request),Finans,Masraf & Ödeme,Kurumsal Kredi Kartı Limit Artırımı,Orta,"{'cozum_basligi': 'Kurumsal kredi kartı limit artırım süreci', 'adimlar': ['Adım 1: Mevcut limit, kullanım geçmişi ve talep gerekçesi kaydedilir.', 'Adım 2: Yönetici ve finans müdürü onayına gönderilir.', 'Adım 3: Onay sonrası banka ile limit artırım talebi iletilir ve süreç takip edilir.'], 'self_service_uygun_mu': False}","['ad_soyad', 'mevcut_limit', 'talep_edilen_limit', 'gerekce']","Mevcut kart limitiniz nedir ve ne kadar artış talep ediyorsunuz, gerekçeniz nedir?"
T-4478,"Çok acil, BES kesintimi durdurmak istiyorum, nasıl bir süreç izlemem gerekiiyor? Bu konuda epeydir mağdurum, lütfen hızlı dönüş yapar mısınız?",Hizmet Talebi (Service Request),İnsan Kaynakları,Bordro & Özlük,BES (Bireysel Emeklilik) Kesintisi Talebi,Düşük,"{'cozum_basligi': 'BES kesinti oranı/katılım işlemi düzenleme', 'adimlar': ['Adım 1: Çalışanın mevcut BES katılım durumu ve kesinti oranı sistemden kontrol edilir.', 'Adım 2: Talep edilen değişiklik (katılım, çıkış, oran güncelleme) BES şirketine iletilir.', 'Adım 3: Onay sonrası bordro kesinti kalemi güncellenir ve çalışana bilgi verilir.'], 'self_service_uygun_mu': False}","['ad_soyad', 'talep_turu', 'yeni_kesinti_orani']",BES'ten çıkmak mı istiyorsunuz yoksa kesinti oranınızı mı değiştirmek istiyorsunuz?
T-4479,"Rica etsem acil Kulaklığımın mikrofonu çalışmıyor, toplantılarda beni duyamıyorlar.",Arıza (Incident),Bilgi Teknolojileri,Donanım,Monitör/Çevre Birimi Arızası,Orta,"{'cozum_basligi': 'Monitör/çevre birimi arıza tespiti', 'adimlar': ['Adım 1: Kablo bağlantıları (HDMI/VGA/güç) ve monitör güç düğmesi kontrol edilir.', 'Adım 2: Farklı bir kablo veya port ile test yapılır.', 'Adım 3: Arıza devam ediyorsa cihaz değişimi için IT saha ekibine ticket açılır.'], 'self_service_uygun_mu': True}","['cihaz_turu', 'ofis_lokasyon', 'seri_no']","Sorun hangi çevre biriminde: monitör, klavye, mouse yoksa yazıcı mı?"
T-4480,"Acilen Elektrikli yukseklik ayarli masam artik yukari kalkmiyor, dugmeye basinca ses geliyor ama harekte etmiyor. Teşekkür ederim şimdiden.",Arıza (Incident),İdari İşler,Bina/Tesis Bakım,Ofis Mobilya Arızası (Ergonomik Masa/Koltuk),Orta,"{'cozum_basligi': 'Ergonomik mobilya arıza/bakım süreci', 'adimlar': ['Adım 1: Arızanın türü (mekanizma, yükseklik ayarı, tekerlek vb.) tespit edilir.', 'Adım 2: Bina bakım ekibi basit onarımı yerinde dener.', 'Adım 3: Onarılamıyorsa parça değişimi veya mobilya değişimi için satınalma sürecine yönlendirilir.'], 'self_service_uygun_mu': False}","['mobilya_turu', 'ofis_lokasyon', 'ariza_tanimi']","Koltuğunuzda mı yoksa masanızda mı sorun var, tam olarak ne arızalandı?"
T-4481,"Rica etsem acil Kadıköy ofis kapısının kilidi bozuk, tam kapanmıyor.",Arıza (Incident),İdari İşler,Bina/Tesis Bakım,Bina İçi Teknik Bakım Talebi,Orta,"{'cozum_basligi': 'Genel bina içi teknik bakım süreci', 'adimlar': ['Adım 1: Talep bina teknik bakım ekibine iletilir ve önceliklendirilir.', 'Adım 2: Uygun teknisyen belirlenen lokasyona yönlendirilir.', 'Adım 3: Bakım/onarım tamamlandıktan sonra talep sahibine bilgi verilir.'], 'self_service_uygun_mu': False}","['ofis_lokasyon', 'sorun_tanimi', 'uygun_zaman_araligi']","Sorun tam olarak nedir ve hangi alanda (kapı, su tesisatı, asansör vb.) yaşanıyor?"
T-4482,Yakinimi kaybettim izin kullanmam lazim bugunden itibaren,Hizmet Talebi (Service Request),İnsan Kaynakları,İzin Yönetimi,Vefat/Mazeret İzni Talebi,Orta,"{'cozum_basligi': 'Vefat/mazeret izni tanımlama süreci', 'adimlar': ['Adım 1: Yakınlık derecesi ve vefat tarihi bilgisi alınır (mümkünse belge sonradan tamamlanabilir).', 'Adım 2: Yasal mazeret izni (1. derece yakın için 3 gün) sisteme derhal tanımlanır.', 'Adım 3: Yönetici bilgilendirilir, çalışanın dönüş tarihi takip edilir.'], 'self_service_uygun_mu': False}","['ad_soyad', 'yakinlik_derecesi', 'izin_baslangic_tarihi']","Başsağlığı dileriz, yakınlık dereceniz nedir ve izninizin ne zaman başlamasını istersiniz?"
T-4483,"Çok acil, Masraf formumu doldurdum ama sistemde hala taslak görünüyor, gönderemedim. İşlerim çok aksıyor, acil çözüm bekliyorum.",Arıza (Incident),Finans,Masraf & Ödeme,Masraf/Harcama Formu Onayı,Yüksek,"{'cozum_basligi': 'Masraf/harcama formu onay süreci takibi', 'adimlar': ['Adım 1: Formun onay akışındaki mevcut adımı (yönetici/finans) sistemden kontrol edilir.', 'Adım 2: Bekleyen onaycıya hatırlatma bildirimi gönderilir.', 'Adım 3: Onay gecikmesi devam ederse finans ekibi manuel müdahale için ticket açar.'], 'self_service_uygun_mu': True}","['ad_soyad', 'harcama_tarihi', 'tutar']",Formun numarasını veya harcama tutarını paylaşabilir misiniz?
T-4484,"Müşterimiz kendi aracıyla gelecek 17 Ağustos, otoparka giriş izni rica ederim.",Hizmet Talebi (Service Request),İdari İşler,Güvenlik & Ulaşım,Misafir Otopark İzni,Orta,"{'cozum_basligi': 'Misafir otopark giriş izni tanımlama', 'adimlar': ['Adım 1: Misafirin plaka bilgisi ve ziyaret tarihi/saati alınır.', 'Adım 2: Güvenlik birimine otopark giriş izni tanımlanır.', 'Adım 3: Misafir giriş yaptığında güvenlik plaka üzerinden yönlendirme yapar.'], 'self_service_uygun_mu': False}","['misafir_ad_soyad', 'plaka_no', 'ziyaret_tarihi_saati']",Misafirinizin plaka bilgisi ve ziyaret saati nedir?
T-4485,Sifre sifirlama lazim Tolga Özdemir,Arıza (Incident),Bilgi Teknolojileri,Güvenlik ve Erişim,Şifre Sıfırlama,Yüksek,"{'cozum_basligi': 'Şifre sıfırlama işlemi', 'adimlar': ['Adım 1: Kimlik doğrulama (çalışan sicil no / kayıtlı e-posta) yapılır.', 'Adım 2: Self servis şifre sıfırlama portalı üzerinden geçici şifre oluşturulur.', 'Adım 3: Portal üzerinden çözülemiyorsa IT güvenlik ekibi manuel sıfırlama için ticket açar.'], 'self_service_uygun_mu': True}","['kullanici_adi', 'sicil_no', 'sistem_adi']",Şifrenizi mi unuttunuz yoksa hesabınız mı kilitlendi?
T-4486,Pazarlama departmanına 3 adet yeni bilgisayar kurulumu yapılması gerekiyor 5 Nisan itibariyle.,Hizmet Talebi (Service Request),Bilgi Teknolojileri,Donanım,Yeni Ekipman Kurulumu,Yüksek,"{'cozum_basligi': 'Yeni donanım ekipmanı kurulum süreci', 'adimlar': ['Adım 1: Talep, envanter ve bütçe onayı için yöneticiye/IT sorumlusuna iletilir.', 'Adım 2: Uygun ekipman depo stoğundan veya satın alma sürecinden temin edilir.', 'Adım 3: Kurulum IT saha ekibi tarafından belirlenen tarihte yerinde gerçekleştirilir.'], 'self_service_uygun_mu': False}","['ekipman_turu', 'kullanici_adi', 'ofis_lokasyon', 'talep_tarihi']",Yeni işe başlayan biri için mi yoksa mevcut ekipmanın değişimi için mi bu talep?
T-4487,"Selin Catering Hizmetleri firmasından gelmesi gereken paket 3 gündür ulaşmadı, takip eder misiniz?",Bilgi Talebi (Information),İdari İşler,Satınalma/Malzeme,Kargo/Kurye Teslimat Takibi,Düşük,"{'cozum_basligi': 'Kargo/kurye teslimat takibi', 'adimlar': ['Adım 1: Kargo takip numarası ve gönderici bilgisi ile kargo firması sistemi kontrol edilir.', 'Adım 2: Resepsiyon/depo teslim kaydı kontrol edilerek paketin durumu netleştirilir.', 'Adım 3: Paket bulunamıyorsa kargo firmasına resmi kayıp/gecikme bildirimi açılır.'], 'self_service_uygun_mu': True}","['gonderici_bilgisi', 'teslimat_lokasyonu']",Kargonuzun takip numarası var mı ve hangi firmadan gönderildi?
T-4488,Acilen Koltugum yukseklik ayari bozulud surekli asagi iniyor Teşekkür ederim şimdiden.,Hizmet Talebi (Service Request),İdari İşler,Bina/Tesis Bakım,Ofis Mobilya Arızası (Ergonomik Masa/Koltuk),Orta,"{'cozum_basligi': 'Ergonomik mobilya arıza/bakım süreci', 'adimlar': ['Adım 1: Arızanın türü (mekanizma, yükseklik ayarı, tekerlek vb.) tespit edilir.', 'Adım 2: Bina bakım ekibi basit onarımı yerinde dener.', 'Adım 3: Onarılamıyorsa parça değişimi veya mobilya değişimi için satınalma sürecine yönlendirilir.'], 'self_service_uygun_mu': False}","['mobilya_turu', 'ofis_lokasyon', 'ariza_tanimi']","Koltuğunuzda mı yoksa masanızda mı sorun var, tam olarak ne arızalandı?"
T-4489,"3. kat toplantı odası içindeki hoparlör ses vermiyor, katılımcılar bizi duyamıyor.",Hizmet Talebi (Service Request),İdari İşler,Ofis Ekipmanı,Toplantı Odası Ekipman Arızası (ClickShare/Projeksiyon),Düşük,"{'cozum_basligi': 'Toplantı odası ekran/görüntü aktarım arızası giderme', 'adimlar': ['Adım 1: ClickShare/HDMI kablosu ve cihazın güç bağlantısı kontrol edilir.', 'Adım 2: Ekran/projeksiyon cihazı yeniden başlatılır, giriş kaynağı kontrol edilir.', 'Adım 3: Sorun devam ederse toplantı öncesi acil teknik destek için ticket açılır.'], 'self_service_uygun_mu': True}","['oda_adi', 'ekipman_turu', 'toplanti_saati']",Hangi toplantı odasından bahsediyorsunuz ve toplantınız ne zaman başlıyor?
T-4490,"Lütfen acil Aylin Çelik - proje için 5.000 TL avansa ihtiyacım var, acil onay rica ederim. İşlerim çok aksıyor, acil çözüm bekliyorum.",Hizmet Talebi (Service Request),Finans,Masraf & Ödeme,Avans Talebi,Orta,"{'cozum_basligi': 'Avans talebi işleme süreci', 'adimlar': ['Adım 1: Avans talebi tutarı ve gerekçesi (seyahat/proje) kaydedilir.', 'Adım 2: Yönetici ve finans onayına gönderilir.', 'Adım 3: Onay sonrası avans, belirtilen banka hesabına aktarılır.'], 'self_service_uygun_mu': False}","['ad_soyad', 'tutar', 'gerekce', 'seyahat_tarihi']",Avans hangi seyahat/proje için ve ne kadar tutar için gerekiyor?
T-4491,"Otel faturamı kaybettim, otel tekrar gönderebilir mi yoksa beyan mı yapmam lazım?",Hizmet Talebi (Service Request),Finans,Masraf & Ödeme,Harcama Fişi Kayıp Beyanı,Yüksek,"{'cozum_basligi': 'Kayıp harcama fişi beyan ve alternatif belge süreci', 'adimlar': ['Adım 1: Kayıp fiş beyan formu doldurulur, harcama tutarı ve tarihi beyan edilir.', 'Adım 2: Mümkünse kredi kartı ekstresi/dekont gibi alternatif kanıt belgesi talep edilir.', 'Adım 3: Finans ekibi beyanı değerlendirip onaylarsa masraf formu istisnai olarak işleme alınır.'], 'self_service_uygun_mu': False}","['ad_soyad', 'harcama_tutari', 'harcama_tarihi', 'kayip_beyani_gerekcesi']",Fişi kaybettiğinize göre elinizde kredi kartı ekstresi gibi tutarı doğrulayacak başka bir belge var mı?
T-4492,"Lütfen acil Teams açılırken hata veriyor, sürekli çöküyor. Hem de Bir de mail eklerini indiremiyorum aynı anda İşlerim çok aksıyor, acil çözüm bekliyorum.",Arıza (Incident),Bilgi Teknolojileri,Yazılım,Uygulama Hatası (Outlook/Teams/Excel vb.),Orta,"{'cozum_basligi': 'Uygulama hatası giderme', 'adimlar': ['Adım 1: Uygulama tamamen kapatılıp yeniden açılır, gerekirse bilgisayar yeniden başlatılır.', 'Adım 2: Uygulama güncellemesi kontrol edilir ve önbellek/geçici dosyalar temizlenir.', 'Adım 3: Hata devam ederse ekran görüntüsüyle birlikte yazılım destek ekibine ticket açılır.'], 'self_service_uygun_mu': True}","['uygulama_adi', 'hata_mesaji', 'kullanici_adi']",Uygulama hiç açılmıyor mu yoksa belirli bir işlem sırasında mı hata veriyor?
T-4493,Veritabani baglantisi kopuyor rapor alamiyorum surekli hata,Arıza (Incident),Bilgi Teknolojileri,Sunucu/Sistem,Veritabanı Erişim Hatası,Yüksek,"{'cozum_basligi': 'Veritabanı erişim hatası çözümü', 'adimlar': ['Adım 1: Kullanıcının veritabanı bağlantı ayarları ve yetkileri kontrol edilir.', 'Adım 2: Veritabanı servisinin çalışır durumda olup olmadığı sistem ekibince doğrulanır.', 'Adım 3: Yetki/bağlantı sorunu devam ediyorsa veritabanı yöneticisine (DBA) ticket yönlendirilir.'], 'self_service_uygun_mu': False}","['uygulama_adi', 'hata_kodu', 'erisim_zamani']",Hangi uygulama/veritabanına erişmeye çalışıyorsunuz ve tam hata mesajı nedir?
T-4494,"5. kat açık ofis'daki elektrik panosundan ses geliyor, biraz endişe verici.",Arıza (Incident),İdari İşler,Bina/Tesis Bakım,Elektrik/Aydınlatma Arızası,Yüksek,"{'cozum_basligi': 'Elektrik/aydınlatma arıza giderme', 'adimlar': ['Adım 1: Sigorta atmış mı, ampul/armatür arızalı mı kontrol edilir.', 'Adım 2: Bina teknik ekibi lokasyona yönlendirilir.', 'Adım 3: Kalıcı çözüm için gerekiyorsa dış elektrik servisi çağrılır.'], 'self_service_uygun_mu': False}","['ofis_lokasyon', 'ariza_tanimi', 'aciliyet_durumu']",Sorun tüm katta mı yoksa belirli bir bölgede/masada mı yaşanıyor?
T-4495,"Fatih Özdemir - giriş kartımı bulamıyorum, evi de aradım yok.",Arıza (Incident),İdari İşler,Güvenlik & Ulaşım,Kayıp Giriş Kartı,Düşük,"{'cozum_basligi': 'Kayıp giriş kartı iptal ve yeniden basım süreci', 'adimlar': ['Adım 1: Kayıp kart derhal sistem üzerinden iptal edilir, güvenlik riski önlenir.', 'Adım 2: Kimlik doğrulaması sonrası yeni kart basım talebi oluşturulur.', 'Adım 3: Yeni kart resepsiyon/güvenlik biriminden teslim alınır.'], 'self_service_uygun_mu': False}","['ad_soyad', 'sicil_no', 'kayip_tarihi']","Kartınızı en son ne zaman ve nerede kullandığınızı hatırlıyor musunuz, kaybolduğunu mu düşünüyorsunuz?"
T-4496,"15 Mart tarihinde evleniyorum, 3 günlük evlilik iznimi kullanmak istiyorum.",Hizmet Talebi (Service Request),İnsan Kaynakları,İzin Yönetimi,Evlilik İzni Talebi,Düşük,"{'cozum_basligi': 'Evlilik izni tanımlama süreci', 'adimlar': ['Adım 1: Evlilik tarihi ve evlilik cüzdanı bilgisi talep edilir.', 'Adım 2: İş kanunu kapsamındaki 3 günlük evlilik izni sisteme tanımlanır.', 'Adım 3: Yönetici onayı sonrası izin takvime işlenir.'], 'self_service_uygun_mu': False}","['ad_soyad', 'evlilik_tarihi', 'izin_baslangic_tarihi']",Evlilik tarihiniz nedir ve izninizi ne zaman kullanmak istiyorsunuz?
T-4497,"Kaan Demir - taksi fişim rüzgarla uçtu, kayıp beyan formunu doldurmam yeterli mi?",Hizmet Talebi (Service Request),Finans,Masraf & Ödeme,Harcama Fişi Kayıp Beyanı,Orta,"{'cozum_basligi': 'Kayıp harcama fişi beyan ve alternatif belge süreci', 'adimlar': ['Adım 1: Kayıp fiş beyan formu doldurulur, harcama tutarı ve tarihi beyan edilir.', 'Adım 2: Mümkünse kredi kartı ekstresi/dekont gibi alternatif kanıt belgesi talep edilir.', 'Adım 3: Finans ekibi beyanı değerlendirip onaylarsa masraf formu istisnai olarak işleme alınır.'], 'self_service_uygun_mu': False}","['ad_soyad', 'harcama_tutari', 'harcama_tarihi', 'kayip_beyani_gerekcesi']",Fişi kaybettiğinize göre elinizde kredi kartı ekstresi gibi tutarı doğrulayacak başka bir belge var mı?
T-4498,Prizler calismiyor Ankara ofisi bilgisayarim sarj olmuyor,Arıza (Incident),İdari İşler,Bina/Tesis Bakım,Elektrik/Aydınlatma Arızası,Yüksek,"{'cozum_basligi': 'Elektrik/aydınlatma arıza giderme', 'adimlar': ['Adım 1: Sigorta atmış mı, ampul/armatür arızalı mı kontrol edilir.', 'Adım 2: Bina teknik ekibi lokasyona yönlendirilir.', 'Adım 3: Kalıcı çözüm için gerekiyorsa dış elektrik servisi çağrılır.'], 'self_service_uygun_mu': False}","['ofis_lokasyon', 'ariza_tanimi', 'aciliyet_durumu']",Sorun tüm katta mı yoksa belirli bir bölgede/masada mı yaşanıyor?
T-4499,"Çok acil, Fatma Aktaş - eşimin dedesi vefat etti, 1 günlük mazeret izni kullanabilir miyim?",Hizmet Talebi (Service Request),İnsan Kaynakları,İzin Yönetimi,Vefat/Mazeret İzni Talebi,Yüksek,"{'cozum_basligi': 'Vefat/mazeret izni tanımlama süreci', 'adimlar': ['Adım 1: Yakınlık derecesi ve vefat tarihi bilgisi alınır (mümkünse belge sonradan tamamlanabilir).', 'Adım 2: Yasal mazeret izni (1. derece yakın için 3 gün) sisteme derhal tanımlanır.', 'Adım 3: Yönetici bilgilendirilir, çalışanın dönüş tarihi takip edilir.'], 'self_service_uygun_mu': False}","['ad_soyad', 'yakinlik_derecesi', 'izin_baslangic_tarihi']","Başsağlığı dileriz, yakınlık dereceniz nedir ve izninizin ne zaman başlamasını istersiniz?"
T-4500,"Excel dosyam kaydedilirken donuyor, dakikalarca bekliyorum. Ne zaman çözülür acaba?",Arıza (Incident),Bilgi Teknolojileri,Yazılım,Uygulama Hatası (Outlook/Teams/Excel vb.),Yüksek,"{'cozum_basligi': 'Uygulama hatası giderme', 'adimlar': ['Adım 1: Uygulama tamamen kapatılıp yeniden açılır, gerekirse bilgisayar yeniden başlatılır.', 'Adım 2: Uygulama güncellemesi kontrol edilir ve önbellek/geçici dosyalar temizlenir.', 'Adım 3: Hata devam ederse ekran görüntüsüyle birlikte yazılım destek ekibine ticket açılır.'], 'self_service_uygun_mu': True}","['uygulama_adi', 'hata_mesaji', 'kullanici_adi']","Hangi uygulamada ve tam olarak ne zaman bu hatayı alıyorsunuz, ekran görüntüsü paylaşabilir misiniz?"
